data,codigo,indicador,valor,unidade,periodicidade
2019-01-01,432,Meta Selic,6.5,% a.a.,diária
2019-01-02,432,Meta Selic,6.5,% a.a.,diária
2019-01-03,432,Meta Selic,6.5,% a.a.,diária
2019-01-04,432,Meta Selic,6.5,% a.a.,diária
2019-01-05,432,Meta Selic,6.5,% a.a.,diária
2019-01-06,432,Meta Selic,6.5,% a.a.,diária
2019-01-07,432,Meta Selic,6.5,% a.a.,diária
2019-01-08,432,Meta Selic,6.5,% a.a.,diária
2019-01-09,432,Meta Selic,6.5,% a.a.,diária
2019-01-10,432,Meta Selic,6.5,% a.a.,diária
2019-01-11,432,Meta Selic,6.5,% a.a.,diária
2019-01-12,432,Meta Selic,6.5,% a.a.,diária
2019-01-13,432,Meta Selic,6.5,% a.a.,diária
2019-01-14,432,Meta Selic,6.5,% a.a.,diária
2019-01-15,432,Meta Selic,6.5,% a.a.,diária
2019-01-16,432,Meta Selic,6.5,% a.a.,diária
2019-01-17,432,Meta Selic,6.5,% a.a.,diária
2019-01-18,432,Meta Selic,6.5,% a.a.,diária
2019-01-19,432,Meta Selic,6.5,% a.a.,diária
2019-01-20,432,Meta Selic,6.5,% a.a.,diária
2019-01-21,432,Meta Selic,6.5,% a.a.,diária
2019-01-22,432,Meta Selic,6.5,% a.a.,diária
2019-01-23,432,Meta Selic,6.5,% a.a.,diária
2019-01-24,432,Meta Selic,6.5,% a.a.,diária
2019-01-25,432,Meta Selic,6.5,% a.a.,diária
2019-01-26,432,Meta Selic,6.5,% a.a.,diária
2019-01-27,432,Meta Selic,6.5,% a.a.,diária
2019-01-28,432,Meta Selic,6.5,% a.a.,diária
2019-01-29,432,Meta Selic,6.5,% a.a.,diária
2019-01-30,432,Meta Selic,6.5,% a.a.,diária
2019-01-31,432,Meta Selic,6.5,% a.a.,diária
2019-02-01,432,Meta Selic,6.5,% a.a.,diária
2019-02-02,432,Meta Selic,6.5,% a.a.,diária
2019-02-03,432,Meta Selic,6.5,% a.a.,diária
2019-02-04,432,Meta Selic,6.5,% a.a.,diária
2019-02-05,432,Meta Selic,6.5,% a.a.,diária
2019-02-06,432,Meta Selic,6.5,% a.a.,diária
2019-02-07,432,Meta Selic,6.5,% a.a.,diária
2019-02-08,432,Meta Selic,6.5,% a.a.,diária
2019-02-09,432,Meta Selic,6.5,% a.a.,diária
2019-02-10,432,Meta Selic,6.5,% a.a.,diária
2019-02-11,432,Meta Selic,6.5,% a.a.,diária
2019-02-12,432,Meta Selic,6.5,% a.a.,diária
2019-02-13,432,Meta Selic,6.5,% a.a.,diária
2019-02-14,432,Meta Selic,6.5,% a.a.,diária
2019-02-15,432,Meta Selic,6.5,% a.a.,diária
2019-02-16,432,Meta Selic,6.5,% a.a.,diária
2019-02-17,432,Meta Selic,6.5,% a.a.,diária
2019-02-18,432,Meta Selic,6.5,% a.a.,diária
2019-02-19,432,Meta Selic,6.5,% a.a.,diária
2019-02-20,432,Meta Selic,6.5,% a.a.,diária
2019-02-21,432,Meta Selic,6.5,% a.a.,diária
2019-02-22,432,Meta Selic,6.5,% a.a.,diária
2019-02-23,432,Meta Selic,6.5,% a.a.,diária
2019-02-24,432,Meta Selic,6.5,% a.a.,diária
2019-02-25,432,Meta Selic,6.5,% a.a.,diária
2019-02-26,432,Meta Selic,6.5,% a.a.,diária
2019-02-27,432,Meta Selic,6.5,% a.a.,diária
2019-02-28,432,Meta Selic,6.5,% a.a.,diária
2019-03-01,432,Meta Selic,6.5,% a.a.,diária
2019-03-02,432,Meta Selic,6.5,% a.a.,diária
2019-03-03,432,Meta Selic,6.5,% a.a.,diária
2019-03-04,432,Meta Selic,6.5,% a.a.,diária
2019-03-05,432,Meta Selic,6.5,% a.a.,diária
2019-03-06,432,Meta Selic,6.5,% a.a.,diária
2019-03-07,432,Meta Selic,6.5,% a.a.,diária
2019-03-08,432,Meta Selic,6.5,% a.a.,diária
2019-03-09,432,Meta Selic,6.5,% a.a.,diária
2019-03-10,432,Meta Selic,6.5,% a.a.,diária
2019-03-11,432,Meta Selic,6.5,% a.a.,diária
2019-03-12,432,Meta Selic,6.5,% a.a.,diária
2019-03-13,432,Meta Selic,6.5,% a.a.,diária
2019-03-14,432,Meta Selic,6.5,% a.a.,diária
2019-03-15,432,Meta Selic,6.5,% a.a.,diária
2019-03-16,432,Meta Selic,6.5,% a.a.,diária
2019-03-17,432,Meta Selic,6.5,% a.a.,diária
2019-03-18,432,Meta Selic,6.5,% a.a.,diária
2019-03-19,432,Meta Selic,6.5,% a.a.,diária
2019-03-20,432,Meta Selic,6.5,% a.a.,diária
2019-03-21,432,Meta Selic,6.5,% a.a.,diária
2019-03-22,432,Meta Selic,6.5,% a.a.,diária
2019-03-23,432,Meta Selic,6.5,% a.a.,diária
2019-03-24,432,Meta Selic,6.5,% a.a.,diária
2019-03-25,432,Meta Selic,6.5,% a.a.,diária
2019-03-26,432,Meta Selic,6.5,% a.a.,diária
2019-03-27,432,Meta Selic,6.5,% a.a.,diária
2019-03-28,432,Meta Selic,6.5,% a.a.,diária
2019-03-29,432,Meta Selic,6.5,% a.a.,diária
2019-03-30,432,Meta Selic,6.5,% a.a.,diária
2019-03-31,432,Meta Selic,6.5,% a.a.,diária
2019-04-01,432,Meta Selic,6.5,% a.a.,diária
2019-04-02,432,Meta Selic,6.5,% a.a.,diária
2019-04-03,432,Meta Selic,6.5,% a.a.,diária
2019-04-04,432,Meta Selic,6.5,% a.a.,diária
2019-04-05,432,Meta Selic,6.5,% a.a.,diária
2019-04-06,432,Meta Selic,6.5,% a.a.,diária
2019-04-07,432,Meta Selic,6.5,% a.a.,diária
2019-04-08,432,Meta Selic,6.5,% a.a.,diária
2019-04-09,432,Meta Selic,6.5,% a.a.,diária
2019-04-10,432,Meta Selic,6.5,% a.a.,diária
2019-04-11,432,Meta Selic,6.5,% a.a.,diária
2019-04-12,432,Meta Selic,6.5,% a.a.,diária
2019-04-13,432,Meta Selic,6.5,% a.a.,diária
2019-04-14,432,Meta Selic,6.5,% a.a.,diária
2019-04-15,432,Meta Selic,6.5,% a.a.,diária
2019-04-16,432,Meta Selic,6.5,% a.a.,diária
2019-04-17,432,Meta Selic,6.5,% a.a.,diária
2019-04-18,432,Meta Selic,6.5,% a.a.,diária
2019-04-19,432,Meta Selic,6.5,% a.a.,diária
2019-04-20,432,Meta Selic,6.5,% a.a.,diária
2019-04-21,432,Meta Selic,6.5,% a.a.,diária
2019-04-22,432,Meta Selic,6.5,% a.a.,diária
2019-04-23,432,Meta Selic,6.5,% a.a.,diária
2019-04-24,432,Meta Selic,6.5,% a.a.,diária
2019-04-25,432,Meta Selic,6.5,% a.a.,diária
2019-04-26,432,Meta Selic,6.5,% a.a.,diária
2019-04-27,432,Meta Selic,6.5,% a.a.,diária
2019-04-28,432,Meta Selic,6.5,% a.a.,diária
2019-04-29,432,Meta Selic,6.5,% a.a.,diária
2019-04-30,432,Meta Selic,6.5,% a.a.,diária
2019-05-01,432,Meta Selic,6.5,% a.a.,diária
2019-05-02,432,Meta Selic,6.5,% a.a.,diária
2019-05-03,432,Meta Selic,6.5,% a.a.,diária
2019-05-04,432,Meta Selic,6.5,% a.a.,diária
2019-05-05,432,Meta Selic,6.5,% a.a.,diária
2019-05-06,432,Meta Selic,6.5,% a.a.,diária
2019-05-07,432,Meta Selic,6.5,% a.a.,diária
2019-05-08,432,Meta Selic,6.5,% a.a.,diária
2019-05-09,432,Meta Selic,6.5,% a.a.,diária
2019-05-10,432,Meta Selic,6.5,% a.a.,diária
2019-05-11,432,Meta Selic,6.5,% a.a.,diária
2019-05-12,432,Meta Selic,6.5,% a.a.,diária
2019-05-13,432,Meta Selic,6.5,% a.a.,diária
2019-05-14,432,Meta Selic,6.5,% a.a.,diária
2019-05-15,432,Meta Selic,6.5,% a.a.,diária
2019-05-16,432,Meta Selic,6.5,% a.a.,diária
2019-05-17,432,Meta Selic,6.5,% a.a.,diária
2019-05-18,432,Meta Selic,6.5,% a.a.,diária
2019-05-19,432,Meta Selic,6.5,% a.a.,diária
2019-05-20,432,Meta Selic,6.5,% a.a.,diária
2019-05-21,432,Meta Selic,6.5,% a.a.,diária
2019-05-22,432,Meta Selic,6.5,% a.a.,diária
2019-05-23,432,Meta Selic,6.5,% a.a.,diária
2019-05-24,432,Meta Selic,6.5,% a.a.,diária
2019-05-25,432,Meta Selic,6.5,% a.a.,diária
2019-05-26,432,Meta Selic,6.5,% a.a.,diária
2019-05-27,432,Meta Selic,6.5,% a.a.,diária
2019-05-28,432,Meta Selic,6.5,% a.a.,diária
2019-05-29,432,Meta Selic,6.5,% a.a.,diária
2019-05-30,432,Meta Selic,6.5,% a.a.,diária
2019-05-31,432,Meta Selic,6.5,% a.a.,diária
2019-06-01,432,Meta Selic,6.5,% a.a.,diária
2019-06-02,432,Meta Selic,6.5,% a.a.,diária
2019-06-03,432,Meta Selic,6.5,% a.a.,diária
2019-06-04,432,Meta Selic,6.5,% a.a.,diária
2019-06-05,432,Meta Selic,6.5,% a.a.,diária
2019-06-06,432,Meta Selic,6.5,% a.a.,diária
2019-06-07,432,Meta Selic,6.5,% a.a.,diária
2019-06-08,432,Meta Selic,6.5,% a.a.,diária
2019-06-09,432,Meta Selic,6.5,% a.a.,diária
2019-06-10,432,Meta Selic,6.5,% a.a.,diária
2019-06-11,432,Meta Selic,6.5,% a.a.,diária
2019-06-12,432,Meta Selic,6.5,% a.a.,diária
2019-06-13,432,Meta Selic,6.5,% a.a.,diária
2019-06-14,432,Meta Selic,6.5,% a.a.,diária
2019-06-15,432,Meta Selic,6.5,% a.a.,diária
2019-06-16,432,Meta Selic,6.5,% a.a.,diária
2019-06-17,432,Meta Selic,6.5,% a.a.,diária
2019-06-18,432,Meta Selic,6.5,% a.a.,diária
2019-06-19,432,Meta Selic,6.5,% a.a.,diária
2019-06-20,432,Meta Selic,6.5,% a.a.,diária
2019-06-21,432,Meta Selic,6.5,% a.a.,diária
2019-06-22,432,Meta Selic,6.5,% a.a.,diária
2019-06-23,432,Meta Selic,6.5,% a.a.,diária
2019-06-24,432,Meta Selic,6.5,% a.a.,diária
2019-06-25,432,Meta Selic,6.5,% a.a.,diária
2019-06-26,432,Meta Selic,6.5,% a.a.,diária
2019-06-27,432,Meta Selic,6.5,% a.a.,diária
2019-06-28,432,Meta Selic,6.5,% a.a.,diária
2019-06-29,432,Meta Selic,6.5,% a.a.,diária
2019-06-30,432,Meta Selic,6.5,% a.a.,diária
2019-07-01,432,Meta Selic,6.5,% a.a.,diária
2019-07-02,432,Meta Selic,6.5,% a.a.,diária
2019-07-03,432,Meta Selic,6.5,% a.a.,diária
2019-07-04,432,Meta Selic,6.5,% a.a.,diária
2019-07-05,432,Meta Selic,6.5,% a.a.,diária
2019-07-06,432,Meta Selic,6.5,% a.a.,diária
2019-07-07,432,Meta Selic,6.5,% a.a.,diária
2019-07-08,432,Meta Selic,6.5,% a.a.,diária
2019-07-09,432,Meta Selic,6.5,% a.a.,diária
2019-07-10,432,Meta Selic,6.5,% a.a.,diária
2019-07-11,432,Meta Selic,6.5,% a.a.,diária
2019-07-12,432,Meta Selic,6.5,% a.a.,diária
2019-07-13,432,Meta Selic,6.5,% a.a.,diária
2019-07-14,432,Meta Selic,6.5,% a.a.,diária
2019-07-15,432,Meta Selic,6.5,% a.a.,diária
2019-07-16,432,Meta Selic,6.5,% a.a.,diária
2019-07-17,432,Meta Selic,6.5,% a.a.,diária
2019-07-18,432,Meta Selic,6.5,% a.a.,diária
2019-07-19,432,Meta Selic,6.5,% a.a.,diária
2019-07-20,432,Meta Selic,6.5,% a.a.,diária
2019-07-21,432,Meta Selic,6.5,% a.a.,diária
2019-07-22,432,Meta Selic,6.5,% a.a.,diária
2019-07-23,432,Meta Selic,6.5,% a.a.,diária
2019-07-24,432,Meta Selic,6.5,% a.a.,diária
2019-07-25,432,Meta Selic,6.5,% a.a.,diária
2019-07-26,432,Meta Selic,6.5,% a.a.,diária
2019-07-27,432,Meta Selic,6.5,% a.a.,diária
2019-07-28,432,Meta Selic,6.5,% a.a.,diária
2019-07-29,432,Meta Selic,6.5,% a.a.,diária
2019-07-30,432,Meta Selic,6.5,% a.a.,diária
2019-07-31,432,Meta Selic,6.5,% a.a.,diária
2019-08-01,432,Meta Selic,6.0,% a.a.,diária
2019-08-02,432,Meta Selic,6.0,% a.a.,diária
2019-08-03,432,Meta Selic,6.0,% a.a.,diária
2019-08-04,432,Meta Selic,6.0,% a.a.,diária
2019-08-05,432,Meta Selic,6.0,% a.a.,diária
2019-08-06,432,Meta Selic,6.0,% a.a.,diária
2019-08-07,432,Meta Selic,6.0,% a.a.,diária
2019-08-08,432,Meta Selic,6.0,% a.a.,diária
2019-08-09,432,Meta Selic,6.0,% a.a.,diária
2019-08-10,432,Meta Selic,6.0,% a.a.,diária
2019-08-11,432,Meta Selic,6.0,% a.a.,diária
2019-08-12,432,Meta Selic,6.0,% a.a.,diária
2019-08-13,432,Meta Selic,6.0,% a.a.,diária
2019-08-14,432,Meta Selic,6.0,% a.a.,diária
2019-08-15,432,Meta Selic,6.0,% a.a.,diária
2019-08-16,432,Meta Selic,6.0,% a.a.,diária
2019-08-17,432,Meta Selic,6.0,% a.a.,diária
2019-08-18,432,Meta Selic,6.0,% a.a.,diária
2019-08-19,432,Meta Selic,6.0,% a.a.,diária
2019-08-20,432,Meta Selic,6.0,% a.a.,diária
2019-08-21,432,Meta Selic,6.0,% a.a.,diária
2019-08-22,432,Meta Selic,6.0,% a.a.,diária
2019-08-23,432,Meta Selic,6.0,% a.a.,diária
2019-08-24,432,Meta Selic,6.0,% a.a.,diária
2019-08-25,432,Meta Selic,6.0,% a.a.,diária
2019-08-26,432,Meta Selic,6.0,% a.a.,diária
2019-08-27,432,Meta Selic,6.0,% a.a.,diária
2019-08-28,432,Meta Selic,6.0,% a.a.,diária
2019-08-29,432,Meta Selic,6.0,% a.a.,diária
2019-08-30,432,Meta Selic,6.0,% a.a.,diária
2019-08-31,432,Meta Selic,6.0,% a.a.,diária
2019-09-01,432,Meta Selic,6.0,% a.a.,diária
2019-09-02,432,Meta Selic,6.0,% a.a.,diária
2019-09-03,432,Meta Selic,6.0,% a.a.,diária
2019-09-04,432,Meta Selic,6.0,% a.a.,diária
2019-09-05,432,Meta Selic,6.0,% a.a.,diária
2019-09-06,432,Meta Selic,6.0,% a.a.,diária
2019-09-07,432,Meta Selic,6.0,% a.a.,diária
2019-09-08,432,Meta Selic,6.0,% a.a.,diária
2019-09-09,432,Meta Selic,6.0,% a.a.,diária
2019-09-10,432,Meta Selic,6.0,% a.a.,diária
2019-09-11,432,Meta Selic,6.0,% a.a.,diária
2019-09-12,432,Meta Selic,6.0,% a.a.,diária
2019-09-13,432,Meta Selic,6.0,% a.a.,diária
2019-09-14,432,Meta Selic,6.0,% a.a.,diária
2019-09-15,432,Meta Selic,6.0,% a.a.,diária
2019-09-16,432,Meta Selic,6.0,% a.a.,diária
2019-09-17,432,Meta Selic,6.0,% a.a.,diária
2019-09-18,432,Meta Selic,6.0,% a.a.,diária
2019-09-19,432,Meta Selic,5.5,% a.a.,diária
2019-09-20,432,Meta Selic,5.5,% a.a.,diária
2019-09-21,432,Meta Selic,5.5,% a.a.,diária
2019-09-22,432,Meta Selic,5.5,% a.a.,diária
2019-09-23,432,Meta Selic,5.5,% a.a.,diária
2019-09-24,432,Meta Selic,5.5,% a.a.,diária
2019-09-25,432,Meta Selic,5.5,% a.a.,diária
2019-09-26,432,Meta Selic,5.5,% a.a.,diária
2019-09-27,432,Meta Selic,5.5,% a.a.,diária
2019-09-28,432,Meta Selic,5.5,% a.a.,diária
2019-09-29,432,Meta Selic,5.5,% a.a.,diária
2019-09-30,432,Meta Selic,5.5,% a.a.,diária
2019-10-01,432,Meta Selic,5.5,% a.a.,diária
2019-10-02,432,Meta Selic,5.5,% a.a.,diária
2019-10-03,432,Meta Selic,5.5,% a.a.,diária
2019-10-04,432,Meta Selic,5.5,% a.a.,diária
2019-10-05,432,Meta Selic,5.5,% a.a.,diária
2019-10-06,432,Meta Selic,5.5,% a.a.,diária
2019-10-07,432,Meta Selic,5.5,% a.a.,diária
2019-10-08,432,Meta Selic,5.5,% a.a.,diária
2019-10-09,432,Meta Selic,5.5,% a.a.,diária
2019-10-10,432,Meta Selic,5.5,% a.a.,diária
2019-10-11,432,Meta Selic,5.5,% a.a.,diária
2019-10-12,432,Meta Selic,5.5,% a.a.,diária
2019-10-13,432,Meta Selic,5.5,% a.a.,diária
2019-10-14,432,Meta Selic,5.5,% a.a.,diária
2019-10-15,432,Meta Selic,5.5,% a.a.,diária
2019-10-16,432,Meta Selic,5.5,% a.a.,diária
2019-10-17,432,Meta Selic,5.5,% a.a.,diária
2019-10-18,432,Meta Selic,5.5,% a.a.,diária
2019-10-19,432,Meta Selic,5.5,% a.a.,diária
2019-10-20,432,Meta Selic,5.5,% a.a.,diária
2019-10-21,432,Meta Selic,5.5,% a.a.,diária
2019-10-22,432,Meta Selic,5.5,% a.a.,diária
2019-10-23,432,Meta Selic,5.5,% a.a.,diária
2019-10-24,432,Meta Selic,5.5,% a.a.,diária
2019-10-25,432,Meta Selic,5.5,% a.a.,diária
2019-10-26,432,Meta Selic,5.5,% a.a.,diária
2019-10-27,432,Meta Selic,5.5,% a.a.,diária
2019-10-28,432,Meta Selic,5.5,% a.a.,diária
2019-10-29,432,Meta Selic,5.5,% a.a.,diária
2019-10-30,432,Meta Selic,5.5,% a.a.,diária
2019-10-31,432,Meta Selic,5.0,% a.a.,diária
2019-11-01,432,Meta Selic,5.0,% a.a.,diária
2019-11-02,432,Meta Selic,5.0,% a.a.,diária
2019-11-03,432,Meta Selic,5.0,% a.a.,diária
2019-11-04,432,Meta Selic,5.0,% a.a.,diária
2019-11-05,432,Meta Selic,5.0,% a.a.,diária
2019-11-06,432,Meta Selic,5.0,% a.a.,diária
2019-11-07,432,Meta Selic,5.0,% a.a.,diária
2019-11-08,432,Meta Selic,5.0,% a.a.,diária
2019-11-09,432,Meta Selic,5.0,% a.a.,diária
2019-11-10,432,Meta Selic,5.0,% a.a.,diária
2019-11-11,432,Meta Selic,5.0,% a.a.,diária
2019-11-12,432,Meta Selic,5.0,% a.a.,diária
2019-11-13,432,Meta Selic,5.0,% a.a.,diária
2019-11-14,432,Meta Selic,5.0,% a.a.,diária
2019-11-15,432,Meta Selic,5.0,% a.a.,diária
2019-11-16,432,Meta Selic,5.0,% a.a.,diária
2019-11-17,432,Meta Selic,5.0,% a.a.,diária
2019-11-18,432,Meta Selic,5.0,% a.a.,diária
2019-11-19,432,Meta Selic,5.0,% a.a.,diária
2019-11-20,432,Meta Selic,5.0,% a.a.,diária
2019-11-21,432,Meta Selic,5.0,% a.a.,diária
2019-11-22,432,Meta Selic,5.0,% a.a.,diária
2019-11-23,432,Meta Selic,5.0,% a.a.,diária
2019-11-24,432,Meta Selic,5.0,% a.a.,diária
2019-11-25,432,Meta Selic,5.0,% a.a.,diária
2019-11-26,432,Meta Selic,5.0,% a.a.,diária
2019-11-27,432,Meta Selic,5.0,% a.a.,diária
2019-11-28,432,Meta Selic,5.0,% a.a.,diária
2019-11-29,432,Meta Selic,5.0,% a.a.,diária
2019-11-30,432,Meta Selic,5.0,% a.a.,diária
2019-12-01,432,Meta Selic,5.0,% a.a.,diária
2019-12-02,432,Meta Selic,5.0,% a.a.,diária
2019-12-03,432,Meta Selic,5.0,% a.a.,diária
2019-12-04,432,Meta Selic,5.0,% a.a.,diária
2019-12-05,432,Meta Selic,5.0,% a.a.,diária
2019-12-06,432,Meta Selic,5.0,% a.a.,diária
2019-12-07,432,Meta Selic,5.0,% a.a.,diária
2019-12-08,432,Meta Selic,5.0,% a.a.,diária
2019-12-09,432,Meta Selic,5.0,% a.a.,diária
2019-12-10,432,Meta Selic,5.0,% a.a.,diária
2019-12-11,432,Meta Selic,5.0,% a.a.,diária
2019-12-12,432,Meta Selic,4.5,% a.a.,diária
2019-12-13,432,Meta Selic,4.5,% a.a.,diária
2019-12-14,432,Meta Selic,4.5,% a.a.,diária
2019-12-15,432,Meta Selic,4.5,% a.a.,diária
2019-12-16,432,Meta Selic,4.5,% a.a.,diária
2019-12-17,432,Meta Selic,4.5,% a.a.,diária
2019-12-18,432,Meta Selic,4.5,% a.a.,diária
2019-12-19,432,Meta Selic,4.5,% a.a.,diária
2019-12-20,432,Meta Selic,4.5,% a.a.,diária
2019-12-21,432,Meta Selic,4.5,% a.a.,diária
2019-12-22,432,Meta Selic,4.5,% a.a.,diária
2019-12-23,432,Meta Selic,4.5,% a.a.,diária
2019-12-24,432,Meta Selic,4.5,% a.a.,diária
2019-12-25,432,Meta Selic,4.5,% a.a.,diária
2019-12-26,432,Meta Selic,4.5,% a.a.,diária
2019-12-27,432,Meta Selic,4.5,% a.a.,diária
2019-12-28,432,Meta Selic,4.5,% a.a.,diária
2019-12-29,432,Meta Selic,4.5,% a.a.,diária
2019-12-30,432,Meta Selic,4.5,% a.a.,diária
2019-12-31,432,Meta Selic,4.5,% a.a.,diária
2020-01-01,432,Meta Selic,4.5,% a.a.,diária
2020-01-02,432,Meta Selic,4.5,% a.a.,diária
2020-01-03,432,Meta Selic,4.5,% a.a.,diária
2020-01-04,432,Meta Selic,4.5,% a.a.,diária
2020-01-05,432,Meta Selic,4.5,% a.a.,diária
2020-01-06,432,Meta Selic,4.5,% a.a.,diária
2020-01-07,432,Meta Selic,4.5,% a.a.,diária
2020-01-08,432,Meta Selic,4.5,% a.a.,diária
2020-01-09,432,Meta Selic,4.5,% a.a.,diária
2020-01-10,432,Meta Selic,4.5,% a.a.,diária
2020-01-11,432,Meta Selic,4.5,% a.a.,diária
2020-01-12,432,Meta Selic,4.5,% a.a.,diária
2020-01-13,432,Meta Selic,4.5,% a.a.,diária
2020-01-14,432,Meta Selic,4.5,% a.a.,diária
2020-01-15,432,Meta Selic,4.5,% a.a.,diária
2020-01-16,432,Meta Selic,4.5,% a.a.,diária
2020-01-17,432,Meta Selic,4.5,% a.a.,diária
2020-01-18,432,Meta Selic,4.5,% a.a.,diária
2020-01-19,432,Meta Selic,4.5,% a.a.,diária
2020-01-20,432,Meta Selic,4.5,% a.a.,diária
2020-01-21,432,Meta Selic,4.5,% a.a.,diária
2020-01-22,432,Meta Selic,4.5,% a.a.,diária
2020-01-23,432,Meta Selic,4.5,% a.a.,diária
2020-01-24,432,Meta Selic,4.5,% a.a.,diária
2020-01-25,432,Meta Selic,4.5,% a.a.,diária
2020-01-26,432,Meta Selic,4.5,% a.a.,diária
2020-01-27,432,Meta Selic,4.5,% a.a.,diária
2020-01-28,432,Meta Selic,4.5,% a.a.,diária
2020-01-29,432,Meta Selic,4.5,% a.a.,diária
2020-01-30,432,Meta Selic,4.5,% a.a.,diária
2020-01-31,432,Meta Selic,4.5,% a.a.,diária
2020-02-01,432,Meta Selic,4.5,% a.a.,diária
2020-02-02,432,Meta Selic,4.5,% a.a.,diária
2020-02-03,432,Meta Selic,4.5,% a.a.,diária
2020-02-04,432,Meta Selic,4.5,% a.a.,diária
2020-02-05,432,Meta Selic,4.5,% a.a.,diária
2020-02-06,432,Meta Selic,4.25,% a.a.,diária
2020-02-07,432,Meta Selic,4.25,% a.a.,diária
2020-02-08,432,Meta Selic,4.25,% a.a.,diária
2020-02-09,432,Meta Selic,4.25,% a.a.,diária
2020-02-10,432,Meta Selic,4.25,% a.a.,diária
2020-02-11,432,Meta Selic,4.25,% a.a.,diária
2020-02-12,432,Meta Selic,4.25,% a.a.,diária
2020-02-13,432,Meta Selic,4.25,% a.a.,diária
2020-02-14,432,Meta Selic,4.25,% a.a.,diária
2020-02-15,432,Meta Selic,4.25,% a.a.,diária
2020-02-16,432,Meta Selic,4.25,% a.a.,diária
2020-02-17,432,Meta Selic,4.25,% a.a.,diária
2020-02-18,432,Meta Selic,4.25,% a.a.,diária
2020-02-19,432,Meta Selic,4.25,% a.a.,diária
2020-02-20,432,Meta Selic,4.25,% a.a.,diária
2020-02-21,432,Meta Selic,4.25,% a.a.,diária
2020-02-22,432,Meta Selic,4.25,% a.a.,diária
2020-02-23,432,Meta Selic,4.25,% a.a.,diária
2020-02-24,432,Meta Selic,4.25,% a.a.,diária
2020-02-25,432,Meta Selic,4.25,% a.a.,diária
2020-02-26,432,Meta Selic,4.25,% a.a.,diária
2020-02-27,432,Meta Selic,4.25,% a.a.,diária
2020-02-28,432,Meta Selic,4.25,% a.a.,diária
2020-02-29,432,Meta Selic,4.25,% a.a.,diária
2020-03-01,432,Meta Selic,4.25,% a.a.,diária
2020-03-02,432,Meta Selic,4.25,% a.a.,diária
2020-03-03,432,Meta Selic,4.25,% a.a.,diária
2020-03-04,432,Meta Selic,4.25,% a.a.,diária
2020-03-05,432,Meta Selic,4.25,% a.a.,diária
2020-03-06,432,Meta Selic,4.25,% a.a.,diária
2020-03-07,432,Meta Selic,4.25,% a.a.,diária
2020-03-08,432,Meta Selic,4.25,% a.a.,diária
2020-03-09,432,Meta Selic,4.25,% a.a.,diária
2020-03-10,432,Meta Selic,4.25,% a.a.,diária
2020-03-11,432,Meta Selic,4.25,% a.a.,diária
2020-03-12,432,Meta Selic,4.25,% a.a.,diária
2020-03-13,432,Meta Selic,4.25,% a.a.,diária
2020-03-14,432,Meta Selic,4.25,% a.a.,diária
2020-03-15,432,Meta Selic,4.25,% a.a.,diária
2020-03-16,432,Meta Selic,4.25,% a.a.,diária
2020-03-17,432,Meta Selic,4.25,% a.a.,diária
2020-03-18,432,Meta Selic,4.25,% a.a.,diária
2020-03-19,432,Meta Selic,3.75,% a.a.,diária
2020-03-20,432,Meta Selic,3.75,% a.a.,diária
2020-03-21,432,Meta Selic,3.75,% a.a.,diária
2020-03-22,432,Meta Selic,3.75,% a.a.,diária
2020-03-23,432,Meta Selic,3.75,% a.a.,diária
2020-03-24,432,Meta Selic,3.75,% a.a.,diária
2020-03-25,432,Meta Selic,3.75,% a.a.,diária
2020-03-26,432,Meta Selic,3.75,% a.a.,diária
2020-03-27,432,Meta Selic,3.75,% a.a.,diária
2020-03-28,432,Meta Selic,3.75,% a.a.,diária
2020-03-29,432,Meta Selic,3.75,% a.a.,diária
2020-03-30,432,Meta Selic,3.75,% a.a.,diária
2020-03-31,432,Meta Selic,3.75,% a.a.,diária
2020-04-01,432,Meta Selic,3.75,% a.a.,diária
2020-04-02,432,Meta Selic,3.75,% a.a.,diária
2020-04-03,432,Meta Selic,3.75,% a.a.,diária
2020-04-04,432,Meta Selic,3.75,% a.a.,diária
2020-04-05,432,Meta Selic,3.75,% a.a.,diária
2020-04-06,432,Meta Selic,3.75,% a.a.,diária
2020-04-07,432,Meta Selic,3.75,% a.a.,diária
2020-04-08,432,Meta Selic,3.75,% a.a.,diária
2020-04-09,432,Meta Selic,3.75,% a.a.,diária
2020-04-10,432,Meta Selic,3.75,% a.a.,diária
2020-04-11,432,Meta Selic,3.75,% a.a.,diária
2020-04-12,432,Meta Selic,3.75,% a.a.,diária
2020-04-13,432,Meta Selic,3.75,% a.a.,diária
2020-04-14,432,Meta Selic,3.75,% a.a.,diária
2020-04-15,432,Meta Selic,3.75,% a.a.,diária
2020-04-16,432,Meta Selic,3.75,% a.a.,diária
2020-04-17,432,Meta Selic,3.75,% a.a.,diária
2020-04-18,432,Meta Selic,3.75,% a.a.,diária
2020-04-19,432,Meta Selic,3.75,% a.a.,diária
2020-04-20,432,Meta Selic,3.75,% a.a.,diária
2020-04-21,432,Meta Selic,3.75,% a.a.,diária
2020-04-22,432,Meta Selic,3.75,% a.a.,diária
2020-04-23,432,Meta Selic,3.75,% a.a.,diária
2020-04-24,432,Meta Selic,3.75,% a.a.,diária
2020-04-25,432,Meta Selic,3.75,% a.a.,diária
2020-04-26,432,Meta Selic,3.75,% a.a.,diária
2020-04-27,432,Meta Selic,3.75,% a.a.,diária
2020-04-28,432,Meta Selic,3.75,% a.a.,diária
2020-04-29,432,Meta Selic,3.75,% a.a.,diária
2020-04-30,432,Meta Selic,3.75,% a.a.,diária
2020-05-01,432,Meta Selic,3.75,% a.a.,diária
2020-05-02,432,Meta Selic,3.75,% a.a.,diária
2020-05-03,432,Meta Selic,3.75,% a.a.,diária
2020-05-04,432,Meta Selic,3.75,% a.a.,diária
2020-05-05,432,Meta Selic,3.75,% a.a.,diária
2020-05-06,432,Meta Selic,3.75,% a.a.,diária
2020-05-07,432,Meta Selic,3.0,% a.a.,diária
2020-05-08,432,Meta Selic,3.0,% a.a.,diária
2020-05-09,432,Meta Selic,3.0,% a.a.,diária
2020-05-10,432,Meta Selic,3.0,% a.a.,diária
2020-05-11,432,Meta Selic,3.0,% a.a.,diária
2020-05-12,432,Meta Selic,3.0,% a.a.,diária
2020-05-13,432,Meta Selic,3.0,% a.a.,diária
2020-05-14,432,Meta Selic,3.0,% a.a.,diária
2020-05-15,432,Meta Selic,3.0,% a.a.,diária
2020-05-16,432,Meta Selic,3.0,% a.a.,diária
2020-05-17,432,Meta Selic,3.0,% a.a.,diária
2020-05-18,432,Meta Selic,3.0,% a.a.,diária
2020-05-19,432,Meta Selic,3.0,% a.a.,diária
2020-05-20,432,Meta Selic,3.0,% a.a.,diária
2020-05-21,432,Meta Selic,3.0,% a.a.,diária
2020-05-22,432,Meta Selic,3.0,% a.a.,diária
2020-05-23,432,Meta Selic,3.0,% a.a.,diária
2020-05-24,432,Meta Selic,3.0,% a.a.,diária
2020-05-25,432,Meta Selic,3.0,% a.a.,diária
2020-05-26,432,Meta Selic,3.0,% a.a.,diária
2020-05-27,432,Meta Selic,3.0,% a.a.,diária
2020-05-28,432,Meta Selic,3.0,% a.a.,diária
2020-05-29,432,Meta Selic,3.0,% a.a.,diária
2020-05-30,432,Meta Selic,3.0,% a.a.,diária
2020-05-31,432,Meta Selic,3.0,% a.a.,diária
2020-06-01,432,Meta Selic,3.0,% a.a.,diária
2020-06-02,432,Meta Selic,3.0,% a.a.,diária
2020-06-03,432,Meta Selic,3.0,% a.a.,diária
2020-06-04,432,Meta Selic,3.0,% a.a.,diária
2020-06-05,432,Meta Selic,3.0,% a.a.,diária
2020-06-06,432,Meta Selic,3.0,% a.a.,diária
2020-06-07,432,Meta Selic,3.0,% a.a.,diária
2020-06-08,432,Meta Selic,3.0,% a.a.,diária
2020-06-09,432,Meta Selic,3.0,% a.a.,diária
2020-06-10,432,Meta Selic,3.0,% a.a.,diária
2020-06-11,432,Meta Selic,3.0,% a.a.,diária
2020-06-12,432,Meta Selic,3.0,% a.a.,diária
2020-06-13,432,Meta Selic,3.0,% a.a.,diária
2020-06-14,432,Meta Selic,3.0,% a.a.,diária
2020-06-15,432,Meta Selic,3.0,% a.a.,diária
2020-06-16,432,Meta Selic,3.0,% a.a.,diária
2020-06-17,432,Meta Selic,3.0,% a.a.,diária
2020-06-18,432,Meta Selic,2.25,% a.a.,diária
2020-06-19,432,Meta Selic,2.25,% a.a.,diária
2020-06-20,432,Meta Selic,2.25,% a.a.,diária
2020-06-21,432,Meta Selic,2.25,% a.a.,diária
2020-06-22,432,Meta Selic,2.25,% a.a.,diária
2020-06-23,432,Meta Selic,2.25,% a.a.,diária
2020-06-24,432,Meta Selic,2.25,% a.a.,diária
2020-06-25,432,Meta Selic,2.25,% a.a.,diária
2020-06-26,432,Meta Selic,2.25,% a.a.,diária
2020-06-27,432,Meta Selic,2.25,% a.a.,diária
2020-06-28,432,Meta Selic,2.25,% a.a.,diária
2020-06-29,432,Meta Selic,2.25,% a.a.,diária
2020-06-30,432,Meta Selic,2.25,% a.a.,diária
2020-07-01,432,Meta Selic,2.25,% a.a.,diária
2020-07-02,432,Meta Selic,2.25,% a.a.,diária
2020-07-03,432,Meta Selic,2.25,% a.a.,diária
2020-07-04,432,Meta Selic,2.25,% a.a.,diária
2020-07-05,432,Meta Selic,2.25,% a.a.,diária
2020-07-06,432,Meta Selic,2.25,% a.a.,diária
2020-07-07,432,Meta Selic,2.25,% a.a.,diária
2020-07-08,432,Meta Selic,2.25,% a.a.,diária
2020-07-09,432,Meta Selic,2.25,% a.a.,diária
2020-07-10,432,Meta Selic,2.25,% a.a.,diária
2020-07-11,432,Meta Selic,2.25,% a.a.,diária
2020-07-12,432,Meta Selic,2.25,% a.a.,diária
2020-07-13,432,Meta Selic,2.25,% a.a.,diária
2020-07-14,432,Meta Selic,2.25,% a.a.,diária
2020-07-15,432,Meta Selic,2.25,% a.a.,diária
2020-07-16,432,Meta Selic,2.25,% a.a.,diária
2020-07-17,432,Meta Selic,2.25,% a.a.,diária
2020-07-18,432,Meta Selic,2.25,% a.a.,diária
2020-07-19,432,Meta Selic,2.25,% a.a.,diária
2020-07-20,432,Meta Selic,2.25,% a.a.,diária
2020-07-21,432,Meta Selic,2.25,% a.a.,diária
2020-07-22,432,Meta Selic,2.25,% a.a.,diária
2020-07-23,432,Meta Selic,2.25,% a.a.,diária
2020-07-24,432,Meta Selic,2.25,% a.a.,diária
2020-07-25,432,Meta Selic,2.25,% a.a.,diária
2020-07-26,432,Meta Selic,2.25,% a.a.,diária
2020-07-27,432,Meta Selic,2.25,% a.a.,diária
2020-07-28,432,Meta Selic,2.25,% a.a.,diária
2020-07-29,432,Meta Selic,2.25,% a.a.,diária
2020-07-30,432,Meta Selic,2.25,% a.a.,diária
2020-07-31,432,Meta Selic,2.25,% a.a.,diária
2020-08-01,432,Meta Selic,2.25,% a.a.,diária
2020-08-02,432,Meta Selic,2.25,% a.a.,diária
2020-08-03,432,Meta Selic,2.25,% a.a.,diária
2020-08-04,432,Meta Selic,2.25,% a.a.,diária
2020-08-05,432,Meta Selic,2.25,% a.a.,diária
2020-08-06,432,Meta Selic,2.0,% a.a.,diária
2020-08-07,432,Meta Selic,2.0,% a.a.,diária
2020-08-08,432,Meta Selic,2.0,% a.a.,diária
2020-08-09,432,Meta Selic,2.0,% a.a.,diária
2020-08-10,432,Meta Selic,2.0,% a.a.,diária
2020-08-11,432,Meta Selic,2.0,% a.a.,diária
2020-08-12,432,Meta Selic,2.0,% a.a.,diária
2020-08-13,432,Meta Selic,2.0,% a.a.,diária
2020-08-14,432,Meta Selic,2.0,% a.a.,diária
2020-08-15,432,Meta Selic,2.0,% a.a.,diária
2020-08-16,432,Meta Selic,2.0,% a.a.,diária
2020-08-17,432,Meta Selic,2.0,% a.a.,diária
2020-08-18,432,Meta Selic,2.0,% a.a.,diária
2020-08-19,432,Meta Selic,2.0,% a.a.,diária
2020-08-20,432,Meta Selic,2.0,% a.a.,diária
2020-08-21,432,Meta Selic,2.0,% a.a.,diária
2020-08-22,432,Meta Selic,2.0,% a.a.,diária
2020-08-23,432,Meta Selic,2.0,% a.a.,diária
2020-08-24,432,Meta Selic,2.0,% a.a.,diária
2020-08-25,432,Meta Selic,2.0,% a.a.,diária
2020-08-26,432,Meta Selic,2.0,% a.a.,diária
2020-08-27,432,Meta Selic,2.0,% a.a.,diária
2020-08-28,432,Meta Selic,2.0,% a.a.,diária
2020-08-29,432,Meta Selic,2.0,% a.a.,diária
2020-08-30,432,Meta Selic,2.0,% a.a.,diária
2020-08-31,432,Meta Selic,2.0,% a.a.,diária
2020-09-01,432,Meta Selic,2.0,% a.a.,diária
2020-09-02,432,Meta Selic,2.0,% a.a.,diária
2020-09-03,432,Meta Selic,2.0,% a.a.,diária
2020-09-04,432,Meta Selic,2.0,% a.a.,diária
2020-09-05,432,Meta Selic,2.0,% a.a.,diária
2020-09-06,432,Meta Selic,2.0,% a.a.,diária
2020-09-07,432,Meta Selic,2.0,% a.a.,diária
2020-09-08,432,Meta Selic,2.0,% a.a.,diária
2020-09-09,432,Meta Selic,2.0,% a.a.,diária
2020-09-10,432,Meta Selic,2.0,% a.a.,diária
2020-09-11,432,Meta Selic,2.0,% a.a.,diária
2020-09-12,432,Meta Selic,2.0,% a.a.,diária
2020-09-13,432,Meta Selic,2.0,% a.a.,diária
2020-09-14,432,Meta Selic,2.0,% a.a.,diária
2020-09-15,432,Meta Selic,2.0,% a.a.,diária
2020-09-16,432,Meta Selic,2.0,% a.a.,diária
2020-09-17,432,Meta Selic,2.0,% a.a.,diária
2020-09-18,432,Meta Selic,2.0,% a.a.,diária
2020-09-19,432,Meta Selic,2.0,% a.a.,diária
2020-09-20,432,Meta Selic,2.0,% a.a.,diária
2020-09-21,432,Meta Selic,2.0,% a.a.,diária
2020-09-22,432,Meta Selic,2.0,% a.a.,diária
2020-09-23,432,Meta Selic,2.0,% a.a.,diária
2020-09-24,432,Meta Selic,2.0,% a.a.,diária
2020-09-25,432,Meta Selic,2.0,% a.a.,diária
2020-09-26,432,Meta Selic,2.0,% a.a.,diária
2020-09-27,432,Meta Selic,2.0,% a.a.,diária
2020-09-28,432,Meta Selic,2.0,% a.a.,diária
2020-09-29,432,Meta Selic,2.0,% a.a.,diária
2020-09-30,432,Meta Selic,2.0,% a.a.,diária
2020-10-01,432,Meta Selic,2.0,% a.a.,diária
2020-10-02,432,Meta Selic,2.0,% a.a.,diária
2020-10-03,432,Meta Selic,2.0,% a.a.,diária
2020-10-04,432,Meta Selic,2.0,% a.a.,diária
2020-10-05,432,Meta Selic,2.0,% a.a.,diária
2020-10-06,432,Meta Selic,2.0,% a.a.,diária
2020-10-07,432,Meta Selic,2.0,% a.a.,diária
2020-10-08,432,Meta Selic,2.0,% a.a.,diária
2020-10-09,432,Meta Selic,2.0,% a.a.,diária
2020-10-10,432,Meta Selic,2.0,% a.a.,diária
2020-10-11,432,Meta Selic,2.0,% a.a.,diária
2020-10-12,432,Meta Selic,2.0,% a.a.,diária
2020-10-13,432,Meta Selic,2.0,% a.a.,diária
2020-10-14,432,Meta Selic,2.0,% a.a.,diária
2020-10-15,432,Meta Selic,2.0,% a.a.,diária
2020-10-16,432,Meta Selic,2.0,% a.a.,diária
2020-10-17,432,Meta Selic,2.0,% a.a.,diária
2020-10-18,432,Meta Selic,2.0,% a.a.,diária
2020-10-19,432,Meta Selic,2.0,% a.a.,diária
2020-10-20,432,Meta Selic,2.0,% a.a.,diária
2020-10-21,432,Meta Selic,2.0,% a.a.,diária
2020-10-22,432,Meta Selic,2.0,% a.a.,diária
2020-10-23,432,Meta Selic,2.0,% a.a.,diária
2020-10-24,432,Meta Selic,2.0,% a.a.,diária
2020-10-25,432,Meta Selic,2.0,% a.a.,diária
2020-10-26,432,Meta Selic,2.0,% a.a.,diária
2020-10-27,432,Meta Selic,2.0,% a.a.,diária
2020-10-28,432,Meta Selic,2.0,% a.a.,diária
2020-10-29,432,Meta Selic,2.0,% a.a.,diária
2020-10-30,432,Meta Selic,2.0,% a.a.,diária
2020-10-31,432,Meta Selic,2.0,% a.a.,diária
2020-11-01,432,Meta Selic,2.0,% a.a.,diária
2020-11-02,432,Meta Selic,2.0,% a.a.,diária
2020-11-03,432,Meta Selic,2.0,% a.a.,diária
2020-11-04,432,Meta Selic,2.0,% a.a.,diária
2020-11-05,432,Meta Selic,2.0,% a.a.,diária
2020-11-06,432,Meta Selic,2.0,% a.a.,diária
2020-11-07,432,Meta Selic,2.0,% a.a.,diária
2020-11-08,432,Meta Selic,2.0,% a.a.,diária
2020-11-09,432,Meta Selic,2.0,% a.a.,diária
2020-11-10,432,Meta Selic,2.0,% a.a.,diária
2020-11-11,432,Meta Selic,2.0,% a.a.,diária
2020-11-12,432,Meta Selic,2.0,% a.a.,diária
2020-11-13,432,Meta Selic,2.0,% a.a.,diária
2020-11-14,432,Meta Selic,2.0,% a.a.,diária
2020-11-15,432,Meta Selic,2.0,% a.a.,diária
2020-11-16,432,Meta Selic,2.0,% a.a.,diária
2020-11-17,432,Meta Selic,2.0,% a.a.,diária
2020-11-18,432,Meta Selic,2.0,% a.a.,diária
2020-11-19,432,Meta Selic,2.0,% a.a.,diária
2020-11-20,432,Meta Selic,2.0,% a.a.,diária
2020-11-21,432,Meta Selic,2.0,% a.a.,diária
2020-11-22,432,Meta Selic,2.0,% a.a.,diária
2020-11-23,432,Meta Selic,2.0,% a.a.,diária
2020-11-24,432,Meta Selic,2.0,% a.a.,diária
2020-11-25,432,Meta Selic,2.0,% a.a.,diária
2020-11-26,432,Meta Selic,2.0,% a.a.,diária
2020-11-27,432,Meta Selic,2.0,% a.a.,diária
2020-11-28,432,Meta Selic,2.0,% a.a.,diária
2020-11-29,432,Meta Selic,2.0,% a.a.,diária
2020-11-30,432,Meta Selic,2.0,% a.a.,diária
2020-12-01,432,Meta Selic,2.0,% a.a.,diária
2020-12-02,432,Meta Selic,2.0,% a.a.,diária
2020-12-03,432,Meta Selic,2.0,% a.a.,diária
2020-12-04,432,Meta Selic,2.0,% a.a.,diária
2020-12-05,432,Meta Selic,2.0,% a.a.,diária
2020-12-06,432,Meta Selic,2.0,% a.a.,diária
2020-12-07,432,Meta Selic,2.0,% a.a.,diária
2020-12-08,432,Meta Selic,2.0,% a.a.,diária
2020-12-09,432,Meta Selic,2.0,% a.a.,diária
2020-12-10,432,Meta Selic,2.0,% a.a.,diária
2020-12-11,432,Meta Selic,2.0,% a.a.,diária
2020-12-12,432,Meta Selic,2.0,% a.a.,diária
2020-12-13,432,Meta Selic,2.0,% a.a.,diária
2020-12-14,432,Meta Selic,2.0,% a.a.,diária
2020-12-15,432,Meta Selic,2.0,% a.a.,diária
2020-12-16,432,Meta Selic,2.0,% a.a.,diária
2020-12-17,432,Meta Selic,2.0,% a.a.,diária
2020-12-18,432,Meta Selic,2.0,% a.a.,diária
2020-12-19,432,Meta Selic,2.0,% a.a.,diária
2020-12-20,432,Meta Selic,2.0,% a.a.,diária
2020-12-21,432,Meta Selic,2.0,% a.a.,diária
2020-12-22,432,Meta Selic,2.0,% a.a.,diária
2020-12-23,432,Meta Selic,2.0,% a.a.,diária
2020-12-24,432,Meta Selic,2.0,% a.a.,diária
2020-12-25,432,Meta Selic,2.0,% a.a.,diária
2020-12-26,432,Meta Selic,2.0,% a.a.,diária
2020-12-27,432,Meta Selic,2.0,% a.a.,diária
2020-12-28,432,Meta Selic,2.0,% a.a.,diária
2020-12-29,432,Meta Selic,2.0,% a.a.,diária
2020-12-30,432,Meta Selic,2.0,% a.a.,diária
2020-12-31,432,Meta Selic,2.0,% a.a.,diária
2021-01-01,432,Meta Selic,2.0,% a.a.,diária
2021-01-02,432,Meta Selic,2.0,% a.a.,diária
2021-01-03,432,Meta Selic,2.0,% a.a.,diária
2021-01-04,432,Meta Selic,2.0,% a.a.,diária
2021-01-05,432,Meta Selic,2.0,% a.a.,diária
2021-01-06,432,Meta Selic,2.0,% a.a.,diária
2021-01-07,432,Meta Selic,2.0,% a.a.,diária
2021-01-08,432,Meta Selic,2.0,% a.a.,diária
2021-01-09,432,Meta Selic,2.0,% a.a.,diária
2021-01-10,432,Meta Selic,2.0,% a.a.,diária
2021-01-11,432,Meta Selic,2.0,% a.a.,diária
2021-01-12,432,Meta Selic,2.0,% a.a.,diária
2021-01-13,432,Meta Selic,2.0,% a.a.,diária
2021-01-14,432,Meta Selic,2.0,% a.a.,diária
2021-01-15,432,Meta Selic,2.0,% a.a.,diária
2021-01-16,432,Meta Selic,2.0,% a.a.,diária
2021-01-17,432,Meta Selic,2.0,% a.a.,diária
2021-01-18,432,Meta Selic,2.0,% a.a.,diária
2021-01-19,432,Meta Selic,2.0,% a.a.,diária
2021-01-20,432,Meta Selic,2.0,% a.a.,diária
2021-01-21,432,Meta Selic,2.0,% a.a.,diária
2021-01-22,432,Meta Selic,2.0,% a.a.,diária
2021-01-23,432,Meta Selic,2.0,% a.a.,diária
2021-01-24,432,Meta Selic,2.0,% a.a.,diária
2021-01-25,432,Meta Selic,2.0,% a.a.,diária
2021-01-26,432,Meta Selic,2.0,% a.a.,diária
2021-01-27,432,Meta Selic,2.0,% a.a.,diária
2021-01-28,432,Meta Selic,2.0,% a.a.,diária
2021-01-29,432,Meta Selic,2.0,% a.a.,diária
2021-01-30,432,Meta Selic,2.0,% a.a.,diária
2021-01-31,432,Meta Selic,2.0,% a.a.,diária
2021-02-01,432,Meta Selic,2.0,% a.a.,diária
2021-02-02,432,Meta Selic,2.0,% a.a.,diária
2021-02-03,432,Meta Selic,2.0,% a.a.,diária
2021-02-04,432,Meta Selic,2.0,% a.a.,diária
2021-02-05,432,Meta Selic,2.0,% a.a.,diária
2021-02-06,432,Meta Selic,2.0,% a.a.,diária
2021-02-07,432,Meta Selic,2.0,% a.a.,diária
2021-02-08,432,Meta Selic,2.0,% a.a.,diária
2021-02-09,432,Meta Selic,2.0,% a.a.,diária
2021-02-10,432,Meta Selic,2.0,% a.a.,diária
2021-02-11,432,Meta Selic,2.0,% a.a.,diária
2021-02-12,432,Meta Selic,2.0,% a.a.,diária
2021-02-13,432,Meta Selic,2.0,% a.a.,diária
2021-02-14,432,Meta Selic,2.0,% a.a.,diária
2021-02-15,432,Meta Selic,2.0,% a.a.,diária
2021-02-16,432,Meta Selic,2.0,% a.a.,diária
2021-02-17,432,Meta Selic,2.0,% a.a.,diária
2021-02-18,432,Meta Selic,2.0,% a.a.,diária
2021-02-19,432,Meta Selic,2.0,% a.a.,diária
2021-02-20,432,Meta Selic,2.0,% a.a.,diária
2021-02-21,432,Meta Selic,2.0,% a.a.,diária
2021-02-22,432,Meta Selic,2.0,% a.a.,diária
2021-02-23,432,Meta Selic,2.0,% a.a.,diária
2021-02-24,432,Meta Selic,2.0,% a.a.,diária
2021-02-25,432,Meta Selic,2.0,% a.a.,diária
2021-02-26,432,Meta Selic,2.0,% a.a.,diária
2021-02-27,432,Meta Selic,2.0,% a.a.,diária
2021-02-28,432,Meta Selic,2.0,% a.a.,diária
2021-03-01,432,Meta Selic,2.0,% a.a.,diária
2021-03-02,432,Meta Selic,2.0,% a.a.,diária
2021-03-03,432,Meta Selic,2.0,% a.a.,diária
2021-03-04,432,Meta Selic,2.0,% a.a.,diária
2021-03-05,432,Meta Selic,2.0,% a.a.,diária
2021-03-06,432,Meta Selic,2.0,% a.a.,diária
2021-03-07,432,Meta Selic,2.0,% a.a.,diária
2021-03-08,432,Meta Selic,2.0,% a.a.,diária
2021-03-09,432,Meta Selic,2.0,% a.a.,diária
2021-03-10,432,Meta Selic,2.0,% a.a.,diária
2021-03-11,432,Meta Selic,2.0,% a.a.,diária
2021-03-12,432,Meta Selic,2.0,% a.a.,diária
2021-03-13,432,Meta Selic,2.0,% a.a.,diária
2021-03-14,432,Meta Selic,2.0,% a.a.,diária
2021-03-15,432,Meta Selic,2.0,% a.a.,diária
2021-03-16,432,Meta Selic,2.0,% a.a.,diária
2021-03-17,432,Meta Selic,2.0,% a.a.,diária
2021-03-18,432,Meta Selic,2.75,% a.a.,diária
2021-03-19,432,Meta Selic,2.75,% a.a.,diária
2021-03-20,432,Meta Selic,2.75,% a.a.,diária
2021-03-21,432,Meta Selic,2.75,% a.a.,diária
2021-03-22,432,Meta Selic,2.75,% a.a.,diária
2021-03-23,432,Meta Selic,2.75,% a.a.,diária
2021-03-24,432,Meta Selic,2.75,% a.a.,diária
2021-03-25,432,Meta Selic,2.75,% a.a.,diária
2021-03-26,432,Meta Selic,2.75,% a.a.,diária
2021-03-27,432,Meta Selic,2.75,% a.a.,diária
2021-03-28,432,Meta Selic,2.75,% a.a.,diária
2021-03-29,432,Meta Selic,2.75,% a.a.,diária
2021-03-30,432,Meta Selic,2.75,% a.a.,diária
2021-03-31,432,Meta Selic,2.75,% a.a.,diária
2021-04-01,432,Meta Selic,2.75,% a.a.,diária
2021-04-02,432,Meta Selic,2.75,% a.a.,diária
2021-04-03,432,Meta Selic,2.75,% a.a.,diária
2021-04-04,432,Meta Selic,2.75,% a.a.,diária
2021-04-05,432,Meta Selic,2.75,% a.a.,diária
2021-04-06,432,Meta Selic,2.75,% a.a.,diária
2021-04-07,432,Meta Selic,2.75,% a.a.,diária
2021-04-08,432,Meta Selic,2.75,% a.a.,diária
2021-04-09,432,Meta Selic,2.75,% a.a.,diária
2021-04-10,432,Meta Selic,2.75,% a.a.,diária
2021-04-11,432,Meta Selic,2.75,% a.a.,diária
2021-04-12,432,Meta Selic,2.75,% a.a.,diária
2021-04-13,432,Meta Selic,2.75,% a.a.,diária
2021-04-14,432,Meta Selic,2.75,% a.a.,diária
2021-04-15,432,Meta Selic,2.75,% a.a.,diária
2021-04-16,432,Meta Selic,2.75,% a.a.,diária
2021-04-17,432,Meta Selic,2.75,% a.a.,diária
2021-04-18,432,Meta Selic,2.75,% a.a.,diária
2021-04-19,432,Meta Selic,2.75,% a.a.,diária
2021-04-20,432,Meta Selic,2.75,% a.a.,diária
2021-04-21,432,Meta Selic,2.75,% a.a.,diária
2021-04-22,432,Meta Selic,2.75,% a.a.,diária
2021-04-23,432,Meta Selic,2.75,% a.a.,diária
2021-04-24,432,Meta Selic,2.75,% a.a.,diária
2021-04-25,432,Meta Selic,2.75,% a.a.,diária
2021-04-26,432,Meta Selic,2.75,% a.a.,diária
2021-04-27,432,Meta Selic,2.75,% a.a.,diária
2021-04-28,432,Meta Selic,2.75,% a.a.,diária
2021-04-29,432,Meta Selic,2.75,% a.a.,diária
2021-04-30,432,Meta Selic,2.75,% a.a.,diária
2021-05-01,432,Meta Selic,2.75,% a.a.,diária
2021-05-02,432,Meta Selic,2.75,% a.a.,diária
2021-05-03,432,Meta Selic,2.75,% a.a.,diária
2021-05-04,432,Meta Selic,2.75,% a.a.,diária
2021-05-05,432,Meta Selic,2.75,% a.a.,diária
2021-05-06,432,Meta Selic,3.5,% a.a.,diária
2021-05-07,432,Meta Selic,3.5,% a.a.,diária
2021-05-08,432,Meta Selic,3.5,% a.a.,diária
2021-05-09,432,Meta Selic,3.5,% a.a.,diária
2021-05-10,432,Meta Selic,3.5,% a.a.,diária
2021-05-11,432,Meta Selic,3.5,% a.a.,diária
2021-05-12,432,Meta Selic,3.5,% a.a.,diária
2021-05-13,432,Meta Selic,3.5,% a.a.,diária
2021-05-14,432,Meta Selic,3.5,% a.a.,diária
2021-05-15,432,Meta Selic,3.5,% a.a.,diária
2021-05-16,432,Meta Selic,3.5,% a.a.,diária
2021-05-17,432,Meta Selic,3.5,% a.a.,diária
2021-05-18,432,Meta Selic,3.5,% a.a.,diária
2021-05-19,432,Meta Selic,3.5,% a.a.,diária
2021-05-20,432,Meta Selic,3.5,% a.a.,diária
2021-05-21,432,Meta Selic,3.5,% a.a.,diária
2021-05-22,432,Meta Selic,3.5,% a.a.,diária
2021-05-23,432,Meta Selic,3.5,% a.a.,diária
2021-05-24,432,Meta Selic,3.5,% a.a.,diária
2021-05-25,432,Meta Selic,3.5,% a.a.,diária
2021-05-26,432,Meta Selic,3.5,% a.a.,diária
2021-05-27,432,Meta Selic,3.5,% a.a.,diária
2021-05-28,432,Meta Selic,3.5,% a.a.,diária
2021-05-29,432,Meta Selic,3.5,% a.a.,diária
2021-05-30,432,Meta Selic,3.5,% a.a.,diária
2021-05-31,432,Meta Selic,3.5,% a.a.,diária
2021-06-01,432,Meta Selic,3.5,% a.a.,diária
2021-06-02,432,Meta Selic,3.5,% a.a.,diária
2021-06-03,432,Meta Selic,3.5,% a.a.,diária
2021-06-04,432,Meta Selic,3.5,% a.a.,diária
2021-06-05,432,Meta Selic,3.5,% a.a.,diária
2021-06-06,432,Meta Selic,3.5,% a.a.,diária
2021-06-07,432,Meta Selic,3.5,% a.a.,diária
2021-06-08,432,Meta Selic,3.5,% a.a.,diária
2021-06-09,432,Meta Selic,3.5,% a.a.,diária
2021-06-10,432,Meta Selic,3.5,% a.a.,diária
2021-06-11,432,Meta Selic,3.5,% a.a.,diária
2021-06-12,432,Meta Selic,3.5,% a.a.,diária
2021-06-13,432,Meta Selic,3.5,% a.a.,diária
2021-06-14,432,Meta Selic,3.5,% a.a.,diária
2021-06-15,432,Meta Selic,3.5,% a.a.,diária
2021-06-16,432,Meta Selic,3.5,% a.a.,diária
2021-06-17,432,Meta Selic,4.25,% a.a.,diária
2021-06-18,432,Meta Selic,4.25,% a.a.,diária
2021-06-19,432,Meta Selic,4.25,% a.a.,diária
2021-06-20,432,Meta Selic,4.25,% a.a.,diária
2021-06-21,432,Meta Selic,4.25,% a.a.,diária
2021-06-22,432,Meta Selic,4.25,% a.a.,diária
2021-06-23,432,Meta Selic,4.25,% a.a.,diária
2021-06-24,432,Meta Selic,4.25,% a.a.,diária
2021-06-25,432,Meta Selic,4.25,% a.a.,diária
2021-06-26,432,Meta Selic,4.25,% a.a.,diária
2021-06-27,432,Meta Selic,4.25,% a.a.,diária
2021-06-28,432,Meta Selic,4.25,% a.a.,diária
2021-06-29,432,Meta Selic,4.25,% a.a.,diária
2021-06-30,432,Meta Selic,4.25,% a.a.,diária
2021-07-01,432,Meta Selic,4.25,% a.a.,diária
2021-07-02,432,Meta Selic,4.25,% a.a.,diária
2021-07-03,432,Meta Selic,4.25,% a.a.,diária
2021-07-04,432,Meta Selic,4.25,% a.a.,diária
2021-07-05,432,Meta Selic,4.25,% a.a.,diária
2021-07-06,432,Meta Selic,4.25,% a.a.,diária
2021-07-07,432,Meta Selic,4.25,% a.a.,diária
2021-07-08,432,Meta Selic,4.25,% a.a.,diária
2021-07-09,432,Meta Selic,4.25,% a.a.,diária
2021-07-10,432,Meta Selic,4.25,% a.a.,diária
2021-07-11,432,Meta Selic,4.25,% a.a.,diária
2021-07-12,432,Meta Selic,4.25,% a.a.,diária
2021-07-13,432,Meta Selic,4.25,% a.a.,diária
2021-07-14,432,Meta Selic,4.25,% a.a.,diária
2021-07-15,432,Meta Selic,4.25,% a.a.,diária
2021-07-16,432,Meta Selic,4.25,% a.a.,diária
2021-07-17,432,Meta Selic,4.25,% a.a.,diária
2021-07-18,432,Meta Selic,4.25,% a.a.,diária
2021-07-19,432,Meta Selic,4.25,% a.a.,diária
2021-07-20,432,Meta Selic,4.25,% a.a.,diária
2021-07-21,432,Meta Selic,4.25,% a.a.,diária
2021-07-22,432,Meta Selic,4.25,% a.a.,diária
2021-07-23,432,Meta Selic,4.25,% a.a.,diária
2021-07-24,432,Meta Selic,4.25,% a.a.,diária
2021-07-25,432,Meta Selic,4.25,% a.a.,diária
2021-07-26,432,Meta Selic,4.25,% a.a.,diária
2021-07-27,432,Meta Selic,4.25,% a.a.,diária
2021-07-28,432,Meta Selic,4.25,% a.a.,diária
2021-07-29,432,Meta Selic,4.25,% a.a.,diária
2021-07-30,432,Meta Selic,4.25,% a.a.,diária
2021-07-31,432,Meta Selic,4.25,% a.a.,diária
2021-08-01,432,Meta Selic,4.25,% a.a.,diária
2021-08-02,432,Meta Selic,4.25,% a.a.,diária
2021-08-03,432,Meta Selic,4.25,% a.a.,diária
2021-08-04,432,Meta Selic,4.25,% a.a.,diária
2021-08-05,432,Meta Selic,5.25,% a.a.,diária
2021-08-06,432,Meta Selic,5.25,% a.a.,diária
2021-08-07,432,Meta Selic,5.25,% a.a.,diária
2021-08-08,432,Meta Selic,5.25,% a.a.,diária
2021-08-09,432,Meta Selic,5.25,% a.a.,diária
2021-08-10,432,Meta Selic,5.25,% a.a.,diária
2021-08-11,432,Meta Selic,5.25,% a.a.,diária
2021-08-12,432,Meta Selic,5.25,% a.a.,diária
2021-08-13,432,Meta Selic,5.25,% a.a.,diária
2021-08-14,432,Meta Selic,5.25,% a.a.,diária
2021-08-15,432,Meta Selic,5.25,% a.a.,diária
2021-08-16,432,Meta Selic,5.25,% a.a.,diária
2021-08-17,432,Meta Selic,5.25,% a.a.,diária
2021-08-18,432,Meta Selic,5.25,% a.a.,diária
2021-08-19,432,Meta Selic,5.25,% a.a.,diária
2021-08-20,432,Meta Selic,5.25,% a.a.,diária
2021-08-21,432,Meta Selic,5.25,% a.a.,diária
2021-08-22,432,Meta Selic,5.25,% a.a.,diária
2021-08-23,432,Meta Selic,5.25,% a.a.,diária
2021-08-24,432,Meta Selic,5.25,% a.a.,diária
2021-08-25,432,Meta Selic,5.25,% a.a.,diária
2021-08-26,432,Meta Selic,5.25,% a.a.,diária
2021-08-27,432,Meta Selic,5.25,% a.a.,diária
2021-08-28,432,Meta Selic,5.25,% a.a.,diária
2021-08-29,432,Meta Selic,5.25,% a.a.,diária
2021-08-30,432,Meta Selic,5.25,% a.a.,diária
2021-08-31,432,Meta Selic,5.25,% a.a.,diária
2021-09-01,432,Meta Selic,5.25,% a.a.,diária
2021-09-02,432,Meta Selic,5.25,% a.a.,diária
2021-09-03,432,Meta Selic,5.25,% a.a.,diária
2021-09-04,432,Meta Selic,5.25,% a.a.,diária
2021-09-05,432,Meta Selic,5.25,% a.a.,diária
2021-09-06,432,Meta Selic,5.25,% a.a.,diária
2021-09-07,432,Meta Selic,5.25,% a.a.,diária
2021-09-08,432,Meta Selic,5.25,% a.a.,diária
2021-09-09,432,Meta Selic,5.25,% a.a.,diária
2021-09-10,432,Meta Selic,5.25,% a.a.,diária
2021-09-11,432,Meta Selic,5.25,% a.a.,diária
2021-09-12,432,Meta Selic,5.25,% a.a.,diária
2021-09-13,432,Meta Selic,5.25,% a.a.,diária
2021-09-14,432,Meta Selic,5.25,% a.a.,diária
2021-09-15,432,Meta Selic,5.25,% a.a.,diária
2021-09-16,432,Meta Selic,5.25,% a.a.,diária
2021-09-17,432,Meta Selic,5.25,% a.a.,diária
2021-09-18,432,Meta Selic,5.25,% a.a.,diária
2021-09-19,432,Meta Selic,5.25,% a.a.,diária
2021-09-20,432,Meta Selic,5.25,% a.a.,diária
2021-09-21,432,Meta Selic,5.25,% a.a.,diária
2021-09-22,432,Meta Selic,5.25,% a.a.,diária
2021-09-23,432,Meta Selic,6.25,% a.a.,diária
2021-09-24,432,Meta Selic,6.25,% a.a.,diária
2021-09-25,432,Meta Selic,6.25,% a.a.,diária
2021-09-26,432,Meta Selic,6.25,% a.a.,diária
2021-09-27,432,Meta Selic,6.25,% a.a.,diária
2021-09-28,432,Meta Selic,6.25,% a.a.,diária
2021-09-29,432,Meta Selic,6.25,% a.a.,diária
2021-09-30,432,Meta Selic,6.25,% a.a.,diária
2021-10-01,432,Meta Selic,6.25,% a.a.,diária
2021-10-02,432,Meta Selic,6.25,% a.a.,diária
2021-10-03,432,Meta Selic,6.25,% a.a.,diária
2021-10-04,432,Meta Selic,6.25,% a.a.,diária
2021-10-05,432,Meta Selic,6.25,% a.a.,diária
2021-10-06,432,Meta Selic,6.25,% a.a.,diária
2021-10-07,432,Meta Selic,6.25,% a.a.,diária
2021-10-08,432,Meta Selic,6.25,% a.a.,diária
2021-10-09,432,Meta Selic,6.25,% a.a.,diária
2021-10-10,432,Meta Selic,6.25,% a.a.,diária
2021-10-11,432,Meta Selic,6.25,% a.a.,diária
2021-10-12,432,Meta Selic,6.25,% a.a.,diária
2021-10-13,432,Meta Selic,6.25,% a.a.,diária
2021-10-14,432,Meta Selic,6.25,% a.a.,diária
2021-10-15,432,Meta Selic,6.25,% a.a.,diária
2021-10-16,432,Meta Selic,6.25,% a.a.,diária
2021-10-17,432,Meta Selic,6.25,% a.a.,diária
2021-10-18,432,Meta Selic,6.25,% a.a.,diária
2021-10-19,432,Meta Selic,6.25,% a.a.,diária
2021-10-20,432,Meta Selic,6.25,% a.a.,diária
2021-10-21,432,Meta Selic,6.25,% a.a.,diária
2021-10-22,432,Meta Selic,6.25,% a.a.,diária
2021-10-23,432,Meta Selic,6.25,% a.a.,diária
2021-10-24,432,Meta Selic,6.25,% a.a.,diária
2021-10-25,432,Meta Selic,6.25,% a.a.,diária
2021-10-26,432,Meta Selic,6.25,% a.a.,diária
2021-10-27,432,Meta Selic,6.25,% a.a.,diária
2021-10-28,432,Meta Selic,7.75,% a.a.,diária
2021-10-29,432,Meta Selic,7.75,% a.a.,diária
2021-10-30,432,Meta Selic,7.75,% a.a.,diária
2021-10-31,432,Meta Selic,7.75,% a.a.,diária
2021-11-01,432,Meta Selic,7.75,% a.a.,diária
2021-11-02,432,Meta Selic,7.75,% a.a.,diária
2021-11-03,432,Meta Selic,7.75,% a.a.,diária
2021-11-04,432,Meta Selic,7.75,% a.a.,diária
2021-11-05,432,Meta Selic,7.75,% a.a.,diária
2021-11-06,432,Meta Selic,7.75,% a.a.,diária
2021-11-07,432,Meta Selic,7.75,% a.a.,diária
2021-11-08,432,Meta Selic,7.75,% a.a.,diária
2021-11-09,432,Meta Selic,7.75,% a.a.,diária
2021-11-10,432,Meta Selic,7.75,% a.a.,diária
2021-11-11,432,Meta Selic,7.75,% a.a.,diária
2021-11-12,432,Meta Selic,7.75,% a.a.,diária
2021-11-13,432,Meta Selic,7.75,% a.a.,diária
2021-11-14,432,Meta Selic,7.75,% a.a.,diária
2021-11-15,432,Meta Selic,7.75,% a.a.,diária
2021-11-16,432,Meta Selic,7.75,% a.a.,diária
2021-11-17,432,Meta Selic,7.75,% a.a.,diária
2021-11-18,432,Meta Selic,7.75,% a.a.,diária
2021-11-19,432,Meta Selic,7.75,% a.a.,diária
2021-11-20,432,Meta Selic,7.75,% a.a.,diária
2021-11-21,432,Meta Selic,7.75,% a.a.,diária
2021-11-22,432,Meta Selic,7.75,% a.a.,diária
2021-11-23,432,Meta Selic,7.75,% a.a.,diária
2021-11-24,432,Meta Selic,7.75,% a.a.,diária
2021-11-25,432,Meta Selic,7.75,% a.a.,diária
2021-11-26,432,Meta Selic,7.75,% a.a.,diária
2021-11-27,432,Meta Selic,7.75,% a.a.,diária
2021-11-28,432,Meta Selic,7.75,% a.a.,diária
2021-11-29,432,Meta Selic,7.75,% a.a.,diária
2021-11-30,432,Meta Selic,7.75,% a.a.,diária
2021-12-01,432,Meta Selic,7.75,% a.a.,diária
2021-12-02,432,Meta Selic,7.75,% a.a.,diária
2021-12-03,432,Meta Selic,7.75,% a.a.,diária
2021-12-04,432,Meta Selic,7.75,% a.a.,diária
2021-12-05,432,Meta Selic,7.75,% a.a.,diária
2021-12-06,432,Meta Selic,7.75,% a.a.,diária
2021-12-07,432,Meta Selic,7.75,% a.a.,diária
2021-12-08,432,Meta Selic,7.75,% a.a.,diária
2021-12-09,432,Meta Selic,9.25,% a.a.,diária
2021-12-10,432,Meta Selic,9.25,% a.a.,diária
2021-12-11,432,Meta Selic,9.25,% a.a.,diária
2021-12-12,432,Meta Selic,9.25,% a.a.,diária
2021-12-13,432,Meta Selic,9.25,% a.a.,diária
2021-12-14,432,Meta Selic,9.25,% a.a.,diária
2021-12-15,432,Meta Selic,9.25,% a.a.,diária
2021-12-16,432,Meta Selic,9.25,% a.a.,diária
2021-12-17,432,Meta Selic,9.25,% a.a.,diária
2021-12-18,432,Meta Selic,9.25,% a.a.,diária
2021-12-19,432,Meta Selic,9.25,% a.a.,diária
2021-12-20,432,Meta Selic,9.25,% a.a.,diária
2021-12-21,432,Meta Selic,9.25,% a.a.,diária
2021-12-22,432,Meta Selic,9.25,% a.a.,diária
2021-12-23,432,Meta Selic,9.25,% a.a.,diária
2021-12-24,432,Meta Selic,9.25,% a.a.,diária
2021-12-25,432,Meta Selic,9.25,% a.a.,diária
2021-12-26,432,Meta Selic,9.25,% a.a.,diária
2021-12-27,432,Meta Selic,9.25,% a.a.,diária
2021-12-28,432,Meta Selic,9.25,% a.a.,diária
2021-12-29,432,Meta Selic,9.25,% a.a.,diária
2021-12-30,432,Meta Selic,9.25,% a.a.,diária
2021-12-31,432,Meta Selic,9.25,% a.a.,diária
2022-01-01,432,Meta Selic,9.25,% a.a.,diária
2022-01-02,432,Meta Selic,9.25,% a.a.,diária
2022-01-03,432,Meta Selic,9.25,% a.a.,diária
2022-01-04,432,Meta Selic,9.25,% a.a.,diária
2022-01-05,432,Meta Selic,9.25,% a.a.,diária
2022-01-06,432,Meta Selic,9.25,% a.a.,diária
2022-01-07,432,Meta Selic,9.25,% a.a.,diária
2022-01-08,432,Meta Selic,9.25,% a.a.,diária
2022-01-09,432,Meta Selic,9.25,% a.a.,diária
2022-01-10,432,Meta Selic,9.25,% a.a.,diária
2022-01-11,432,Meta Selic,9.25,% a.a.,diária
2022-01-12,432,Meta Selic,9.25,% a.a.,diária
2022-01-13,432,Meta Selic,9.25,% a.a.,diária
2022-01-14,432,Meta Selic,9.25,% a.a.,diária
2022-01-15,432,Meta Selic,9.25,% a.a.,diária
2022-01-16,432,Meta Selic,9.25,% a.a.,diária
2022-01-17,432,Meta Selic,9.25,% a.a.,diária
2022-01-18,432,Meta Selic,9.25,% a.a.,diária
2022-01-19,432,Meta Selic,9.25,% a.a.,diária
2022-01-20,432,Meta Selic,9.25,% a.a.,diária
2022-01-21,432,Meta Selic,9.25,% a.a.,diária
2022-01-22,432,Meta Selic,9.25,% a.a.,diária
2022-01-23,432,Meta Selic,9.25,% a.a.,diária
2022-01-24,432,Meta Selic,9.25,% a.a.,diária
2022-01-25,432,Meta Selic,9.25,% a.a.,diária
2022-01-26,432,Meta Selic,9.25,% a.a.,diária
2022-01-27,432,Meta Selic,9.25,% a.a.,diária
2022-01-28,432,Meta Selic,9.25,% a.a.,diária
2022-01-29,432,Meta Selic,9.25,% a.a.,diária
2022-01-30,432,Meta Selic,9.25,% a.a.,diária
2022-01-31,432,Meta Selic,9.25,% a.a.,diária
2022-02-01,432,Meta Selic,9.25,% a.a.,diária
2022-02-02,432,Meta Selic,9.25,% a.a.,diária
2022-02-03,432,Meta Selic,10.75,% a.a.,diária
2022-02-04,432,Meta Selic,10.75,% a.a.,diária
2022-02-05,432,Meta Selic,10.75,% a.a.,diária
2022-02-06,432,Meta Selic,10.75,% a.a.,diária
2022-02-07,432,Meta Selic,10.75,% a.a.,diária
2022-02-08,432,Meta Selic,10.75,% a.a.,diária
2022-02-09,432,Meta Selic,10.75,% a.a.,diária
2022-02-10,432,Meta Selic,10.75,% a.a.,diária
2022-02-11,432,Meta Selic,10.75,% a.a.,diária
2022-02-12,432,Meta Selic,10.75,% a.a.,diária
2022-02-13,432,Meta Selic,10.75,% a.a.,diária
2022-02-14,432,Meta Selic,10.75,% a.a.,diária
2022-02-15,432,Meta Selic,10.75,% a.a.,diária
2022-02-16,432,Meta Selic,10.75,% a.a.,diária
2022-02-17,432,Meta Selic,10.75,% a.a.,diária
2022-02-18,432,Meta Selic,10.75,% a.a.,diária
2022-02-19,432,Meta Selic,10.75,% a.a.,diária
2022-02-20,432,Meta Selic,10.75,% a.a.,diária
2022-02-21,432,Meta Selic,10.75,% a.a.,diária
2022-02-22,432,Meta Selic,10.75,% a.a.,diária
2022-02-23,432,Meta Selic,10.75,% a.a.,diária
2022-02-24,432,Meta Selic,10.75,% a.a.,diária
2022-02-25,432,Meta Selic,10.75,% a.a.,diária
2022-02-26,432,Meta Selic,10.75,% a.a.,diária
2022-02-27,432,Meta Selic,10.75,% a.a.,diária
2022-02-28,432,Meta Selic,10.75,% a.a.,diária
2022-03-01,432,Meta Selic,10.75,% a.a.,diária
2022-03-02,432,Meta Selic,10.75,% a.a.,diária
2022-03-03,432,Meta Selic,10.75,% a.a.,diária
2022-03-04,432,Meta Selic,10.75,% a.a.,diária
2022-03-05,432,Meta Selic,10.75,% a.a.,diária
2022-03-06,432,Meta Selic,10.75,% a.a.,diária
2022-03-07,432,Meta Selic,10.75,% a.a.,diária
2022-03-08,432,Meta Selic,10.75,% a.a.,diária
2022-03-09,432,Meta Selic,10.75,% a.a.,diária
2022-03-10,432,Meta Selic,10.75,% a.a.,diária
2022-03-11,432,Meta Selic,10.75,% a.a.,diária
2022-03-12,432,Meta Selic,10.75,% a.a.,diária
2022-03-13,432,Meta Selic,10.75,% a.a.,diária
2022-03-14,432,Meta Selic,10.75,% a.a.,diária
2022-03-15,432,Meta Selic,10.75,% a.a.,diária
2022-03-16,432,Meta Selic,10.75,% a.a.,diária
2022-03-17,432,Meta Selic,11.75,% a.a.,diária
2022-03-18,432,Meta Selic,11.75,% a.a.,diária
2022-03-19,432,Meta Selic,11.75,% a.a.,diária
2022-03-20,432,Meta Selic,11.75,% a.a.,diária
2022-03-21,432,Meta Selic,11.75,% a.a.,diária
2022-03-22,432,Meta Selic,11.75,% a.a.,diária
2022-03-23,432,Meta Selic,11.75,% a.a.,diária
2022-03-24,432,Meta Selic,11.75,% a.a.,diária
2022-03-25,432,Meta Selic,11.75,% a.a.,diária
2022-03-26,432,Meta Selic,11.75,% a.a.,diária
2022-03-27,432,Meta Selic,11.75,% a.a.,diária
2022-03-28,432,Meta Selic,11.75,% a.a.,diária
2022-03-29,432,Meta Selic,11.75,% a.a.,diária
2022-03-30,432,Meta Selic,11.75,% a.a.,diária
2022-03-31,432,Meta Selic,11.75,% a.a.,diária
2022-04-01,432,Meta Selic,11.75,% a.a.,diária
2022-04-02,432,Meta Selic,11.75,% a.a.,diária
2022-04-03,432,Meta Selic,11.75,% a.a.,diária
2022-04-04,432,Meta Selic,11.75,% a.a.,diária
2022-04-05,432,Meta Selic,11.75,% a.a.,diária
2022-04-06,432,Meta Selic,11.75,% a.a.,diária
2022-04-07,432,Meta Selic,11.75,% a.a.,diária
2022-04-08,432,Meta Selic,11.75,% a.a.,diária
2022-04-09,432,Meta Selic,11.75,% a.a.,diária
2022-04-10,432,Meta Selic,11.75,% a.a.,diária
2022-04-11,432,Meta Selic,11.75,% a.a.,diária
2022-04-12,432,Meta Selic,11.75,% a.a.,diária
2022-04-13,432,Meta Selic,11.75,% a.a.,diária
2022-04-14,432,Meta Selic,11.75,% a.a.,diária
2022-04-15,432,Meta Selic,11.75,% a.a.,diária
2022-04-16,432,Meta Selic,11.75,% a.a.,diária
2022-04-17,432,Meta Selic,11.75,% a.a.,diária
2022-04-18,432,Meta Selic,11.75,% a.a.,diária
2022-04-19,432,Meta Selic,11.75,% a.a.,diária
2022-04-20,432,Meta Selic,11.75,% a.a.,diária
2022-04-21,432,Meta Selic,11.75,% a.a.,diária
2022-04-22,432,Meta Selic,11.75,% a.a.,diária
2022-04-23,432,Meta Selic,11.75,% a.a.,diária
2022-04-24,432,Meta Selic,11.75,% a.a.,diária
2022-04-25,432,Meta Selic,11.75,% a.a.,diária
2022-04-26,432,Meta Selic,11.75,% a.a.,diária
2022-04-27,432,Meta Selic,11.75,% a.a.,diária
2022-04-28,432,Meta Selic,11.75,% a.a.,diária
2022-04-29,432,Meta Selic,11.75,% a.a.,diária
2022-04-30,432,Meta Selic,11.75,% a.a.,diária
2022-05-01,432,Meta Selic,11.75,% a.a.,diária
2022-05-02,432,Meta Selic,11.75,% a.a.,diária
2022-05-03,432,Meta Selic,11.75,% a.a.,diária
2022-05-04,432,Meta Selic,11.75,% a.a.,diária
2022-05-05,432,Meta Selic,12.75,% a.a.,diária
2022-05-06,432,Meta Selic,12.75,% a.a.,diária
2022-05-07,432,Meta Selic,12.75,% a.a.,diária
2022-05-08,432,Meta Selic,12.75,% a.a.,diária
2022-05-09,432,Meta Selic,12.75,% a.a.,diária
2022-05-10,432,Meta Selic,12.75,% a.a.,diária
2022-05-11,432,Meta Selic,12.75,% a.a.,diária
2022-05-12,432,Meta Selic,12.75,% a.a.,diária
2022-05-13,432,Meta Selic,12.75,% a.a.,diária
2022-05-14,432,Meta Selic,12.75,% a.a.,diária
2022-05-15,432,Meta Selic,12.75,% a.a.,diária
2022-05-16,432,Meta Selic,12.75,% a.a.,diária
2022-05-17,432,Meta Selic,12.75,% a.a.,diária
2022-05-18,432,Meta Selic,12.75,% a.a.,diária
2022-05-19,432,Meta Selic,12.75,% a.a.,diária
2022-05-20,432,Meta Selic,12.75,% a.a.,diária
2022-05-21,432,Meta Selic,12.75,% a.a.,diária
2022-05-22,432,Meta Selic,12.75,% a.a.,diária
2022-05-23,432,Meta Selic,12.75,% a.a.,diária
2022-05-24,432,Meta Selic,12.75,% a.a.,diária
2022-05-25,432,Meta Selic,12.75,% a.a.,diária
2022-05-26,432,Meta Selic,12.75,% a.a.,diária
2022-05-27,432,Meta Selic,12.75,% a.a.,diária
2022-05-28,432,Meta Selic,12.75,% a.a.,diária
2022-05-29,432,Meta Selic,12.75,% a.a.,diária
2022-05-30,432,Meta Selic,12.75,% a.a.,diária
2022-05-31,432,Meta Selic,12.75,% a.a.,diária
2022-06-01,432,Meta Selic,12.75,% a.a.,diária
2022-06-02,432,Meta Selic,12.75,% a.a.,diária
2022-06-03,432,Meta Selic,12.75,% a.a.,diária
2022-06-04,432,Meta Selic,12.75,% a.a.,diária
2022-06-05,432,Meta Selic,12.75,% a.a.,diária
2022-06-06,432,Meta Selic,12.75,% a.a.,diária
2022-06-07,432,Meta Selic,12.75,% a.a.,diária
2022-06-08,432,Meta Selic,12.75,% a.a.,diária
2022-06-09,432,Meta Selic,12.75,% a.a.,diária
2022-06-10,432,Meta Selic,12.75,% a.a.,diária
2022-06-11,432,Meta Selic,12.75,% a.a.,diária
2022-06-12,432,Meta Selic,12.75,% a.a.,diária
2022-06-13,432,Meta Selic,12.75,% a.a.,diária
2022-06-14,432,Meta Selic,12.75,% a.a.,diária
2022-06-15,432,Meta Selic,12.75,% a.a.,diária
2022-06-16,432,Meta Selic,13.25,% a.a.,diária
2022-06-17,432,Meta Selic,13.25,% a.a.,diária
2022-06-18,432,Meta Selic,13.25,% a.a.,diária
2022-06-19,432,Meta Selic,13.25,% a.a.,diária
2022-06-20,432,Meta Selic,13.25,% a.a.,diária
2022-06-21,432,Meta Selic,13.25,% a.a.,diária
2022-06-22,432,Meta Selic,13.25,% a.a.,diária
2022-06-23,432,Meta Selic,13.25,% a.a.,diária
2022-06-24,432,Meta Selic,13.25,% a.a.,diária
2022-06-25,432,Meta Selic,13.25,% a.a.,diária
2022-06-26,432,Meta Selic,13.25,% a.a.,diária
2022-06-27,432,Meta Selic,13.25,% a.a.,diária
2022-06-28,432,Meta Selic,13.25,% a.a.,diária
2022-06-29,432,Meta Selic,13.25,% a.a.,diária
2022-06-30,432,Meta Selic,13.25,% a.a.,diária
2022-07-01,432,Meta Selic,13.25,% a.a.,diária
2022-07-02,432,Meta Selic,13.25,% a.a.,diária
2022-07-03,432,Meta Selic,13.25,% a.a.,diária
2022-07-04,432,Meta Selic,13.25,% a.a.,diária
2022-07-05,432,Meta Selic,13.25,% a.a.,diária
2022-07-06,432,Meta Selic,13.25,% a.a.,diária
2022-07-07,432,Meta Selic,13.25,% a.a.,diária
2022-07-08,432,Meta Selic,13.25,% a.a.,diária
2022-07-09,432,Meta Selic,13.25,% a.a.,diária
2022-07-10,432,Meta Selic,13.25,% a.a.,diária
2022-07-11,432,Meta Selic,13.25,% a.a.,diária
2022-07-12,432,Meta Selic,13.25,% a.a.,diária
2022-07-13,432,Meta Selic,13.25,% a.a.,diária
2022-07-14,432,Meta Selic,13.25,% a.a.,diária
2022-07-15,432,Meta Selic,13.25,% a.a.,diária
2022-07-16,432,Meta Selic,13.25,% a.a.,diária
2022-07-17,432,Meta Selic,13.25,% a.a.,diária
2022-07-18,432,Meta Selic,13.25,% a.a.,diária
2022-07-19,432,Meta Selic,13.25,% a.a.,diária
2022-07-20,432,Meta Selic,13.25,% a.a.,diária
2022-07-21,432,Meta Selic,13.25,% a.a.,diária
2022-07-22,432,Meta Selic,13.25,% a.a.,diária
2022-07-23,432,Meta Selic,13.25,% a.a.,diária
2022-07-24,432,Meta Selic,13.25,% a.a.,diária
2022-07-25,432,Meta Selic,13.25,% a.a.,diária
2022-07-26,432,Meta Selic,13.25,% a.a.,diária
2022-07-27,432,Meta Selic,13.25,% a.a.,diária
2022-07-28,432,Meta Selic,13.25,% a.a.,diária
2022-07-29,432,Meta Selic,13.25,% a.a.,diária
2022-07-30,432,Meta Selic,13.25,% a.a.,diária
2022-07-31,432,Meta Selic,13.25,% a.a.,diária
2022-08-01,432,Meta Selic,13.25,% a.a.,diária
2022-08-02,432,Meta Selic,13.25,% a.a.,diária
2022-08-03,432,Meta Selic,13.25,% a.a.,diária
2022-08-04,432,Meta Selic,13.75,% a.a.,diária
2022-08-05,432,Meta Selic,13.75,% a.a.,diária
2022-08-06,432,Meta Selic,13.75,% a.a.,diária
2022-08-07,432,Meta Selic,13.75,% a.a.,diária
2022-08-08,432,Meta Selic,13.75,% a.a.,diária
2022-08-09,432,Meta Selic,13.75,% a.a.,diária
2022-08-10,432,Meta Selic,13.75,% a.a.,diária
2022-08-11,432,Meta Selic,13.75,% a.a.,diária
2022-08-12,432,Meta Selic,13.75,% a.a.,diária
2022-08-13,432,Meta Selic,13.75,% a.a.,diária
2022-08-14,432,Meta Selic,13.75,% a.a.,diária
2022-08-15,432,Meta Selic,13.75,% a.a.,diária
2022-08-16,432,Meta Selic,13.75,% a.a.,diária
2022-08-17,432,Meta Selic,13.75,% a.a.,diária
2022-08-18,432,Meta Selic,13.75,% a.a.,diária
2022-08-19,432,Meta Selic,13.75,% a.a.,diária
2022-08-20,432,Meta Selic,13.75,% a.a.,diária
2022-08-21,432,Meta Selic,13.75,% a.a.,diária
2022-08-22,432,Meta Selic,13.75,% a.a.,diária
2022-08-23,432,Meta Selic,13.75,% a.a.,diária
2022-08-24,432,Meta Selic,13.75,% a.a.,diária
2022-08-25,432,Meta Selic,13.75,% a.a.,diária
2022-08-26,432,Meta Selic,13.75,% a.a.,diária
2022-08-27,432,Meta Selic,13.75,% a.a.,diária
2022-08-28,432,Meta Selic,13.75,% a.a.,diária
2022-08-29,432,Meta Selic,13.75,% a.a.,diária
2022-08-30,432,Meta Selic,13.75,% a.a.,diária
2022-08-31,432,Meta Selic,13.75,% a.a.,diária
2022-09-01,432,Meta Selic,13.75,% a.a.,diária
2022-09-02,432,Meta Selic,13.75,% a.a.,diária
2022-09-03,432,Meta Selic,13.75,% a.a.,diária
2022-09-04,432,Meta Selic,13.75,% a.a.,diária
2022-09-05,432,Meta Selic,13.75,% a.a.,diária
2022-09-06,432,Meta Selic,13.75,% a.a.,diária
2022-09-07,432,Meta Selic,13.75,% a.a.,diária
2022-09-08,432,Meta Selic,13.75,% a.a.,diária
2022-09-09,432,Meta Selic,13.75,% a.a.,diária
2022-09-10,432,Meta Selic,13.75,% a.a.,diária
2022-09-11,432,Meta Selic,13.75,% a.a.,diária
2022-09-12,432,Meta Selic,13.75,% a.a.,diária
2022-09-13,432,Meta Selic,13.75,% a.a.,diária
2022-09-14,432,Meta Selic,13.75,% a.a.,diária
2022-09-15,432,Meta Selic,13.75,% a.a.,diária
2022-09-16,432,Meta Selic,13.75,% a.a.,diária
2022-09-17,432,Meta Selic,13.75,% a.a.,diária
2022-09-18,432,Meta Selic,13.75,% a.a.,diária
2022-09-19,432,Meta Selic,13.75,% a.a.,diária
2022-09-20,432,Meta Selic,13.75,% a.a.,diária
2022-09-21,432,Meta Selic,13.75,% a.a.,diária
2022-09-22,432,Meta Selic,13.75,% a.a.,diária
2022-09-23,432,Meta Selic,13.75,% a.a.,diária
2022-09-24,432,Meta Selic,13.75,% a.a.,diária
2022-09-25,432,Meta Selic,13.75,% a.a.,diária
2022-09-26,432,Meta Selic,13.75,% a.a.,diária
2022-09-27,432,Meta Selic,13.75,% a.a.,diária
2022-09-28,432,Meta Selic,13.75,% a.a.,diária
2022-09-29,432,Meta Selic,13.75,% a.a.,diária
2022-09-30,432,Meta Selic,13.75,% a.a.,diária
2022-10-01,432,Meta Selic,13.75,% a.a.,diária
2022-10-02,432,Meta Selic,13.75,% a.a.,diária
2022-10-03,432,Meta Selic,13.75,% a.a.,diária
2022-10-04,432,Meta Selic,13.75,% a.a.,diária
2022-10-05,432,Meta Selic,13.75,% a.a.,diária
2022-10-06,432,Meta Selic,13.75,% a.a.,diária
2022-10-07,432,Meta Selic,13.75,% a.a.,diária
2022-10-08,432,Meta Selic,13.75,% a.a.,diária
2022-10-09,432,Meta Selic,13.75,% a.a.,diária
2022-10-10,432,Meta Selic,13.75,% a.a.,diária
2022-10-11,432,Meta Selic,13.75,% a.a.,diária
2022-10-12,432,Meta Selic,13.75,% a.a.,diária
2022-10-13,432,Meta Selic,13.75,% a.a.,diária
2022-10-14,432,Meta Selic,13.75,% a.a.,diária
2022-10-15,432,Meta Selic,13.75,% a.a.,diária
2022-10-16,432,Meta Selic,13.75,% a.a.,diária
2022-10-17,432,Meta Selic,13.75,% a.a.,diária
2022-10-18,432,Meta Selic,13.75,% a.a.,diária
2022-10-19,432,Meta Selic,13.75,% a.a.,diária
2022-10-20,432,Meta Selic,13.75,% a.a.,diária
2022-10-21,432,Meta Selic,13.75,% a.a.,diária
2022-10-22,432,Meta Selic,13.75,% a.a.,diária
2022-10-23,432,Meta Selic,13.75,% a.a.,diária
2022-10-24,432,Meta Selic,13.75,% a.a.,diária
2022-10-25,432,Meta Selic,13.75,% a.a.,diária
2022-10-26,432,Meta Selic,13.75,% a.a.,diária
2022-10-27,432,Meta Selic,13.75,% a.a.,diária
2022-10-28,432,Meta Selic,13.75,% a.a.,diária
2022-10-29,432,Meta Selic,13.75,% a.a.,diária
2022-10-30,432,Meta Selic,13.75,% a.a.,diária
2022-10-31,432,Meta Selic,13.75,% a.a.,diária
2022-11-01,432,Meta Selic,13.75,% a.a.,diária
2022-11-02,432,Meta Selic,13.75,% a.a.,diária
2022-11-03,432,Meta Selic,13.75,% a.a.,diária
2022-11-04,432,Meta Selic,13.75,% a.a.,diária
2022-11-05,432,Meta Selic,13.75,% a.a.,diária
2022-11-06,432,Meta Selic,13.75,% a.a.,diária
2022-11-07,432,Meta Selic,13.75,% a.a.,diária
2022-11-08,432,Meta Selic,13.75,% a.a.,diária
2022-11-09,432,Meta Selic,13.75,% a.a.,diária
2022-11-10,432,Meta Selic,13.75,% a.a.,diária
2022-11-11,432,Meta Selic,13.75,% a.a.,diária
2022-11-12,432,Meta Selic,13.75,% a.a.,diária
2022-11-13,432,Meta Selic,13.75,% a.a.,diária
2022-11-14,432,Meta Selic,13.75,% a.a.,diária
2022-11-15,432,Meta Selic,13.75,% a.a.,diária
2022-11-16,432,Meta Selic,13.75,% a.a.,diária
2022-11-17,432,Meta Selic,13.75,% a.a.,diária
2022-11-18,432,Meta Selic,13.75,% a.a.,diária
2022-11-19,432,Meta Selic,13.75,% a.a.,diária
2022-11-20,432,Meta Selic,13.75,% a.a.,diária
2022-11-21,432,Meta Selic,13.75,% a.a.,diária
2022-11-22,432,Meta Selic,13.75,% a.a.,diária
2022-11-23,432,Meta Selic,13.75,% a.a.,diária
2022-11-24,432,Meta Selic,13.75,% a.a.,diária
2022-11-25,432,Meta Selic,13.75,% a.a.,diária
2022-11-26,432,Meta Selic,13.75,% a.a.,diária
2022-11-27,432,Meta Selic,13.75,% a.a.,diária
2022-11-28,432,Meta Selic,13.75,% a.a.,diária
2022-11-29,432,Meta Selic,13.75,% a.a.,diária
2022-11-30,432,Meta Selic,13.75,% a.a.,diária
2022-12-01,432,Meta Selic,13.75,% a.a.,diária
2022-12-02,432,Meta Selic,13.75,% a.a.,diária
2022-12-03,432,Meta Selic,13.75,% a.a.,diária
2022-12-04,432,Meta Selic,13.75,% a.a.,diária
2022-12-05,432,Meta Selic,13.75,% a.a.,diária
2022-12-06,432,Meta Selic,13.75,% a.a.,diária
2022-12-07,432,Meta Selic,13.75,% a.a.,diária
2022-12-08,432,Meta Selic,13.75,% a.a.,diária
2022-12-09,432,Meta Selic,13.75,% a.a.,diária
2022-12-10,432,Meta Selic,13.75,% a.a.,diária
2022-12-11,432,Meta Selic,13.75,% a.a.,diária
2022-12-12,432,Meta Selic,13.75,% a.a.,diária
2022-12-13,432,Meta Selic,13.75,% a.a.,diária
2022-12-14,432,Meta Selic,13.75,% a.a.,diária
2022-12-15,432,Meta Selic,13.75,% a.a.,diária
2022-12-16,432,Meta Selic,13.75,% a.a.,diária
2022-12-17,432,Meta Selic,13.75,% a.a.,diária
2022-12-18,432,Meta Selic,13.75,% a.a.,diária
2022-12-19,432,Meta Selic,13.75,% a.a.,diária
2022-12-20,432,Meta Selic,13.75,% a.a.,diária
2022-12-21,432,Meta Selic,13.75,% a.a.,diária
2022-12-22,432,Meta Selic,13.75,% a.a.,diária
2022-12-23,432,Meta Selic,13.75,% a.a.,diária
2022-12-24,432,Meta Selic,13.75,% a.a.,diária
2022-12-25,432,Meta Selic,13.75,% a.a.,diária
2022-12-26,432,Meta Selic,13.75,% a.a.,diária
2022-12-27,432,Meta Selic,13.75,% a.a.,diária
2022-12-28,432,Meta Selic,13.75,% a.a.,diária
2022-12-29,432,Meta Selic,13.75,% a.a.,diária
2022-12-30,432,Meta Selic,13.75,% a.a.,diária
2022-12-31,432,Meta Selic,13.75,% a.a.,diária
2023-01-01,432,Meta Selic,13.75,% a.a.,diária
2023-01-02,432,Meta Selic,13.75,% a.a.,diária
2023-01-03,432,Meta Selic,13.75,% a.a.,diária
2023-01-04,432,Meta Selic,13.75,% a.a.,diária
2023-01-05,432,Meta Selic,13.75,% a.a.,diária
2023-01-06,432,Meta Selic,13.75,% a.a.,diária
2023-01-07,432,Meta Selic,13.75,% a.a.,diária
2023-01-08,432,Meta Selic,13.75,% a.a.,diária
2023-01-09,432,Meta Selic,13.75,% a.a.,diária
2023-01-10,432,Meta Selic,13.75,% a.a.,diária
2023-01-11,432,Meta Selic,13.75,% a.a.,diária
2023-01-12,432,Meta Selic,13.75,% a.a.,diária
2023-01-13,432,Meta Selic,13.75,% a.a.,diária
2023-01-14,432,Meta Selic,13.75,% a.a.,diária
2023-01-15,432,Meta Selic,13.75,% a.a.,diária
2023-01-16,432,Meta Selic,13.75,% a.a.,diária
2023-01-17,432,Meta Selic,13.75,% a.a.,diária
2023-01-18,432,Meta Selic,13.75,% a.a.,diária
2023-01-19,432,Meta Selic,13.75,% a.a.,diária
2023-01-20,432,Meta Selic,13.75,% a.a.,diária
2023-01-21,432,Meta Selic,13.75,% a.a.,diária
2023-01-22,432,Meta Selic,13.75,% a.a.,diária
2023-01-23,432,Meta Selic,13.75,% a.a.,diária
2023-01-24,432,Meta Selic,13.75,% a.a.,diária
2023-01-25,432,Meta Selic,13.75,% a.a.,diária
2023-01-26,432,Meta Selic,13.75,% a.a.,diária
2023-01-27,432,Meta Selic,13.75,% a.a.,diária
2023-01-28,432,Meta Selic,13.75,% a.a.,diária
2023-01-29,432,Meta Selic,13.75,% a.a.,diária
2023-01-30,432,Meta Selic,13.75,% a.a.,diária
2023-01-31,432,Meta Selic,13.75,% a.a.,diária
2023-02-01,432,Meta Selic,13.75,% a.a.,diária
2023-02-02,432,Meta Selic,13.75,% a.a.,diária
2023-02-03,432,Meta Selic,13.75,% a.a.,diária
2023-02-04,432,Meta Selic,13.75,% a.a.,diária
2023-02-05,432,Meta Selic,13.75,% a.a.,diária
2023-02-06,432,Meta Selic,13.75,% a.a.,diária
2023-02-07,432,Meta Selic,13.75,% a.a.,diária
2023-02-08,432,Meta Selic,13.75,% a.a.,diária
2023-02-09,432,Meta Selic,13.75,% a.a.,diária
2023-02-10,432,Meta Selic,13.75,% a.a.,diária
2023-02-11,432,Meta Selic,13.75,% a.a.,diária
2023-02-12,432,Meta Selic,13.75,% a.a.,diária
2023-02-13,432,Meta Selic,13.75,% a.a.,diária
2023-02-14,432,Meta Selic,13.75,% a.a.,diária
2023-02-15,432,Meta Selic,13.75,% a.a.,diária
2023-02-16,432,Meta Selic,13.75,% a.a.,diária
2023-02-17,432,Meta Selic,13.75,% a.a.,diária
2023-02-18,432,Meta Selic,13.75,% a.a.,diária
2023-02-19,432,Meta Selic,13.75,% a.a.,diária
2023-02-20,432,Meta Selic,13.75,% a.a.,diária
2023-02-21,432,Meta Selic,13.75,% a.a.,diária
2023-02-22,432,Meta Selic,13.75,% a.a.,diária
2023-02-23,432,Meta Selic,13.75,% a.a.,diária
2023-02-24,432,Meta Selic,13.75,% a.a.,diária
2023-02-25,432,Meta Selic,13.75,% a.a.,diária
2023-02-26,432,Meta Selic,13.75,% a.a.,diária
2023-02-27,432,Meta Selic,13.75,% a.a.,diária
2023-02-28,432,Meta Selic,13.75,% a.a.,diária
2023-03-01,432,Meta Selic,13.75,% a.a.,diária
2023-03-02,432,Meta Selic,13.75,% a.a.,diária
2023-03-03,432,Meta Selic,13.75,% a.a.,diária
2023-03-04,432,Meta Selic,13.75,% a.a.,diária
2023-03-05,432,Meta Selic,13.75,% a.a.,diária
2023-03-06,432,Meta Selic,13.75,% a.a.,diária
2023-03-07,432,Meta Selic,13.75,% a.a.,diária
2023-03-08,432,Meta Selic,13.75,% a.a.,diária
2023-03-09,432,Meta Selic,13.75,% a.a.,diária
2023-03-10,432,Meta Selic,13.75,% a.a.,diária
2023-03-11,432,Meta Selic,13.75,% a.a.,diária
2023-03-12,432,Meta Selic,13.75,% a.a.,diária
2023-03-13,432,Meta Selic,13.75,% a.a.,diária
2023-03-14,432,Meta Selic,13.75,% a.a.,diária
2023-03-15,432,Meta Selic,13.75,% a.a.,diária
2023-03-16,432,Meta Selic,13.75,% a.a.,diária
2023-03-17,432,Meta Selic,13.75,% a.a.,diária
2023-03-18,432,Meta Selic,13.75,% a.a.,diária
2023-03-19,432,Meta Selic,13.75,% a.a.,diária
2023-03-20,432,Meta Selic,13.75,% a.a.,diária
2023-03-21,432,Meta Selic,13.75,% a.a.,diária
2023-03-22,432,Meta Selic,13.75,% a.a.,diária
2023-03-23,432,Meta Selic,13.75,% a.a.,diária
2023-03-24,432,Meta Selic,13.75,% a.a.,diária
2023-03-25,432,Meta Selic,13.75,% a.a.,diária
2023-03-26,432,Meta Selic,13.75,% a.a.,diária
2023-03-27,432,Meta Selic,13.75,% a.a.,diária
2023-03-28,432,Meta Selic,13.75,% a.a.,diária
2023-03-29,432,Meta Selic,13.75,% a.a.,diária
2023-03-30,432,Meta Selic,13.75,% a.a.,diária
2023-03-31,432,Meta Selic,13.75,% a.a.,diária
2023-04-01,432,Meta Selic,13.75,% a.a.,diária
2023-04-02,432,Meta Selic,13.75,% a.a.,diária
2023-04-03,432,Meta Selic,13.75,% a.a.,diária
2023-04-04,432,Meta Selic,13.75,% a.a.,diária
2023-04-05,432,Meta Selic,13.75,% a.a.,diária
2023-04-06,432,Meta Selic,13.75,% a.a.,diária
2023-04-07,432,Meta Selic,13.75,% a.a.,diária
2023-04-08,432,Meta Selic,13.75,% a.a.,diária
2023-04-09,432,Meta Selic,13.75,% a.a.,diária
2023-04-10,432,Meta Selic,13.75,% a.a.,diária
2023-04-11,432,Meta Selic,13.75,% a.a.,diária
2023-04-12,432,Meta Selic,13.75,% a.a.,diária
2023-04-13,432,Meta Selic,13.75,% a.a.,diária
2023-04-14,432,Meta Selic,13.75,% a.a.,diária
2023-04-15,432,Meta Selic,13.75,% a.a.,diária
2023-04-16,432,Meta Selic,13.75,% a.a.,diária
2023-04-17,432,Meta Selic,13.75,% a.a.,diária
2023-04-18,432,Meta Selic,13.75,% a.a.,diária
2023-04-19,432,Meta Selic,13.75,% a.a.,diária
2023-04-20,432,Meta Selic,13.75,% a.a.,diária
2023-04-21,432,Meta Selic,13.75,% a.a.,diária
2023-04-22,432,Meta Selic,13.75,% a.a.,diária
2023-04-23,432,Meta Selic,13.75,% a.a.,diária
2023-04-24,432,Meta Selic,13.75,% a.a.,diária
2023-04-25,432,Meta Selic,13.75,% a.a.,diária
2023-04-26,432,Meta Selic,13.75,% a.a.,diária
2023-04-27,432,Meta Selic,13.75,% a.a.,diária
2023-04-28,432,Meta Selic,13.75,% a.a.,diária
2023-04-29,432,Meta Selic,13.75,% a.a.,diária
2023-04-30,432,Meta Selic,13.75,% a.a.,diária
2023-05-01,432,Meta Selic,13.75,% a.a.,diária
2023-05-02,432,Meta Selic,13.75,% a.a.,diária
2023-05-03,432,Meta Selic,13.75,% a.a.,diária
2023-05-04,432,Meta Selic,13.75,% a.a.,diária
2023-05-05,432,Meta Selic,13.75,% a.a.,diária
2023-05-06,432,Meta Selic,13.75,% a.a.,diária
2023-05-07,432,Meta Selic,13.75,% a.a.,diária
2023-05-08,432,Meta Selic,13.75,% a.a.,diária
2023-05-09,432,Meta Selic,13.75,% a.a.,diária
2023-05-10,432,Meta Selic,13.75,% a.a.,diária
2023-05-11,432,Meta Selic,13.75,% a.a.,diária
2023-05-12,432,Meta Selic,13.75,% a.a.,diária
2023-05-13,432,Meta Selic,13.75,% a.a.,diária
2023-05-14,432,Meta Selic,13.75,% a.a.,diária
2023-05-15,432,Meta Selic,13.75,% a.a.,diária
2023-05-16,432,Meta Selic,13.75,% a.a.,diária
2023-05-17,432,Meta Selic,13.75,% a.a.,diária
2023-05-18,432,Meta Selic,13.75,% a.a.,diária
2023-05-19,432,Meta Selic,13.75,% a.a.,diária
2023-05-20,432,Meta Selic,13.75,% a.a.,diária
2023-05-21,432,Meta Selic,13.75,% a.a.,diária
2023-05-22,432,Meta Selic,13.75,% a.a.,diária
2023-05-23,432,Meta Selic,13.75,% a.a.,diária
2023-05-24,432,Meta Selic,13.75,% a.a.,diária
2023-05-25,432,Meta Selic,13.75,% a.a.,diária
2023-05-26,432,Meta Selic,13.75,% a.a.,diária
2023-05-27,432,Meta Selic,13.75,% a.a.,diária
2023-05-28,432,Meta Selic,13.75,% a.a.,diária
2023-05-29,432,Meta Selic,13.75,% a.a.,diária
2023-05-30,432,Meta Selic,13.75,% a.a.,diária
2023-05-31,432,Meta Selic,13.75,% a.a.,diária
2023-06-01,432,Meta Selic,13.75,% a.a.,diária
2023-06-02,432,Meta Selic,13.75,% a.a.,diária
2023-06-03,432,Meta Selic,13.75,% a.a.,diária
2023-06-04,432,Meta Selic,13.75,% a.a.,diária
2023-06-05,432,Meta Selic,13.75,% a.a.,diária
2023-06-06,432,Meta Selic,13.75,% a.a.,diária
2023-06-07,432,Meta Selic,13.75,% a.a.,diária
2023-06-08,432,Meta Selic,13.75,% a.a.,diária
2023-06-09,432,Meta Selic,13.75,% a.a.,diária
2023-06-10,432,Meta Selic,13.75,% a.a.,diária
2023-06-11,432,Meta Selic,13.75,% a.a.,diária
2023-06-12,432,Meta Selic,13.75,% a.a.,diária
2023-06-13,432,Meta Selic,13.75,% a.a.,diária
2023-06-14,432,Meta Selic,13.75,% a.a.,diária
2023-06-15,432,Meta Selic,13.75,% a.a.,diária
2023-06-16,432,Meta Selic,13.75,% a.a.,diária
2023-06-17,432,Meta Selic,13.75,% a.a.,diária
2023-06-18,432,Meta Selic,13.75,% a.a.,diária
2023-06-19,432,Meta Selic,13.75,% a.a.,diária
2023-06-20,432,Meta Selic,13.75,% a.a.,diária
2023-06-21,432,Meta Selic,13.75,% a.a.,diária
2023-06-22,432,Meta Selic,13.75,% a.a.,diária
2023-06-23,432,Meta Selic,13.75,% a.a.,diária
2023-06-24,432,Meta Selic,13.75,% a.a.,diária
2023-06-25,432,Meta Selic,13.75,% a.a.,diária
2023-06-26,432,Meta Selic,13.75,% a.a.,diária
2023-06-27,432,Meta Selic,13.75,% a.a.,diária
2023-06-28,432,Meta Selic,13.75,% a.a.,diária
2023-06-29,432,Meta Selic,13.75,% a.a.,diária
2023-06-30,432,Meta Selic,13.75,% a.a.,diária
2023-07-01,432,Meta Selic,13.75,% a.a.,diária
2023-07-02,432,Meta Selic,13.75,% a.a.,diária
2023-07-03,432,Meta Selic,13.75,% a.a.,diária
2023-07-04,432,Meta Selic,13.75,% a.a.,diária
2023-07-05,432,Meta Selic,13.75,% a.a.,diária
2023-07-06,432,Meta Selic,13.75,% a.a.,diária
2023-07-07,432,Meta Selic,13.75,% a.a.,diária
2023-07-08,432,Meta Selic,13.75,% a.a.,diária
2023-07-09,432,Meta Selic,13.75,% a.a.,diária
2023-07-10,432,Meta Selic,13.75,% a.a.,diária
2023-07-11,432,Meta Selic,13.75,% a.a.,diária
2023-07-12,432,Meta Selic,13.75,% a.a.,diária
2023-07-13,432,Meta Selic,13.75,% a.a.,diária
2023-07-14,432,Meta Selic,13.75,% a.a.,diária
2023-07-15,432,Meta Selic,13.75,% a.a.,diária
2023-07-16,432,Meta Selic,13.75,% a.a.,diária
2023-07-17,432,Meta Selic,13.75,% a.a.,diária
2023-07-18,432,Meta Selic,13.75,% a.a.,diária
2023-07-19,432,Meta Selic,13.75,% a.a.,diária
2023-07-20,432,Meta Selic,13.75,% a.a.,diária
2023-07-21,432,Meta Selic,13.75,% a.a.,diária
2023-07-22,432,Meta Selic,13.75,% a.a.,diária
2023-07-23,432,Meta Selic,13.75,% a.a.,diária
2023-07-24,432,Meta Selic,13.75,% a.a.,diária
2023-07-25,432,Meta Selic,13.75,% a.a.,diária
2023-07-26,432,Meta Selic,13.75,% a.a.,diária
2023-07-27,432,Meta Selic,13.75,% a.a.,diária
2023-07-28,432,Meta Selic,13.75,% a.a.,diária
2023-07-29,432,Meta Selic,13.75,% a.a.,diária
2023-07-30,432,Meta Selic,13.75,% a.a.,diária
2023-07-31,432,Meta Selic,13.75,% a.a.,diária
2023-08-01,432,Meta Selic,13.75,% a.a.,diária
2023-08-02,432,Meta Selic,13.75,% a.a.,diária
2023-08-03,432,Meta Selic,13.25,% a.a.,diária
2023-08-04,432,Meta Selic,13.25,% a.a.,diária
2023-08-05,432,Meta Selic,13.25,% a.a.,diária
2023-08-06,432,Meta Selic,13.25,% a.a.,diária
2023-08-07,432,Meta Selic,13.25,% a.a.,diária
2023-08-08,432,Meta Selic,13.25,% a.a.,diária
2023-08-09,432,Meta Selic,13.25,% a.a.,diária
2023-08-10,432,Meta Selic,13.25,% a.a.,diária
2023-08-11,432,Meta Selic,13.25,% a.a.,diária
2023-08-12,432,Meta Selic,13.25,% a.a.,diária
2023-08-13,432,Meta Selic,13.25,% a.a.,diária
2023-08-14,432,Meta Selic,13.25,% a.a.,diária
2023-08-15,432,Meta Selic,13.25,% a.a.,diária
2023-08-16,432,Meta Selic,13.25,% a.a.,diária
2023-08-17,432,Meta Selic,13.25,% a.a.,diária
2023-08-18,432,Meta Selic,13.25,% a.a.,diária
2023-08-19,432,Meta Selic,13.25,% a.a.,diária
2023-08-20,432,Meta Selic,13.25,% a.a.,diária
2023-08-21,432,Meta Selic,13.25,% a.a.,diária
2023-08-22,432,Meta Selic,13.25,% a.a.,diária
2023-08-23,432,Meta Selic,13.25,% a.a.,diária
2023-08-24,432,Meta Selic,13.25,% a.a.,diária
2023-08-25,432,Meta Selic,13.25,% a.a.,diária
2023-08-26,432,Meta Selic,13.25,% a.a.,diária
2023-08-27,432,Meta Selic,13.25,% a.a.,diária
2023-08-28,432,Meta Selic,13.25,% a.a.,diária
2023-08-29,432,Meta Selic,13.25,% a.a.,diária
2023-08-30,432,Meta Selic,13.25,% a.a.,diária
2023-08-31,432,Meta Selic,13.25,% a.a.,diária
2023-09-01,432,Meta Selic,13.25,% a.a.,diária
2023-09-02,432,Meta Selic,13.25,% a.a.,diária
2023-09-03,432,Meta Selic,13.25,% a.a.,diária
2023-09-04,432,Meta Selic,13.25,% a.a.,diária
2023-09-05,432,Meta Selic,13.25,% a.a.,diária
2023-09-06,432,Meta Selic,13.25,% a.a.,diária
2023-09-07,432,Meta Selic,13.25,% a.a.,diária
2023-09-08,432,Meta Selic,13.25,% a.a.,diária
2023-09-09,432,Meta Selic,13.25,% a.a.,diária
2023-09-10,432,Meta Selic,13.25,% a.a.,diária
2023-09-11,432,Meta Selic,13.25,% a.a.,diária
2023-09-12,432,Meta Selic,13.25,% a.a.,diária
2023-09-13,432,Meta Selic,13.25,% a.a.,diária
2023-09-14,432,Meta Selic,13.25,% a.a.,diária
2023-09-15,432,Meta Selic,13.25,% a.a.,diária
2023-09-16,432,Meta Selic,13.25,% a.a.,diária
2023-09-17,432,Meta Selic,13.25,% a.a.,diária
2023-09-18,432,Meta Selic,13.25,% a.a.,diária
2023-09-19,432,Meta Selic,13.25,% a.a.,diária
2023-09-20,432,Meta Selic,13.25,% a.a.,diária
2023-09-21,432,Meta Selic,12.75,% a.a.,diária
2023-09-22,432,Meta Selic,12.75,% a.a.,diária
2023-09-23,432,Meta Selic,12.75,% a.a.,diária
2023-09-24,432,Meta Selic,12.75,% a.a.,diária
2023-09-25,432,Meta Selic,12.75,% a.a.,diária
2023-09-26,432,Meta Selic,12.75,% a.a.,diária
2023-09-27,432,Meta Selic,12.75,% a.a.,diária
2023-09-28,432,Meta Selic,12.75,% a.a.,diária
2023-09-29,432,Meta Selic,12.75,% a.a.,diária
2023-09-30,432,Meta Selic,12.75,% a.a.,diária
2023-10-01,432,Meta Selic,12.75,% a.a.,diária
2023-10-02,432,Meta Selic,12.75,% a.a.,diária
2023-10-03,432,Meta Selic,12.75,% a.a.,diária
2023-10-04,432,Meta Selic,12.75,% a.a.,diária
2023-10-05,432,Meta Selic,12.75,% a.a.,diária
2023-10-06,432,Meta Selic,12.75,% a.a.,diária
2023-10-07,432,Meta Selic,12.75,% a.a.,diária
2023-10-08,432,Meta Selic,12.75,% a.a.,diária
2023-10-09,432,Meta Selic,12.75,% a.a.,diária
2023-10-10,432,Meta Selic,12.75,% a.a.,diária
2023-10-11,432,Meta Selic,12.75,% a.a.,diária
2023-10-12,432,Meta Selic,12.75,% a.a.,diária
2023-10-13,432,Meta Selic,12.75,% a.a.,diária
2023-10-14,432,Meta Selic,12.75,% a.a.,diária
2023-10-15,432,Meta Selic,12.75,% a.a.,diária
2023-10-16,432,Meta Selic,12.75,% a.a.,diária
2023-10-17,432,Meta Selic,12.75,% a.a.,diária
2023-10-18,432,Meta Selic,12.75,% a.a.,diária
2023-10-19,432,Meta Selic,12.75,% a.a.,diária
2023-10-20,432,Meta Selic,12.75,% a.a.,diária
2023-10-21,432,Meta Selic,12.75,% a.a.,diária
2023-10-22,432,Meta Selic,12.75,% a.a.,diária
2023-10-23,432,Meta Selic,12.75,% a.a.,diária
2023-10-24,432,Meta Selic,12.75,% a.a.,diária
2023-10-25,432,Meta Selic,12.75,% a.a.,diária
2023-10-26,432,Meta Selic,12.75,% a.a.,diária
2023-10-27,432,Meta Selic,12.75,% a.a.,diária
2023-10-28,432,Meta Selic,12.75,% a.a.,diária
2023-10-29,432,Meta Selic,12.75,% a.a.,diária
2023-10-30,432,Meta Selic,12.75,% a.a.,diária
2023-10-31,432,Meta Selic,12.75,% a.a.,diária
2023-11-01,432,Meta Selic,12.75,% a.a.,diária
2023-11-02,432,Meta Selic,12.25,% a.a.,diária
2023-11-03,432,Meta Selic,12.25,% a.a.,diária
2023-11-04,432,Meta Selic,12.25,% a.a.,diária
2023-11-05,432,Meta Selic,12.25,% a.a.,diária
2023-11-06,432,Meta Selic,12.25,% a.a.,diária
2023-11-07,432,Meta Selic,12.25,% a.a.,diária
2023-11-08,432,Meta Selic,12.25,% a.a.,diária
2023-11-09,432,Meta Selic,12.25,% a.a.,diária
2023-11-10,432,Meta Selic,12.25,% a.a.,diária
2023-11-11,432,Meta Selic,12.25,% a.a.,diária
2023-11-12,432,Meta Selic,12.25,% a.a.,diária
2023-11-13,432,Meta Selic,12.25,% a.a.,diária
2023-11-14,432,Meta Selic,12.25,% a.a.,diária
2023-11-15,432,Meta Selic,12.25,% a.a.,diária
2023-11-16,432,Meta Selic,12.25,% a.a.,diária
2023-11-17,432,Meta Selic,12.25,% a.a.,diária
2023-11-18,432,Meta Selic,12.25,% a.a.,diária
2023-11-19,432,Meta Selic,12.25,% a.a.,diária
2023-11-20,432,Meta Selic,12.25,% a.a.,diária
2023-11-21,432,Meta Selic,12.25,% a.a.,diária
2023-11-22,432,Meta Selic,12.25,% a.a.,diária
2023-11-23,432,Meta Selic,12.25,% a.a.,diária
2023-11-24,432,Meta Selic,12.25,% a.a.,diária
2023-11-25,432,Meta Selic,12.25,% a.a.,diária
2023-11-26,432,Meta Selic,12.25,% a.a.,diária
2023-11-27,432,Meta Selic,12.25,% a.a.,diária
2023-11-28,432,Meta Selic,12.25,% a.a.,diária
2023-11-29,432,Meta Selic,12.25,% a.a.,diária
2023-11-30,432,Meta Selic,12.25,% a.a.,diária
2023-12-01,432,Meta Selic,12.25,% a.a.,diária
2023-12-02,432,Meta Selic,12.25,% a.a.,diária
2023-12-03,432,Meta Selic,12.25,% a.a.,diária
2023-12-04,432,Meta Selic,12.25,% a.a.,diária
2023-12-05,432,Meta Selic,12.25,% a.a.,diária
2023-12-06,432,Meta Selic,12.25,% a.a.,diária
2023-12-07,432,Meta Selic,12.25,% a.a.,diária
2023-12-08,432,Meta Selic,12.25,% a.a.,diária
2023-12-09,432,Meta Selic,12.25,% a.a.,diária
2023-12-10,432,Meta Selic,12.25,% a.a.,diária
2023-12-11,432,Meta Selic,12.25,% a.a.,diária
2023-12-12,432,Meta Selic,12.25,% a.a.,diária
2023-12-13,432,Meta Selic,12.25,% a.a.,diária
2023-12-14,432,Meta Selic,11.75,% a.a.,diária
2023-12-15,432,Meta Selic,11.75,% a.a.,diária
2023-12-16,432,Meta Selic,11.75,% a.a.,diária
2023-12-17,432,Meta Selic,11.75,% a.a.,diária
2023-12-18,432,Meta Selic,11.75,% a.a.,diária
2023-12-19,432,Meta Selic,11.75,% a.a.,diária
2023-12-20,432,Meta Selic,11.75,% a.a.,diária
2023-12-21,432,Meta Selic,11.75,% a.a.,diária
2023-12-22,432,Meta Selic,11.75,% a.a.,diária
2023-12-23,432,Meta Selic,11.75,% a.a.,diária
2023-12-24,432,Meta Selic,11.75,% a.a.,diária
2023-12-25,432,Meta Selic,11.75,% a.a.,diária
2023-12-26,432,Meta Selic,11.75,% a.a.,diária
2023-12-27,432,Meta Selic,11.75,% a.a.,diária
2023-12-28,432,Meta Selic,11.75,% a.a.,diária
2023-12-29,432,Meta Selic,11.75,% a.a.,diária
2023-12-30,432,Meta Selic,11.75,% a.a.,diária
2023-12-31,432,Meta Selic,11.75,% a.a.,diária
2024-01-01,432,Meta Selic,11.75,% a.a.,diária
2024-01-02,432,Meta Selic,11.75,% a.a.,diária
2024-01-03,432,Meta Selic,11.75,% a.a.,diária
2024-01-04,432,Meta Selic,11.75,% a.a.,diária
2024-01-05,432,Meta Selic,11.75,% a.a.,diária
2024-01-06,432,Meta Selic,11.75,% a.a.,diária
2024-01-07,432,Meta Selic,11.75,% a.a.,diária
2024-01-08,432,Meta Selic,11.75,% a.a.,diária
2024-01-09,432,Meta Selic,11.75,% a.a.,diária
2024-01-10,432,Meta Selic,11.75,% a.a.,diária
2024-01-11,432,Meta Selic,11.75,% a.a.,diária
2024-01-12,432,Meta Selic,11.75,% a.a.,diária
2024-01-13,432,Meta Selic,11.75,% a.a.,diária
2024-01-14,432,Meta Selic,11.75,% a.a.,diária
2024-01-15,432,Meta Selic,11.75,% a.a.,diária
2024-01-16,432,Meta Selic,11.75,% a.a.,diária
2024-01-17,432,Meta Selic,11.75,% a.a.,diária
2024-01-18,432,Meta Selic,11.75,% a.a.,diária
2024-01-19,432,Meta Selic,11.75,% a.a.,diária
2024-01-20,432,Meta Selic,11.75,% a.a.,diária
2024-01-21,432,Meta Selic,11.75,% a.a.,diária
2024-01-22,432,Meta Selic,11.75,% a.a.,diária
2024-01-23,432,Meta Selic,11.75,% a.a.,diária
2024-01-24,432,Meta Selic,11.75,% a.a.,diária
2024-01-25,432,Meta Selic,11.75,% a.a.,diária
2024-01-26,432,Meta Selic,11.75,% a.a.,diária
2024-01-27,432,Meta Selic,11.75,% a.a.,diária
2024-01-28,432,Meta Selic,11.75,% a.a.,diária
2024-01-29,432,Meta Selic,11.75,% a.a.,diária
2024-01-30,432,Meta Selic,11.75,% a.a.,diária
2024-01-31,432,Meta Selic,11.75,% a.a.,diária
2024-02-01,432,Meta Selic,11.25,% a.a.,diária
2024-02-02,432,Meta Selic,11.25,% a.a.,diária
2024-02-03,432,Meta Selic,11.25,% a.a.,diária
2024-02-04,432,Meta Selic,11.25,% a.a.,diária
2024-02-05,432,Meta Selic,11.25,% a.a.,diária
2024-02-06,432,Meta Selic,11.25,% a.a.,diária
2024-02-07,432,Meta Selic,11.25,% a.a.,diária
2024-02-08,432,Meta Selic,11.25,% a.a.,diária
2024-02-09,432,Meta Selic,11.25,% a.a.,diária
2024-02-10,432,Meta Selic,11.25,% a.a.,diária
2024-02-11,432,Meta Selic,11.25,% a.a.,diária
2024-02-12,432,Meta Selic,11.25,% a.a.,diária
2024-02-13,432,Meta Selic,11.25,% a.a.,diária
2024-02-14,432,Meta Selic,11.25,% a.a.,diária
2024-02-15,432,Meta Selic,11.25,% a.a.,diária
2024-02-16,432,Meta Selic,11.25,% a.a.,diária
2024-02-17,432,Meta Selic,11.25,% a.a.,diária
2024-02-18,432,Meta Selic,11.25,% a.a.,diária
2024-02-19,432,Meta Selic,11.25,% a.a.,diária
2024-02-20,432,Meta Selic,11.25,% a.a.,diária
2024-02-21,432,Meta Selic,11.25,% a.a.,diária
2024-02-22,432,Meta Selic,11.25,% a.a.,diária
2024-02-23,432,Meta Selic,11.25,% a.a.,diária
2024-02-24,432,Meta Selic,11.25,% a.a.,diária
2024-02-25,432,Meta Selic,11.25,% a.a.,diária
2024-02-26,432,Meta Selic,11.25,% a.a.,diária
2024-02-27,432,Meta Selic,11.25,% a.a.,diária
2024-02-28,432,Meta Selic,11.25,% a.a.,diária
2024-02-29,432,Meta Selic,11.25,% a.a.,diária
2024-03-01,432,Meta Selic,11.25,% a.a.,diária
2024-03-02,432,Meta Selic,11.25,% a.a.,diária
2024-03-03,432,Meta Selic,11.25,% a.a.,diária
2024-03-04,432,Meta Selic,11.25,% a.a.,diária
2024-03-05,432,Meta Selic,11.25,% a.a.,diária
2024-03-06,432,Meta Selic,11.25,% a.a.,diária
2024-03-07,432,Meta Selic,11.25,% a.a.,diária
2024-03-08,432,Meta Selic,11.25,% a.a.,diária
2024-03-09,432,Meta Selic,11.25,% a.a.,diária
2024-03-10,432,Meta Selic,11.25,% a.a.,diária
2024-03-11,432,Meta Selic,11.25,% a.a.,diária
2024-03-12,432,Meta Selic,11.25,% a.a.,diária
2024-03-13,432,Meta Selic,11.25,% a.a.,diária
2024-03-14,432,Meta Selic,11.25,% a.a.,diária
2024-03-15,432,Meta Selic,11.25,% a.a.,diária
2024-03-16,432,Meta Selic,11.25,% a.a.,diária
2024-03-17,432,Meta Selic,11.25,% a.a.,diária
2024-03-18,432,Meta Selic,11.25,% a.a.,diária
2024-03-19,432,Meta Selic,11.25,% a.a.,diária
2024-03-20,432,Meta Selic,11.25,% a.a.,diária
2024-03-21,432,Meta Selic,10.75,% a.a.,diária
2024-03-22,432,Meta Selic,10.75,% a.a.,diária
2024-03-23,432,Meta Selic,10.75,% a.a.,diária
2024-03-24,432,Meta Selic,10.75,% a.a.,diária
2024-03-25,432,Meta Selic,10.75,% a.a.,diária
2024-03-26,432,Meta Selic,10.75,% a.a.,diária
2024-03-27,432,Meta Selic,10.75,% a.a.,diária
2024-03-28,432,Meta Selic,10.75,% a.a.,diária
2024-03-29,432,Meta Selic,10.75,% a.a.,diária
2024-03-30,432,Meta Selic,10.75,% a.a.,diária
2024-03-31,432,Meta Selic,10.75,% a.a.,diária
2024-04-01,432,Meta Selic,10.75,% a.a.,diária
2024-04-02,432,Meta Selic,10.75,% a.a.,diária
2024-04-03,432,Meta Selic,10.75,% a.a.,diária
2024-04-04,432,Meta Selic,10.75,% a.a.,diária
2024-04-05,432,Meta Selic,10.75,% a.a.,diária
2024-04-06,432,Meta Selic,10.75,% a.a.,diária
2024-04-07,432,Meta Selic,10.75,% a.a.,diária
2024-04-08,432,Meta Selic,10.75,% a.a.,diária
2024-04-09,432,Meta Selic,10.75,% a.a.,diária
2024-04-10,432,Meta Selic,10.75,% a.a.,diária
2024-04-11,432,Meta Selic,10.75,% a.a.,diária
2024-04-12,432,Meta Selic,10.75,% a.a.,diária
2024-04-13,432,Meta Selic,10.75,% a.a.,diária
2024-04-14,432,Meta Selic,10.75,% a.a.,diária
2024-04-15,432,Meta Selic,10.75,% a.a.,diária
2024-04-16,432,Meta Selic,10.75,% a.a.,diária
2024-04-17,432,Meta Selic,10.75,% a.a.,diária
2024-04-18,432,Meta Selic,10.75,% a.a.,diária
2024-04-19,432,Meta Selic,10.75,% a.a.,diária
2024-04-20,432,Meta Selic,10.75,% a.a.,diária
2024-04-21,432,Meta Selic,10.75,% a.a.,diária
2024-04-22,432,Meta Selic,10.75,% a.a.,diária
2024-04-23,432,Meta Selic,10.75,% a.a.,diária
2024-04-24,432,Meta Selic,10.75,% a.a.,diária
2024-04-25,432,Meta Selic,10.75,% a.a.,diária
2024-04-26,432,Meta Selic,10.75,% a.a.,diária
2024-04-27,432,Meta Selic,10.75,% a.a.,diária
2024-04-28,432,Meta Selic,10.75,% a.a.,diária
2024-04-29,432,Meta Selic,10.75,% a.a.,diária
2024-04-30,432,Meta Selic,10.75,% a.a.,diária
2024-05-01,432,Meta Selic,10.75,% a.a.,diária
2024-05-02,432,Meta Selic,10.75,% a.a.,diária
2024-05-03,432,Meta Selic,10.75,% a.a.,diária
2024-05-04,432,Meta Selic,10.75,% a.a.,diária
2024-05-05,432,Meta Selic,10.75,% a.a.,diária
2024-05-06,432,Meta Selic,10.75,% a.a.,diária
2024-05-07,432,Meta Selic,10.75,% a.a.,diária
2024-05-08,432,Meta Selic,10.75,% a.a.,diária
2024-05-09,432,Meta Selic,10.5,% a.a.,diária
2024-05-10,432,Meta Selic,10.5,% a.a.,diária
2024-05-11,432,Meta Selic,10.5,% a.a.,diária
2024-05-12,432,Meta Selic,10.5,% a.a.,diária
2024-05-13,432,Meta Selic,10.5,% a.a.,diária
2024-05-14,432,Meta Selic,10.5,% a.a.,diária
2024-05-15,432,Meta Selic,10.5,% a.a.,diária
2024-05-16,432,Meta Selic,10.5,% a.a.,diária
2024-05-17,432,Meta Selic,10.5,% a.a.,diária
2024-05-18,432,Meta Selic,10.5,% a.a.,diária
2024-05-19,432,Meta Selic,10.5,% a.a.,diária
2024-05-20,432,Meta Selic,10.5,% a.a.,diária
2024-05-21,432,Meta Selic,10.5,% a.a.,diária
2024-05-22,432,Meta Selic,10.5,% a.a.,diária
2024-05-23,432,Meta Selic,10.5,% a.a.,diária
2024-05-24,432,Meta Selic,10.5,% a.a.,diária
2024-05-25,432,Meta Selic,10.5,% a.a.,diária
2024-05-26,432,Meta Selic,10.5,% a.a.,diária
2024-05-27,432,Meta Selic,10.5,% a.a.,diária
2024-05-28,432,Meta Selic,10.5,% a.a.,diária
2024-05-29,432,Meta Selic,10.5,% a.a.,diária
2024-05-30,432,Meta Selic,10.5,% a.a.,diária
2024-05-31,432,Meta Selic,10.5,% a.a.,diária
2024-06-01,432,Meta Selic,10.5,% a.a.,diária
2024-06-02,432,Meta Selic,10.5,% a.a.,diária
2024-06-03,432,Meta Selic,10.5,% a.a.,diária
2024-06-04,432,Meta Selic,10.5,% a.a.,diária
2024-06-05,432,Meta Selic,10.5,% a.a.,diária
2024-06-06,432,Meta Selic,10.5,% a.a.,diária
2024-06-07,432,Meta Selic,10.5,% a.a.,diária
2024-06-08,432,Meta Selic,10.5,% a.a.,diária
2024-06-09,432,Meta Selic,10.5,% a.a.,diária
2024-06-10,432,Meta Selic,10.5,% a.a.,diária
2024-06-11,432,Meta Selic,10.5,% a.a.,diária
2024-06-12,432,Meta Selic,10.5,% a.a.,diária
2024-06-13,432,Meta Selic,10.5,% a.a.,diária
2024-06-14,432,Meta Selic,10.5,% a.a.,diária
2024-06-15,432,Meta Selic,10.5,% a.a.,diária
2024-06-16,432,Meta Selic,10.5,% a.a.,diária
2024-06-17,432,Meta Selic,10.5,% a.a.,diária
2024-06-18,432,Meta Selic,10.5,% a.a.,diária
2024-06-19,432,Meta Selic,10.5,% a.a.,diária
2024-06-20,432,Meta Selic,10.5,% a.a.,diária
2024-06-21,432,Meta Selic,10.5,% a.a.,diária
2024-06-22,432,Meta Selic,10.5,% a.a.,diária
2024-06-23,432,Meta Selic,10.5,% a.a.,diária
2024-06-24,432,Meta Selic,10.5,% a.a.,diária
2024-06-25,432,Meta Selic,10.5,% a.a.,diária
2024-06-26,432,Meta Selic,10.5,% a.a.,diária
2024-06-27,432,Meta Selic,10.5,% a.a.,diária
2024-06-28,432,Meta Selic,10.5,% a.a.,diária
2024-06-29,432,Meta Selic,10.5,% a.a.,diária
2024-06-30,432,Meta Selic,10.5,% a.a.,diária
2024-07-01,432,Meta Selic,10.5,% a.a.,diária
2024-07-02,432,Meta Selic,10.5,% a.a.,diária
2024-07-03,432,Meta Selic,10.5,% a.a.,diária
2024-07-04,432,Meta Selic,10.5,% a.a.,diária
2024-07-05,432,Meta Selic,10.5,% a.a.,diária
2024-07-06,432,Meta Selic,10.5,% a.a.,diária
2024-07-07,432,Meta Selic,10.5,% a.a.,diária
2024-07-08,432,Meta Selic,10.5,% a.a.,diária
2024-07-09,432,Meta Selic,10.5,% a.a.,diária
2024-07-10,432,Meta Selic,10.5,% a.a.,diária
2024-07-11,432,Meta Selic,10.5,% a.a.,diária
2024-07-12,432,Meta Selic,10.5,% a.a.,diária
2024-07-13,432,Meta Selic,10.5,% a.a.,diária
2024-07-14,432,Meta Selic,10.5,% a.a.,diária
2024-07-15,432,Meta Selic,10.5,% a.a.,diária
2024-07-16,432,Meta Selic,10.5,% a.a.,diária
2024-07-17,432,Meta Selic,10.5,% a.a.,diária
2024-07-18,432,Meta Selic,10.5,% a.a.,diária
2024-07-19,432,Meta Selic,10.5,% a.a.,diária
2024-07-20,432,Meta Selic,10.5,% a.a.,diária
2024-07-21,432,Meta Selic,10.5,% a.a.,diária
2024-07-22,432,Meta Selic,10.5,% a.a.,diária
2024-07-23,432,Meta Selic,10.5,% a.a.,diária
2024-07-24,432,Meta Selic,10.5,% a.a.,diária
2024-07-25,432,Meta Selic,10.5,% a.a.,diária
2024-07-26,432,Meta Selic,10.5,% a.a.,diária
2024-07-27,432,Meta Selic,10.5,% a.a.,diária
2024-07-28,432,Meta Selic,10.5,% a.a.,diária
2024-07-29,432,Meta Selic,10.5,% a.a.,diária
2024-07-30,432,Meta Selic,10.5,% a.a.,diária
2024-07-31,432,Meta Selic,10.5,% a.a.,diária
2024-08-01,432,Meta Selic,10.5,% a.a.,diária
2024-08-02,432,Meta Selic,10.5,% a.a.,diária
2024-08-03,432,Meta Selic,10.5,% a.a.,diária
2024-08-04,432,Meta Selic,10.5,% a.a.,diária
2024-08-05,432,Meta Selic,10.5,% a.a.,diária
2024-08-06,432,Meta Selic,10.5,% a.a.,diária
2024-08-07,432,Meta Selic,10.5,% a.a.,diária
2024-08-08,432,Meta Selic,10.5,% a.a.,diária
2024-08-09,432,Meta Selic,10.5,% a.a.,diária
2024-08-10,432,Meta Selic,10.5,% a.a.,diária
2024-08-11,432,Meta Selic,10.5,% a.a.,diária
2024-08-12,432,Meta Selic,10.5,% a.a.,diária
2024-08-13,432,Meta Selic,10.5,% a.a.,diária
2024-08-14,432,Meta Selic,10.5,% a.a.,diária
2024-08-15,432,Meta Selic,10.5,% a.a.,diária
2024-08-16,432,Meta Selic,10.5,% a.a.,diária
2024-08-17,432,Meta Selic,10.5,% a.a.,diária
2024-08-18,432,Meta Selic,10.5,% a.a.,diária
2024-08-19,432,Meta Selic,10.5,% a.a.,diária
2024-08-20,432,Meta Selic,10.5,% a.a.,diária
2024-08-21,432,Meta Selic,10.5,% a.a.,diária
2024-08-22,432,Meta Selic,10.5,% a.a.,diária
2024-08-23,432,Meta Selic,10.5,% a.a.,diária
2024-08-24,432,Meta Selic,10.5,% a.a.,diária
2024-08-25,432,Meta Selic,10.5,% a.a.,diária
2024-08-26,432,Meta Selic,10.5,% a.a.,diária
2024-08-27,432,Meta Selic,10.5,% a.a.,diária
2024-08-28,432,Meta Selic,10.5,% a.a.,diária
2024-08-29,432,Meta Selic,10.5,% a.a.,diária
2024-08-30,432,Meta Selic,10.5,% a.a.,diária
2024-08-31,432,Meta Selic,10.5,% a.a.,diária
2024-09-01,432,Meta Selic,10.5,% a.a.,diária
2024-09-02,432,Meta Selic,10.5,% a.a.,diária
2024-09-03,432,Meta Selic,10.5,% a.a.,diária
2024-09-04,432,Meta Selic,10.5,% a.a.,diária
2024-09-05,432,Meta Selic,10.5,% a.a.,diária
2024-09-06,432,Meta Selic,10.5,% a.a.,diária
2024-09-07,432,Meta Selic,10.5,% a.a.,diária
2024-09-08,432,Meta Selic,10.5,% a.a.,diária
2024-09-09,432,Meta Selic,10.5,% a.a.,diária
2024-09-10,432,Meta Selic,10.5,% a.a.,diária
2024-09-11,432,Meta Selic,10.5,% a.a.,diária
2024-09-12,432,Meta Selic,10.5,% a.a.,diária
2024-09-13,432,Meta Selic,10.5,% a.a.,diária
2024-09-14,432,Meta Selic,10.5,% a.a.,diária
2024-09-15,432,Meta Selic,10.5,% a.a.,diária
2024-09-16,432,Meta Selic,10.5,% a.a.,diária
2024-09-17,432,Meta Selic,10.5,% a.a.,diária
2024-09-18,432,Meta Selic,10.5,% a.a.,diária
2024-09-19,432,Meta Selic,10.75,% a.a.,diária
2024-09-20,432,Meta Selic,10.75,% a.a.,diária
2024-09-21,432,Meta Selic,10.75,% a.a.,diária
2024-09-22,432,Meta Selic,10.75,% a.a.,diária
2024-09-23,432,Meta Selic,10.75,% a.a.,diária
2024-09-24,432,Meta Selic,10.75,% a.a.,diária
2024-09-25,432,Meta Selic,10.75,% a.a.,diária
2024-09-26,432,Meta Selic,10.75,% a.a.,diária
2024-09-27,432,Meta Selic,10.75,% a.a.,diária
2024-09-28,432,Meta Selic,10.75,% a.a.,diária
2024-09-29,432,Meta Selic,10.75,% a.a.,diária
2024-09-30,432,Meta Selic,10.75,% a.a.,diária
2024-10-01,432,Meta Selic,10.75,% a.a.,diária
2024-10-02,432,Meta Selic,10.75,% a.a.,diária
2024-10-03,432,Meta Selic,10.75,% a.a.,diária
2024-10-04,432,Meta Selic,10.75,% a.a.,diária
2024-10-05,432,Meta Selic,10.75,% a.a.,diária
2024-10-06,432,Meta Selic,10.75,% a.a.,diária
2024-10-07,432,Meta Selic,10.75,% a.a.,diária
2024-10-08,432,Meta Selic,10.75,% a.a.,diária
2024-10-09,432,Meta Selic,10.75,% a.a.,diária
2024-10-10,432,Meta Selic,10.75,% a.a.,diária
2024-10-11,432,Meta Selic,10.75,% a.a.,diária
2024-10-12,432,Meta Selic,10.75,% a.a.,diária
2024-10-13,432,Meta Selic,10.75,% a.a.,diária
2024-10-14,432,Meta Selic,10.75,% a.a.,diária
2024-10-15,432,Meta Selic,10.75,% a.a.,diária
2024-10-16,432,Meta Selic,10.75,% a.a.,diária
2024-10-17,432,Meta Selic,10.75,% a.a.,diária
2024-10-18,432,Meta Selic,10.75,% a.a.,diária
2024-10-19,432,Meta Selic,10.75,% a.a.,diária
2024-10-20,432,Meta Selic,10.75,% a.a.,diária
2024-10-21,432,Meta Selic,10.75,% a.a.,diária
2024-10-22,432,Meta Selic,10.75,% a.a.,diária
2024-10-23,432,Meta Selic,10.75,% a.a.,diária
2024-10-24,432,Meta Selic,10.75,% a.a.,diária
2024-10-25,432,Meta Selic,10.75,% a.a.,diária
2024-10-26,432,Meta Selic,10.75,% a.a.,diária
2024-10-27,432,Meta Selic,10.75,% a.a.,diária
2024-10-28,432,Meta Selic,10.75,% a.a.,diária
2024-10-29,432,Meta Selic,10.75,% a.a.,diária
2024-10-30,432,Meta Selic,10.75,% a.a.,diária
2024-10-31,432,Meta Selic,10.75,% a.a.,diária
2024-11-01,432,Meta Selic,10.75,% a.a.,diária
2024-11-02,432,Meta Selic,10.75,% a.a.,diária
2024-11-03,432,Meta Selic,10.75,% a.a.,diária
2024-11-04,432,Meta Selic,10.75,% a.a.,diária
2024-11-05,432,Meta Selic,10.75,% a.a.,diária
2024-11-06,432,Meta Selic,10.75,% a.a.,diária
2024-11-07,432,Meta Selic,11.25,% a.a.,diária
2024-11-08,432,Meta Selic,11.25,% a.a.,diária
2024-11-09,432,Meta Selic,11.25,% a.a.,diária
2024-11-10,432,Meta Selic,11.25,% a.a.,diária
2024-11-11,432,Meta Selic,11.25,% a.a.,diária
2024-11-12,432,Meta Selic,11.25,% a.a.,diária
2024-11-13,432,Meta Selic,11.25,% a.a.,diária
2024-11-14,432,Meta Selic,11.25,% a.a.,diária
2024-11-15,432,Meta Selic,11.25,% a.a.,diária
2024-11-16,432,Meta Selic,11.25,% a.a.,diária
2024-11-17,432,Meta Selic,11.25,% a.a.,diária
2024-11-18,432,Meta Selic,11.25,% a.a.,diária
2024-11-19,432,Meta Selic,11.25,% a.a.,diária
2024-11-20,432,Meta Selic,11.25,% a.a.,diária
2024-11-21,432,Meta Selic,11.25,% a.a.,diária
2024-11-22,432,Meta Selic,11.25,% a.a.,diária
2024-11-23,432,Meta Selic,11.25,% a.a.,diária
2024-11-24,432,Meta Selic,11.25,% a.a.,diária
2024-11-25,432,Meta Selic,11.25,% a.a.,diária
2024-11-26,432,Meta Selic,11.25,% a.a.,diária
2024-11-27,432,Meta Selic,11.25,% a.a.,diária
2024-11-28,432,Meta Selic,11.25,% a.a.,diária
2024-11-29,432,Meta Selic,11.25,% a.a.,diária
2024-11-30,432,Meta Selic,11.25,% a.a.,diária
2024-12-01,432,Meta Selic,11.25,% a.a.,diária
2024-12-02,432,Meta Selic,11.25,% a.a.,diária
2024-12-03,432,Meta Selic,11.25,% a.a.,diária
2024-12-04,432,Meta Selic,11.25,% a.a.,diária
2024-12-05,432,Meta Selic,11.25,% a.a.,diária
2024-12-06,432,Meta Selic,11.25,% a.a.,diária
2024-12-07,432,Meta Selic,11.25,% a.a.,diária
2024-12-08,432,Meta Selic,11.25,% a.a.,diária
2024-12-09,432,Meta Selic,11.25,% a.a.,diária
2024-12-10,432,Meta Selic,11.25,% a.a.,diária
2024-12-11,432,Meta Selic,11.25,% a.a.,diária
2024-12-12,432,Meta Selic,12.25,% a.a.,diária
2024-12-13,432,Meta Selic,12.25,% a.a.,diária
2024-12-14,432,Meta Selic,12.25,% a.a.,diária
2024-12-15,432,Meta Selic,12.25,% a.a.,diária
2024-12-16,432,Meta Selic,12.25,% a.a.,diária
2024-12-17,432,Meta Selic,12.25,% a.a.,diária
2024-12-18,432,Meta Selic,12.25,% a.a.,diária
2024-12-19,432,Meta Selic,12.25,% a.a.,diária
2024-12-20,432,Meta Selic,12.25,% a.a.,diária
2024-12-21,432,Meta Selic,12.25,% a.a.,diária
2024-12-22,432,Meta Selic,12.25,% a.a.,diária
2024-12-23,432,Meta Selic,12.25,% a.a.,diária
2024-12-24,432,Meta Selic,12.25,% a.a.,diária
2024-12-25,432,Meta Selic,12.25,% a.a.,diária
2024-12-26,432,Meta Selic,12.25,% a.a.,diária
2024-12-27,432,Meta Selic,12.25,% a.a.,diária
2024-12-28,432,Meta Selic,12.25,% a.a.,diária
2024-12-29,432,Meta Selic,12.25,% a.a.,diária
2024-12-30,432,Meta Selic,12.25,% a.a.,diária
2024-12-31,432,Meta Selic,12.25,% a.a.,diária
2025-01-01,432,Meta Selic,12.25,% a.a.,diária
2025-01-02,432,Meta Selic,12.25,% a.a.,diária
2025-01-03,432,Meta Selic,12.25,% a.a.,diária
2025-01-04,432,Meta Selic,12.25,% a.a.,diária
2025-01-05,432,Meta Selic,12.25,% a.a.,diária
2025-01-06,432,Meta Selic,12.25,% a.a.,diária
2025-01-07,432,Meta Selic,12.25,% a.a.,diária
2025-01-08,432,Meta Selic,12.25,% a.a.,diária
2025-01-09,432,Meta Selic,12.25,% a.a.,diária
2025-01-10,432,Meta Selic,12.25,% a.a.,diária
2025-01-11,432,Meta Selic,12.25,% a.a.,diária
2025-01-12,432,Meta Selic,12.25,% a.a.,diária
2025-01-13,432,Meta Selic,12.25,% a.a.,diária
2025-01-14,432,Meta Selic,12.25,% a.a.,diária
2025-01-15,432,Meta Selic,12.25,% a.a.,diária
2025-01-16,432,Meta Selic,12.25,% a.a.,diária
2025-01-17,432,Meta Selic,12.25,% a.a.,diária
2025-01-18,432,Meta Selic,12.25,% a.a.,diária
2025-01-19,432,Meta Selic,12.25,% a.a.,diária
2025-01-20,432,Meta Selic,12.25,% a.a.,diária
2025-01-21,432,Meta Selic,12.25,% a.a.,diária
2025-01-22,432,Meta Selic,12.25,% a.a.,diária
2025-01-23,432,Meta Selic,12.25,% a.a.,diária
2025-01-24,432,Meta Selic,12.25,% a.a.,diária
2025-01-25,432,Meta Selic,12.25,% a.a.,diária
2025-01-26,432,Meta Selic,12.25,% a.a.,diária
2025-01-27,432,Meta Selic,12.25,% a.a.,diária
2025-01-28,432,Meta Selic,12.25,% a.a.,diária
2025-01-29,432,Meta Selic,12.25,% a.a.,diária
2025-01-30,432,Meta Selic,13.25,% a.a.,diária
2025-01-31,432,Meta Selic,13.25,% a.a.,diária
2025-02-01,432,Meta Selic,13.25,% a.a.,diária
2025-02-02,432,Meta Selic,13.25,% a.a.,diária
2025-02-03,432,Meta Selic,13.25,% a.a.,diária
2025-02-04,432,Meta Selic,13.25,% a.a.,diária
2025-02-05,432,Meta Selic,13.25,% a.a.,diária
2025-02-06,432,Meta Selic,13.25,% a.a.,diária
2025-02-07,432,Meta Selic,13.25,% a.a.,diária
2025-02-08,432,Meta Selic,13.25,% a.a.,diária
2025-02-09,432,Meta Selic,13.25,% a.a.,diária
2025-02-10,432,Meta Selic,13.25,% a.a.,diária
2025-02-11,432,Meta Selic,13.25,% a.a.,diária
2025-02-12,432,Meta Selic,13.25,% a.a.,diária
2025-02-13,432,Meta Selic,13.25,% a.a.,diária
2025-02-14,432,Meta Selic,13.25,% a.a.,diária
2025-02-15,432,Meta Selic,13.25,% a.a.,diária
2025-02-16,432,Meta Selic,13.25,% a.a.,diária
2025-02-17,432,Meta Selic,13.25,% a.a.,diária
2025-02-18,432,Meta Selic,13.25,% a.a.,diária
2025-02-19,432,Meta Selic,13.25,% a.a.,diária
2025-02-20,432,Meta Selic,13.25,% a.a.,diária
2025-02-21,432,Meta Selic,13.25,% a.a.,diária
2025-02-22,432,Meta Selic,13.25,% a.a.,diária
2025-02-23,432,Meta Selic,13.25,% a.a.,diária
2025-02-24,432,Meta Selic,13.25,% a.a.,diária
2025-02-25,432,Meta Selic,13.25,% a.a.,diária
2025-02-26,432,Meta Selic,13.25,% a.a.,diária
2025-02-27,432,Meta Selic,13.25,% a.a.,diária
2025-02-28,432,Meta Selic,13.25,% a.a.,diária
2025-03-01,432,Meta Selic,13.25,% a.a.,diária
2025-03-02,432,Meta Selic,13.25,% a.a.,diária
2025-03-03,432,Meta Selic,13.25,% a.a.,diária
2025-03-04,432,Meta Selic,13.25,% a.a.,diária
2025-03-05,432,Meta Selic,13.25,% a.a.,diária
2025-03-06,432,Meta Selic,13.25,% a.a.,diária
2025-03-07,432,Meta Selic,13.25,% a.a.,diária
2025-03-08,432,Meta Selic,13.25,% a.a.,diária
2025-03-09,432,Meta Selic,13.25,% a.a.,diária
2025-03-10,432,Meta Selic,13.25,% a.a.,diária
2025-03-11,432,Meta Selic,13.25,% a.a.,diária
2025-03-12,432,Meta Selic,13.25,% a.a.,diária
2025-03-13,432,Meta Selic,13.25,% a.a.,diária
2025-03-14,432,Meta Selic,13.25,% a.a.,diária
2025-03-15,432,Meta Selic,13.25,% a.a.,diária
2025-03-16,432,Meta Selic,13.25,% a.a.,diária
2025-03-17,432,Meta Selic,13.25,% a.a.,diária
2025-03-18,432,Meta Selic,13.25,% a.a.,diária
2025-03-19,432,Meta Selic,13.25,% a.a.,diária
2025-03-20,432,Meta Selic,14.25,% a.a.,diária
2025-03-21,432,Meta Selic,14.25,% a.a.,diária
2025-03-22,432,Meta Selic,14.25,% a.a.,diária
2025-03-23,432,Meta Selic,14.25,% a.a.,diária
2025-03-24,432,Meta Selic,14.25,% a.a.,diária
2025-03-25,432,Meta Selic,14.25,% a.a.,diária
2025-03-26,432,Meta Selic,14.25,% a.a.,diária
2025-03-27,432,Meta Selic,14.25,% a.a.,diária
2025-03-28,432,Meta Selic,14.25,% a.a.,diária
2025-03-29,432,Meta Selic,14.25,% a.a.,diária
2025-03-30,432,Meta Selic,14.25,% a.a.,diária
2025-03-31,432,Meta Selic,14.25,% a.a.,diária
2025-04-01,432,Meta Selic,14.25,% a.a.,diária
2025-04-02,432,Meta Selic,14.25,% a.a.,diária
2025-04-03,432,Meta Selic,14.25,% a.a.,diária
2025-04-04,432,Meta Selic,14.25,% a.a.,diária
2025-04-05,432,Meta Selic,14.25,% a.a.,diária
2025-04-06,432,Meta Selic,14.25,% a.a.,diária
2025-04-07,432,Meta Selic,14.25,% a.a.,diária
2025-04-08,432,Meta Selic,14.25,% a.a.,diária
2025-04-09,432,Meta Selic,14.25,% a.a.,diária
2025-04-10,432,Meta Selic,14.25,% a.a.,diária
2025-04-11,432,Meta Selic,14.25,% a.a.,diária
2025-04-12,432,Meta Selic,14.25,% a.a.,diária
2025-04-13,432,Meta Selic,14.25,% a.a.,diária
2025-04-14,432,Meta Selic,14.25,% a.a.,diária
2025-04-15,432,Meta Selic,14.25,% a.a.,diária
2025-04-16,432,Meta Selic,14.25,% a.a.,diária
2025-04-17,432,Meta Selic,14.25,% a.a.,diária
2025-04-18,432,Meta Selic,14.25,% a.a.,diária
2025-04-19,432,Meta Selic,14.25,% a.a.,diária
2025-04-20,432,Meta Selic,14.25,% a.a.,diária
2025-04-21,432,Meta Selic,14.25,% a.a.,diária
2025-04-22,432,Meta Selic,14.25,% a.a.,diária
2025-04-23,432,Meta Selic,14.25,% a.a.,diária
2025-04-24,432,Meta Selic,14.25,% a.a.,diária
2025-04-25,432,Meta Selic,14.25,% a.a.,diária
2025-04-26,432,Meta Selic,14.25,% a.a.,diária
2025-04-27,432,Meta Selic,14.25,% a.a.,diária
2025-04-28,432,Meta Selic,14.25,% a.a.,diária
2025-04-29,432,Meta Selic,14.25,% a.a.,diária
2025-04-30,432,Meta Selic,14.25,% a.a.,diária
2025-05-01,432,Meta Selic,14.25,% a.a.,diária
2025-05-02,432,Meta Selic,14.25,% a.a.,diária
2025-05-03,432,Meta Selic,14.25,% a.a.,diária
2025-05-04,432,Meta Selic,14.25,% a.a.,diária
2025-05-05,432,Meta Selic,14.25,% a.a.,diária
2025-05-06,432,Meta Selic,14.25,% a.a.,diária
2025-05-07,432,Meta Selic,14.25,% a.a.,diária
2025-05-08,432,Meta Selic,14.75,% a.a.,diária
2025-05-09,432,Meta Selic,14.75,% a.a.,diária
2025-05-10,432,Meta Selic,14.75,% a.a.,diária
2025-05-11,432,Meta Selic,14.75,% a.a.,diária
2025-05-12,432,Meta Selic,14.75,% a.a.,diária
2025-05-13,432,Meta Selic,14.75,% a.a.,diária
2025-05-14,432,Meta Selic,14.75,% a.a.,diária
2025-05-15,432,Meta Selic,14.75,% a.a.,diária
2025-05-16,432,Meta Selic,14.75,% a.a.,diária
2025-05-17,432,Meta Selic,14.75,% a.a.,diária
2025-05-18,432,Meta Selic,14.75,% a.a.,diária
2025-05-19,432,Meta Selic,14.75,% a.a.,diária
2025-05-20,432,Meta Selic,14.75,% a.a.,diária
2025-05-21,432,Meta Selic,14.75,% a.a.,diária
2025-05-22,432,Meta Selic,14.75,% a.a.,diária
2025-05-23,432,Meta Selic,14.75,% a.a.,diária
2025-05-24,432,Meta Selic,14.75,% a.a.,diária
2025-05-25,432,Meta Selic,14.75,% a.a.,diária
2025-05-26,432,Meta Selic,14.75,% a.a.,diária
2025-05-27,432,Meta Selic,14.75,% a.a.,diária
2025-05-28,432,Meta Selic,14.75,% a.a.,diária
2025-05-29,432,Meta Selic,14.75,% a.a.,diária
2025-05-30,432,Meta Selic,14.75,% a.a.,diária
2025-05-31,432,Meta Selic,14.75,% a.a.,diária
2025-06-01,432,Meta Selic,14.75,% a.a.,diária
2025-06-02,432,Meta Selic,14.75,% a.a.,diária
2025-06-03,432,Meta Selic,14.75,% a.a.,diária
2025-06-04,432,Meta Selic,14.75,% a.a.,diária
2025-06-05,432,Meta Selic,14.75,% a.a.,diária
2025-06-06,432,Meta Selic,14.75,% a.a.,diária
2025-06-07,432,Meta Selic,14.75,% a.a.,diária
2025-06-08,432,Meta Selic,14.75,% a.a.,diária
2025-06-09,432,Meta Selic,14.75,% a.a.,diária
2025-06-10,432,Meta Selic,14.75,% a.a.,diária
2025-06-11,432,Meta Selic,14.75,% a.a.,diária
2025-06-12,432,Meta Selic,14.75,% a.a.,diária
2025-06-13,432,Meta Selic,14.75,% a.a.,diária
2025-06-14,432,Meta Selic,14.75,% a.a.,diária
2025-06-15,432,Meta Selic,14.75,% a.a.,diária
2025-06-16,432,Meta Selic,14.75,% a.a.,diária
2025-06-17,432,Meta Selic,14.75,% a.a.,diária
2025-06-18,432,Meta Selic,14.75,% a.a.,diária
2025-06-19,432,Meta Selic,15.0,% a.a.,diária
2025-06-20,432,Meta Selic,15.0,% a.a.,diária
2025-06-21,432,Meta Selic,15.0,% a.a.,diária
2025-06-22,432,Meta Selic,15.0,% a.a.,diária
2025-06-23,432,Meta Selic,15.0,% a.a.,diária
2025-06-24,432,Meta Selic,15.0,% a.a.,diária
2025-06-25,432,Meta Selic,15.0,% a.a.,diária
2025-06-26,432,Meta Selic,15.0,% a.a.,diária
2025-06-27,432,Meta Selic,15.0,% a.a.,diária
2025-06-28,432,Meta Selic,15.0,% a.a.,diária
2025-06-29,432,Meta Selic,15.0,% a.a.,diária
2025-06-30,432,Meta Selic,15.0,% a.a.,diária
2025-07-01,432,Meta Selic,15.0,% a.a.,diária
2025-07-02,432,Meta Selic,15.0,% a.a.,diária
2025-07-03,432,Meta Selic,15.0,% a.a.,diária
2025-07-04,432,Meta Selic,15.0,% a.a.,diária
2025-07-05,432,Meta Selic,15.0,% a.a.,diária
2025-07-06,432,Meta Selic,15.0,% a.a.,diária
2025-07-07,432,Meta Selic,15.0,% a.a.,diária
2025-07-08,432,Meta Selic,15.0,% a.a.,diária
2025-07-09,432,Meta Selic,15.0,% a.a.,diária
2025-07-10,432,Meta Selic,15.0,% a.a.,diária
2025-07-11,432,Meta Selic,15.0,% a.a.,diária
2025-07-12,432,Meta Selic,15.0,% a.a.,diária
2025-07-13,432,Meta Selic,15.0,% a.a.,diária
2025-07-14,432,Meta Selic,15.0,% a.a.,diária
2025-07-15,432,Meta Selic,15.0,% a.a.,diária
2025-07-16,432,Meta Selic,15.0,% a.a.,diária
2025-07-17,432,Meta Selic,15.0,% a.a.,diária
2025-07-18,432,Meta Selic,15.0,% a.a.,diária
2025-07-19,432,Meta Selic,15.0,% a.a.,diária
2025-07-20,432,Meta Selic,15.0,% a.a.,diária
2025-07-21,432,Meta Selic,15.0,% a.a.,diária
2025-07-22,432,Meta Selic,15.0,% a.a.,diária
2025-07-23,432,Meta Selic,15.0,% a.a.,diária
2025-07-24,432,Meta Selic,15.0,% a.a.,diária
2025-07-25,432,Meta Selic,15.0,% a.a.,diária
2025-07-26,432,Meta Selic,15.0,% a.a.,diária
2025-07-27,432,Meta Selic,15.0,% a.a.,diária
2025-07-28,432,Meta Selic,15.0,% a.a.,diária
2025-07-29,432,Meta Selic,15.0,% a.a.,diária
2025-07-30,432,Meta Selic,15.0,% a.a.,diária
2025-07-31,432,Meta Selic,15.0,% a.a.,diária
2025-08-01,432,Meta Selic,15.0,% a.a.,diária
2025-08-02,432,Meta Selic,15.0,% a.a.,diária
2025-08-03,432,Meta Selic,15.0,% a.a.,diária
2025-08-04,432,Meta Selic,15.0,% a.a.,diária
2025-08-05,432,Meta Selic,15.0,% a.a.,diária
2025-08-06,432,Meta Selic,15.0,% a.a.,diária
2025-08-07,432,Meta Selic,15.0,% a.a.,diária
2025-08-08,432,Meta Selic,15.0,% a.a.,diária
2025-08-09,432,Meta Selic,15.0,% a.a.,diária
2025-08-10,432,Meta Selic,15.0,% a.a.,diária
2025-08-11,432,Meta Selic,15.0,% a.a.,diária
2025-08-12,432,Meta Selic,15.0,% a.a.,diária
2025-08-13,432,Meta Selic,15.0,% a.a.,diária
2025-08-14,432,Meta Selic,15.0,% a.a.,diária
2025-08-15,432,Meta Selic,15.0,% a.a.,diária
2025-08-16,432,Meta Selic,15.0,% a.a.,diária
2025-08-17,432,Meta Selic,15.0,% a.a.,diária
2025-08-18,432,Meta Selic,15.0,% a.a.,diária
2025-08-19,432,Meta Selic,15.0,% a.a.,diária
2025-08-20,432,Meta Selic,15.0,% a.a.,diária
2025-08-21,432,Meta Selic,15.0,% a.a.,diária
2025-08-22,432,Meta Selic,15.0,% a.a.,diária
2025-08-23,432,Meta Selic,15.0,% a.a.,diária
2025-08-24,432,Meta Selic,15.0,% a.a.,diária
2025-08-25,432,Meta Selic,15.0,% a.a.,diária
2025-08-26,432,Meta Selic,15.0,% a.a.,diária
2025-08-27,432,Meta Selic,15.0,% a.a.,diária
2025-08-28,432,Meta Selic,15.0,% a.a.,diária
2025-08-29,432,Meta Selic,15.0,% a.a.,diária
2025-08-30,432,Meta Selic,15.0,% a.a.,diária
2025-08-31,432,Meta Selic,15.0,% a.a.,diária
2025-09-01,432,Meta Selic,15.0,% a.a.,diária
2025-09-02,432,Meta Selic,15.0,% a.a.,diária
2025-09-03,432,Meta Selic,15.0,% a.a.,diária
2025-09-04,432,Meta Selic,15.0,% a.a.,diária
2025-09-05,432,Meta Selic,15.0,% a.a.,diária
2025-09-06,432,Meta Selic,15.0,% a.a.,diária
2025-09-07,432,Meta Selic,15.0,% a.a.,diária
2025-09-08,432,Meta Selic,15.0,% a.a.,diária
2025-09-09,432,Meta Selic,15.0,% a.a.,diária
2025-09-10,432,Meta Selic,15.0,% a.a.,diária
2025-09-11,432,Meta Selic,15.0,% a.a.,diária
2025-09-12,432,Meta Selic,15.0,% a.a.,diária
2025-09-13,432,Meta Selic,15.0,% a.a.,diária
2025-09-14,432,Meta Selic,15.0,% a.a.,diária
2025-09-15,432,Meta Selic,15.0,% a.a.,diária
2025-09-16,432,Meta Selic,15.0,% a.a.,diária
2025-09-17,432,Meta Selic,15.0,% a.a.,diária
2025-09-18,432,Meta Selic,15.0,% a.a.,diária
2025-09-19,432,Meta Selic,15.0,% a.a.,diária
2025-09-20,432,Meta Selic,15.0,% a.a.,diária
2025-09-21,432,Meta Selic,15.0,% a.a.,diária
2025-09-22,432,Meta Selic,15.0,% a.a.,diária
2025-09-23,432,Meta Selic,15.0,% a.a.,diária
2025-09-24,432,Meta Selic,15.0,% a.a.,diária
2025-09-25,432,Meta Selic,15.0,% a.a.,diária
2025-09-26,432,Meta Selic,15.0,% a.a.,diária
2025-09-27,432,Meta Selic,15.0,% a.a.,diária
2025-09-28,432,Meta Selic,15.0,% a.a.,diária
2025-09-29,432,Meta Selic,15.0,% a.a.,diária
2025-09-30,432,Meta Selic,15.0,% a.a.,diária
2025-10-01,432,Meta Selic,15.0,% a.a.,diária
2025-10-02,432,Meta Selic,15.0,% a.a.,diária
2025-10-03,432,Meta Selic,15.0,% a.a.,diária
2025-10-04,432,Meta Selic,15.0,% a.a.,diária
2025-10-05,432,Meta Selic,15.0,% a.a.,diária
2025-10-06,432,Meta Selic,15.0,% a.a.,diária
2025-10-07,432,Meta Selic,15.0,% a.a.,diária
2025-10-08,432,Meta Selic,15.0,% a.a.,diária
2025-10-09,432,Meta Selic,15.0,% a.a.,diária
2025-10-10,432,Meta Selic,15.0,% a.a.,diária
2025-10-11,432,Meta Selic,15.0,% a.a.,diária
2025-10-12,432,Meta Selic,15.0,% a.a.,diária
2025-10-13,432,Meta Selic,15.0,% a.a.,diária
2025-10-14,432,Meta Selic,15.0,% a.a.,diária
2025-10-15,432,Meta Selic,15.0,% a.a.,diária
2025-10-16,432,Meta Selic,15.0,% a.a.,diária
2025-10-17,432,Meta Selic,15.0,% a.a.,diária
2025-10-18,432,Meta Selic,15.0,% a.a.,diária
2025-10-19,432,Meta Selic,15.0,% a.a.,diária
2025-10-20,432,Meta Selic,15.0,% a.a.,diária
2025-10-21,432,Meta Selic,15.0,% a.a.,diária
2025-10-22,432,Meta Selic,15.0,% a.a.,diária
2025-10-23,432,Meta Selic,15.0,% a.a.,diária
2025-10-24,432,Meta Selic,15.0,% a.a.,diária
2025-10-25,432,Meta Selic,15.0,% a.a.,diária
2025-10-26,432,Meta Selic,15.0,% a.a.,diária
2025-10-27,432,Meta Selic,15.0,% a.a.,diária
2025-10-28,432,Meta Selic,15.0,% a.a.,diária
2025-10-29,432,Meta Selic,15.0,% a.a.,diária
2025-10-30,432,Meta Selic,15.0,% a.a.,diária
2025-10-31,432,Meta Selic,15.0,% a.a.,diária
2025-11-01,432,Meta Selic,15.0,% a.a.,diária
2025-11-02,432,Meta Selic,15.0,% a.a.,diária
2025-11-03,432,Meta Selic,15.0,% a.a.,diária
2025-11-04,432,Meta Selic,15.0,% a.a.,diária
2025-11-05,432,Meta Selic,15.0,% a.a.,diária
2025-11-06,432,Meta Selic,15.0,% a.a.,diária
2025-11-07,432,Meta Selic,15.0,% a.a.,diária
2025-11-08,432,Meta Selic,15.0,% a.a.,diária
2025-11-09,432,Meta Selic,15.0,% a.a.,diária
2025-11-10,432,Meta Selic,15.0,% a.a.,diária
2025-11-11,432,Meta Selic,15.0,% a.a.,diária
2025-11-12,432,Meta Selic,15.0,% a.a.,diária
2025-11-13,432,Meta Selic,15.0,% a.a.,diária
2025-11-14,432,Meta Selic,15.0,% a.a.,diária
2025-11-15,432,Meta Selic,15.0,% a.a.,diária
2025-11-16,432,Meta Selic,15.0,% a.a.,diária
2025-11-17,432,Meta Selic,15.0,% a.a.,diária
2025-11-18,432,Meta Selic,15.0,% a.a.,diária
2025-11-19,432,Meta Selic,15.0,% a.a.,diária
2025-11-20,432,Meta Selic,15.0,% a.a.,diária
2025-11-21,432,Meta Selic,15.0,% a.a.,diária
2025-11-22,432,Meta Selic,15.0,% a.a.,diária
2025-11-23,432,Meta Selic,15.0,% a.a.,diária
2025-11-24,432,Meta Selic,15.0,% a.a.,diária
2025-11-25,432,Meta Selic,15.0,% a.a.,diária
2025-11-26,432,Meta Selic,15.0,% a.a.,diária
2025-11-27,432,Meta Selic,15.0,% a.a.,diária
2025-11-28,432,Meta Selic,15.0,% a.a.,diária
2025-11-29,432,Meta Selic,15.0,% a.a.,diária
2025-11-30,432,Meta Selic,15.0,% a.a.,diária
2025-12-01,432,Meta Selic,15.0,% a.a.,diária
2025-12-02,432,Meta Selic,15.0,% a.a.,diária
2025-12-03,432,Meta Selic,15.0,% a.a.,diária
2025-12-04,432,Meta Selic,15.0,% a.a.,diária
2025-12-05,432,Meta Selic,15.0,% a.a.,diária
2025-12-06,432,Meta Selic,15.0,% a.a.,diária
2025-12-07,432,Meta Selic,15.0,% a.a.,diária
2025-12-08,432,Meta Selic,15.0,% a.a.,diária
2025-12-09,432,Meta Selic,15.0,% a.a.,diária
2025-12-10,432,Meta Selic,15.0,% a.a.,diária
2025-12-11,432,Meta Selic,15.0,% a.a.,diária
2025-12-12,432,Meta Selic,15.0,% a.a.,diária
2025-12-13,432,Meta Selic,15.0,% a.a.,diária
2025-12-14,432,Meta Selic,15.0,% a.a.,diária
2025-12-15,432,Meta Selic,15.0,% a.a.,diária
2025-12-16,432,Meta Selic,15.0,% a.a.,diária
2025-12-17,432,Meta Selic,15.0,% a.a.,diária
2025-12-18,432,Meta Selic,15.0,% a.a.,diária
2025-12-19,432,Meta Selic,15.0,% a.a.,diária
2025-12-20,432,Meta Selic,15.0,% a.a.,diária
2025-12-21,432,Meta Selic,15.0,% a.a.,diária
2025-12-22,432,Meta Selic,15.0,% a.a.,diária
2025-12-23,432,Meta Selic,15.0,% a.a.,diária
2025-12-24,432,Meta Selic,15.0,% a.a.,diária
2025-12-25,432,Meta Selic,15.0,% a.a.,diária
2025-12-26,432,Meta Selic,15.0,% a.a.,diária
2025-12-27,432,Meta Selic,15.0,% a.a.,diária
2025-12-28,432,Meta Selic,15.0,% a.a.,diária
2025-12-29,432,Meta Selic,15.0,% a.a.,diária
2025-12-30,432,Meta Selic,15.0,% a.a.,diária
2025-12-31,432,Meta Selic,15.0,% a.a.,diária
2019-01-01,4513,DLSP,53.11,% PIB,mensal
2019-02-01,4513,DLSP,53.11,% PIB,mensal
2019-03-01,4513,DLSP,53.04,% PIB,mensal
2019-04-01,4513,DLSP,53.06,% PIB,mensal
2019-05-01,4513,DLSP,53.24,% PIB,mensal
2019-06-01,4513,DLSP,53.82,% PIB,mensal
2019-07-01,4513,DLSP,54.26,% PIB,mensal
2019-08-01,4513,DLSP,53.31,% PIB,mensal
2019-09-01,4513,DLSP,53.64,% PIB,mensal
2019-10-01,4513,DLSP,54.11,% PIB,mensal
2019-11-01,4513,DLSP,53.79,% PIB,mensal
2019-12-01,4513,DLSP,54.7,% PIB,mensal
2020-01-01,4513,DLSP,53.18,% PIB,mensal
2020-02-01,4513,DLSP,52.54,% PIB,mensal
2020-03-01,4513,DLSP,50.63,% PIB,mensal
2020-04-01,4513,DLSP,51.57,% PIB,mensal
2020-05-01,4513,DLSP,53.71,% PIB,mensal
2020-06-01,4513,DLSP,56.24,% PIB,mensal
2020-07-01,4513,DLSP,58.12,% PIB,mensal
2020-08-01,4513,DLSP,58.67,% PIB,mensal
2020-09-01,4513,DLSP,59.3,% PIB,mensal
2020-10-01,4513,DLSP,59.14,% PIB,mensal
2020-11-01,4513,DLSP,60.57,% PIB,mensal
2020-12-01,4513,DLSP,61.37,% PIB,mensal
2021-01-01,4513,DLSP,59.71,% PIB,mensal
2021-02-01,4513,DLSP,59.5,% PIB,mensal
2021-03-01,4513,DLSP,58.53,% PIB,mensal
2021-04-01,4513,DLSP,57.7,% PIB,mensal
2021-05-01,4513,DLSP,57.54,% PIB,mensal
2021-06-01,4513,DLSP,58.43,% PIB,mensal
2021-07-01,4513,DLSP,57.77,% PIB,mensal
2021-08-01,4513,DLSP,57.18,% PIB,mensal
2021-09-01,4513,DLSP,56.17,% PIB,mensal
2021-10-01,4513,DLSP,55.21,% PIB,mensal
2021-11-01,4513,DLSP,54.98,% PIB,mensal
2021-12-01,4513,DLSP,55.11,% PIB,mensal
2022-01-01,4513,DLSP,54.82,% PIB,mensal
2022-02-01,4513,DLSP,55.45,% PIB,mensal
2022-03-01,4513,DLSP,56.66,% PIB,mensal
2022-04-01,4513,DLSP,56.4,% PIB,mensal
2022-05-01,4513,DLSP,56.91,% PIB,mensal
2022-06-01,4513,DLSP,56.03,% PIB,mensal
2022-07-01,4513,DLSP,55.59,% PIB,mensal
2022-08-01,4513,DLSP,56.05,% PIB,mensal
2022-09-01,4513,DLSP,56.03,% PIB,mensal
2022-10-01,4513,DLSP,55.98,% PIB,mensal
2022-11-01,4513,DLSP,55.81,% PIB,mensal
2022-12-01,4513,DLSP,56.13,% PIB,mensal
2023-01-01,4513,DLSP,55.21,% PIB,mensal
2023-02-01,4513,DLSP,55.71,% PIB,mensal
2023-03-01,4513,DLSP,55.98,% PIB,mensal
2023-04-01,4513,DLSP,55.92,% PIB,mensal
2023-05-01,4513,DLSP,56.59,% PIB,mensal
2023-06-01,4513,DLSP,57.78,% PIB,mensal
2023-07-01,4513,DLSP,58.34,% PIB,mensal
2023-08-01,4513,DLSP,58.68,% PIB,mensal
2023-09-01,4513,DLSP,58.87,% PIB,mensal
2023-10-01,4513,DLSP,58.85,% PIB,mensal
2023-11-01,4513,DLSP,59.08,% PIB,mensal
2023-12-01,4513,DLSP,60.43,% PIB,mensal
2024-01-01,4513,DLSP,59.55,% PIB,mensal
2024-02-01,4513,DLSP,60.32,% PIB,mensal
2024-03-01,4513,DLSP,60.59,% PIB,mensal
2024-04-01,4513,DLSP,60.55,% PIB,mensal
2024-05-01,4513,DLSP,61.23,% PIB,mensal
2024-06-01,4513,DLSP,61.28,% PIB,mensal
2024-07-01,4513,DLSP,60.91,% PIB,mensal
2024-08-01,4513,DLSP,61.08,% PIB,mensal
2024-09-01,4513,DLSP,61.46,% PIB,mensal
2024-10-01,4513,DLSP,61.12,% PIB,mensal
2024-11-01,4513,DLSP,60.99,% PIB,mensal
2024-12-01,4513,DLSP,61.3,% PIB,mensal
2025-01-01,4513,DLSP,60.96,% PIB,mensal
2025-02-01,4513,DLSP,61.13,% PIB,mensal
2025-03-01,4513,DLSP,61.3,% PIB,mensal
2025-04-01,4513,DLSP,61.25,% PIB,mensal
2025-05-01,4513,DLSP,61.71,% PIB,mensal
2025-06-01,4513,DLSP,62.6,% PIB,mensal
2025-07-01,4513,DLSP,63.41,% PIB,mensal
2025-08-01,4513,DLSP,64.05,% PIB,mensal
2025-09-01,4513,DLSP,64.57,% PIB,mensal
2025-10-01,4513,DLSP,64.68,% PIB,mensal
2025-11-01,4513,DLSP,65.18,% PIB,mensal
2025-12-01,4513,DLSP,65.24,% PIB,mensal
2019-01-01,5727,NFSP nominal acumulado 12 meses,6.83,% PIB,mensal
2019-02-01,5727,NFSP nominal acumulado 12 meses,6.78,% PIB,mensal
2019-03-01,5727,NFSP nominal acumulado 12 meses,6.83,% PIB,mensal
2019-04-01,5727,NFSP nominal acumulado 12 meses,6.83,% PIB,mensal
2019-05-01,5727,NFSP nominal acumulado 12 meses,6.77,% PIB,mensal
2019-06-01,5727,NFSP nominal acumulado 12 meses,6.37,% PIB,mensal
2019-07-01,5727,NFSP nominal acumulado 12 meses,6.35,% PIB,mensal
2019-08-01,5727,NFSP nominal acumulado 12 meses,6.14,% PIB,mensal
2019-09-01,5727,NFSP nominal acumulado 12 meses,6.2,% PIB,mensal
2019-10-01,5727,NFSP nominal acumulado 12 meses,6.23,% PIB,mensal
2019-11-01,5727,NFSP nominal acumulado 12 meses,6.24,% PIB,mensal
2019-12-01,5727,NFSP nominal acumulado 12 meses,5.81,% PIB,mensal
2020-01-01,5727,NFSP nominal acumulado 12 meses,5.87,% PIB,mensal
2020-02-01,5727,NFSP nominal acumulado 12 meses,5.9,% PIB,mensal
2020-03-01,5727,NFSP nominal acumulado 12 meses,6.11,% PIB,mensal
2020-04-01,5727,NFSP nominal acumulado 12 meses,7.32,% PIB,mensal
2020-05-01,5727,NFSP nominal acumulado 12 meses,8.61,% PIB,mensal
2020-06-01,5727,NFSP nominal acumulado 12 meses,11.02,% PIB,mensal
2020-07-01,5727,NFSP nominal acumulado 12 meses,11.77,% PIB,mensal
2020-08-01,5727,NFSP nominal acumulado 12 meses,12.54,% PIB,mensal
2020-09-01,5727,NFSP nominal acumulado 12 meses,13.26,% PIB,mensal
2020-10-01,5727,NFSP nominal acumulado 12 meses,13.48,% PIB,mensal
2020-11-01,5727,NFSP nominal acumulado 12 meses,12.97,% PIB,mensal
2020-12-01,5727,NFSP nominal acumulado 12 meses,13.34,% PIB,mensal
2021-01-01,5727,NFSP nominal acumulado 12 meses,13.25,% PIB,mensal
2021-02-01,5727,NFSP nominal acumulado 12 meses,12.99,% PIB,mensal
2021-03-01,5727,NFSP nominal acumulado 12 meses,12.32,% PIB,mensal
2021-04-01,5727,NFSP nominal acumulado 12 meses,10.25,% PIB,mensal
2021-05-01,5727,NFSP nominal acumulado 12 meses,8.81,% PIB,mensal
2021-06-01,5727,NFSP nominal acumulado 12 meses,7.06,% PIB,mensal
2021-07-01,5727,NFSP nominal acumulado 12 meses,6.59,% PIB,mensal
2021-08-01,5727,NFSP nominal acumulado 12 meses,5.42,% PIB,mensal
2021-09-01,5727,NFSP nominal acumulado 12 meses,4.64,% PIB,mensal
2021-10-01,5727,NFSP nominal acumulado 12 meses,4.52,% PIB,mensal
2021-11-01,5727,NFSP nominal acumulado 12 meses,4.54,% PIB,mensal
2021-12-01,5727,NFSP nominal acumulado 12 meses,4.26,% PIB,mensal
2022-01-01,5727,NFSP nominal acumulado 12 meses,3.51,% PIB,mensal
2022-02-01,5727,NFSP nominal acumulado 12 meses,3.29,% PIB,mensal
2022-03-01,5727,NFSP nominal acumulado 12 meses,3.06,% PIB,mensal
2022-04-01,5727,NFSP nominal acumulado 12 meses,3.8,% PIB,mensal
2022-05-01,5727,NFSP nominal acumulado 12 meses,4.06,% PIB,mensal
2022-06-01,5727,NFSP nominal acumulado 12 meses,4.1,% PIB,mensal
2022-07-01,5727,NFSP nominal acumulado 12 meses,3.71,% PIB,mensal
2022-08-01,5727,NFSP nominal acumulado 12 meses,4.04,% PIB,mensal
2022-09-01,5727,NFSP nominal acumulado 12 meses,4.19,% PIB,mensal
2022-10-01,5727,NFSP nominal acumulado 12 meses,4.04,% PIB,mensal
2022-11-01,5727,NFSP nominal acumulado 12 meses,4.44,% PIB,mensal
2022-12-01,5727,NFSP nominal acumulado 12 meses,4.57,% PIB,mensal
2023-01-01,5727,NFSP nominal acumulado 12 meses,4.9,% PIB,mensal
2023-02-01,5727,NFSP nominal acumulado 12 meses,5.52,% PIB,mensal
2023-03-01,5727,NFSP nominal acumulado 12 meses,5.98,% PIB,mensal
2023-04-01,5727,NFSP nominal acumulado 12 meses,5.79,% PIB,mensal
2023-05-01,5727,NFSP nominal acumulado 12 meses,6.26,% PIB,mensal
2023-06-01,5727,NFSP nominal acumulado 12 meses,6.28,% PIB,mensal
2023-07-01,5727,NFSP nominal acumulado 12 meses,6.81,% PIB,mensal
2023-08-01,5727,NFSP nominal acumulado 12 meses,7.15,% PIB,mensal
2023-09-01,5727,NFSP nominal acumulado 12 meses,7.48,% PIB,mensal
2023-10-01,5727,NFSP nominal acumulado 12 meses,7.73,% PIB,mensal
2023-11-01,5727,NFSP nominal acumulado 12 meses,7.77,% PIB,mensal
2023-12-01,5727,NFSP nominal acumulado 12 meses,8.84,% PIB,mensal
2024-01-01,5727,NFSP nominal acumulado 12 meses,9.0,% PIB,mensal
2024-02-01,5727,NFSP nominal acumulado 12 meses,9.15,% PIB,mensal
2024-03-01,5727,NFSP nominal acumulado 12 meses,8.97,% PIB,mensal
2024-04-01,5727,NFSP nominal acumulado 12 meses,9.3,% PIB,mensal
2024-05-01,5727,NFSP nominal acumulado 12 meses,9.43,% PIB,mensal
2024-06-01,5727,NFSP nominal acumulado 12 meses,9.78,% PIB,mensal
2024-07-01,5727,NFSP nominal acumulado 12 meses,9.86,% PIB,mensal
2024-08-01,5727,NFSP nominal acumulado 12 meses,9.66,% PIB,mensal
2024-09-01,5727,NFSP nominal acumulado 12 meses,9.2,% PIB,mensal
2024-10-01,5727,NFSP nominal acumulado 12 meses,9.36,% PIB,mensal
2024-11-01,5727,NFSP nominal acumulado 12 meses,9.47,% PIB,mensal
2024-12-01,5727,NFSP nominal acumulado 12 meses,8.47,% PIB,mensal
2025-01-01,5727,NFSP nominal acumulado 12 meses,8.08,% PIB,mensal
2025-02-01,5727,NFSP nominal acumulado 12 meses,7.87,% PIB,mensal
2025-03-01,5727,NFSP nominal acumulado 12 meses,7.88,% PIB,mensal
2025-04-01,5727,NFSP nominal acumulado 12 meses,7.7,% PIB,mensal
2025-05-01,5727,NFSP nominal acumulado 12 meses,7.54,% PIB,mensal
2025-06-01,5727,NFSP nominal acumulado 12 meses,7.27,% PIB,mensal
2025-07-01,5727,NFSP nominal acumulado 12 meses,7.82,% PIB,mensal
2025-08-01,5727,NFSP nominal acumulado 12 meses,7.79,% PIB,mensal
2025-09-01,5727,NFSP nominal acumulado 12 meses,8.13,% PIB,mensal
2025-10-01,5727,NFSP nominal acumulado 12 meses,8.14,% PIB,mensal
2025-11-01,5727,NFSP nominal acumulado 12 meses,8.12,% PIB,mensal
2025-12-01,5727,NFSP nominal acumulado 12 meses,8.34,% PIB,mensal
2019-01-01,5760,Juros nominais acumulados 12 meses,5.29,% PIB,mensal
2019-02-01,5760,Juros nominais acumulados 12 meses,5.28,% PIB,mensal
2019-03-01,5760,Juros nominais acumulados 12 meses,5.43,% PIB,mensal
2019-04-01,5760,Juros nominais acumulados 12 meses,5.48,% PIB,mensal
2019-05-01,5760,Juros nominais acumulados 12 meses,5.37,% PIB,mensal
2019-06-01,5760,Juros nominais acumulados 12 meses,4.98,% PIB,mensal
2019-07-01,5760,Juros nominais acumulados 12 meses,4.98,% PIB,mensal
2019-08-01,5760,Juros nominais acumulados 12 meses,4.82,% PIB,mensal
2019-09-01,5760,Juros nominais acumulados 12 meses,4.94,% PIB,mensal
2019-10-01,5760,Juros nominais acumulados 12 meses,5.01,% PIB,mensal
2019-11-01,5760,Juros nominais acumulados 12 meses,5.02,% PIB,mensal
2019-12-01,5760,Juros nominais acumulados 12 meses,4.97,% PIB,mensal
2020-01-01,5760,Juros nominais acumulados 12 meses,5.17,% PIB,mensal
2020-02-01,5760,Juros nominais acumulados 12 meses,5.12,% PIB,mensal
2020-03-01,5760,Juros nominais acumulados 12 meses,5.26,% PIB,mensal
2020-04-01,5760,Juros nominais acumulados 12 meses,5.11,% PIB,mensal
2020-05-01,5760,Juros nominais acumulados 12 meses,4.8,% PIB,mensal
2020-06-01,5760,Juros nominais acumulados 12 meses,4.85,% PIB,mensal
2020-07-01,5760,Juros nominais acumulados 12 meses,4.55,% PIB,mensal
2020-08-01,5760,Juros nominais acumulados 12 meses,4.33,% PIB,mensal
2020-09-01,5760,Juros nominais acumulados 12 meses,4.49,% PIB,mensal
2020-10-01,5760,Juros nominais acumulados 12 meses,4.66,% PIB,mensal
2020-11-01,5760,Juros nominais acumulados 12 meses,4.16,% PIB,mensal
2020-12-01,5760,Juros nominais acumulados 12 meses,4.11,% PIB,mensal
2021-01-01,5760,Juros nominais acumulados 12 meses,4.11,% PIB,mensal
2021-02-01,5760,Juros nominais acumulados 12 meses,4.08,% PIB,mensal
2021-03-01,5760,Juros nominais acumulados 12 meses,3.92,% PIB,mensal
2021-04-01,5760,Juros nominais acumulados 12 meses,3.5,% PIB,mensal
2021-05-01,5760,Juros nominais acumulados 12 meses,3.6,% PIB,mensal
2021-06-01,5760,Juros nominais acumulados 12 meses,3.4,% PIB,mensal
2021-07-01,5760,Juros nominais acumulados 12 meses,3.82,% PIB,mensal
2021-08-01,5760,Juros nominais acumulados 12 meses,3.9,% PIB,mensal
2021-09-01,5760,Juros nominais acumulados 12 meses,4.04,% PIB,mensal
2021-10-01,5760,Juros nominais acumulados 12 meses,4.29,% PIB,mensal
2021-11-01,5760,Juros nominais acumulados 12 meses,4.68,% PIB,mensal
2021-12-01,5760,Juros nominais acumulados 12 meses,4.98,% PIB,mensal
2022-01-01,5760,Juros nominais acumulados 12 meses,4.7,% PIB,mensal
2022-02-01,5760,Juros nominais acumulados 12 meses,4.64,% PIB,mensal
2022-03-01,5760,Juros nominais acumulados 12 meses,4.4,% PIB,mensal
2022-04-01,5760,Juros nominais acumulados 12 meses,5.28,% PIB,mensal
2022-05-01,5760,Juros nominais acumulados 12 meses,5.34,% PIB,mensal
2022-06-01,5760,Juros nominais acumulados 12 meses,6.2,% PIB,mensal
2022-07-01,5760,Juros nominais acumulados 12 meses,6.11,% PIB,mensal
2022-08-01,5760,Juros nominais acumulados 12 meses,5.93,% PIB,mensal
2022-09-01,5760,Juros nominais acumulados 12 meses,6.04,% PIB,mensal
2022-10-01,5760,Juros nominais acumulados 12 meses,5.79,% PIB,mensal
2022-11-01,5760,Juros nominais acumulados 12 meses,5.82,% PIB,mensal
2022-12-01,5760,Juros nominais acumulados 12 meses,5.82,% PIB,mensal
2023-01-01,5760,Juros nominais acumulados 12 meses,6.11,% PIB,mensal
2023-02-01,5760,Juros nominais acumulados 12 meses,6.43,% PIB,mensal
2023-03-01,5760,Juros nominais acumulados 12 meses,6.71,% PIB,mensal
2023-04-01,5760,Juros nominais acumulados 12 meses,6.33,% PIB,mensal
2023-05-01,5760,Juros nominais acumulados 12 meses,6.63,% PIB,mensal
2023-06-01,5760,Juros nominais acumulados 12 meses,6.05,% PIB,mensal
2023-07-01,5760,Juros nominais acumulados 12 meses,6.05,% PIB,mensal
2023-08-01,5760,Juros nominais acumulados 12 meses,6.47,% PIB,mensal
2023-09-01,5760,Juros nominais acumulados 12 meses,6.53,% PIB,mensal
2023-10-01,5760,Juros nominais acumulados 12 meses,6.67,% PIB,mensal
2023-11-01,5760,Juros nominais acumulados 12 meses,6.56,% PIB,mensal
2023-12-01,5760,Juros nominais acumulados 12 meses,6.56,% PIB,mensal
2024-01-01,5760,Juros nominais acumulados 12 meses,6.77,% PIB,mensal
2024-02-01,5760,Juros nominais acumulados 12 meses,6.73,% PIB,mensal
2024-03-01,5760,Juros nominais acumulados 12 meses,6.7,% PIB,mensal
2024-04-01,5760,Juros nominais acumulados 12 meses,6.93,% PIB,mensal
2024-05-01,5760,Juros nominais acumulados 12 meses,6.94,% PIB,mensal
2024-06-01,5760,Juros nominais acumulados 12 meses,7.37,% PIB,mensal
2024-07-01,5760,Juros nominais acumulados 12 meses,7.61,% PIB,mensal
2024-08-01,5760,Juros nominais acumulados 12 meses,7.43,% PIB,mensal
2024-09-01,5760,Juros nominais acumulados 12 meses,7.08,% PIB,mensal
2024-10-01,5760,Juros nominais acumulados 12 meses,7.45,% PIB,mensal
2024-11-01,5760,Juros nominais acumulados 12 meses,7.83,% PIB,mensal
2024-12-01,5760,Juros nominais acumulados 12 meses,8.07,% PIB,mensal
2025-01-01,5760,Juros nominais acumulados 12 meses,7.69,% PIB,mensal
2025-02-01,5760,Juros nominais acumulados 12 meses,7.74,% PIB,mensal
2025-03-01,5760,Juros nominais acumulados 12 meses,7.77,% PIB,mensal
2025-04-01,5760,Juros nominais acumulados 12 meses,7.65,% PIB,mensal
2025-05-01,5760,Juros nominais acumulados 12 meses,7.74,% PIB,mensal
2025-06-01,5760,Juros nominais acumulados 12 meses,7.41,% PIB,mensal
2025-07-01,5760,Juros nominais acumulados 12 meses,7.6,% PIB,mensal
2025-08-01,5760,Juros nominais acumulados 12 meses,7.61,% PIB,mensal
2025-09-01,5760,Juros nominais acumulados 12 meses,7.86,% PIB,mensal
2025-10-01,5760,Juros nominais acumulados 12 meses,7.84,% PIB,mensal
2025-11-01,5760,Juros nominais acumulados 12 meses,7.76,% PIB,mensal
2025-12-01,5760,Juros nominais acumulados 12 meses,7.91,% PIB,mensal
2019-01-01,5793,NFSP primário acumulado 12 meses,1.54,% PIB,mensal
2019-02-01,5793,NFSP primário acumulado 12 meses,1.5,% PIB,mensal
2019-03-01,5793,NFSP primário acumulado 12 meses,1.4,% PIB,mensal
2019-04-01,5793,NFSP primário acumulado 12 meses,1.35,% PIB,mensal
2019-05-01,5793,NFSP primário acumulado 12 meses,1.4,% PIB,mensal
2019-06-01,5793,NFSP primário acumulado 12 meses,1.39,% PIB,mensal
2019-07-01,5793,NFSP primário acumulado 12 meses,1.37,% PIB,mensal
2019-08-01,5793,NFSP primário acumulado 12 meses,1.32,% PIB,mensal
2019-09-01,5793,NFSP primário acumulado 12 meses,1.26,% PIB,mensal
2019-10-01,5793,NFSP primário acumulado 12 meses,1.23,% PIB,mensal
2019-11-01,5793,NFSP primário acumulado 12 meses,1.22,% PIB,mensal
2019-12-01,5793,NFSP primário acumulado 12 meses,0.84,% PIB,mensal
2020-01-01,5793,NFSP primário acumulado 12 meses,0.71,% PIB,mensal
2020-02-01,5793,NFSP primário acumulado 12 meses,0.78,% PIB,mensal
2020-03-01,5793,NFSP primário acumulado 12 meses,0.85,% PIB,mensal
2020-04-01,5793,NFSP primário acumulado 12 meses,2.21,% PIB,mensal
2020-05-01,5793,NFSP primário acumulado 12 meses,3.81,% PIB,mensal
2020-06-01,5793,NFSP primário acumulado 12 meses,6.18,% PIB,mensal
2020-07-01,5793,NFSP primário acumulado 12 meses,7.22,% PIB,mensal
2020-08-01,5793,NFSP primário acumulado 12 meses,8.21,% PIB,mensal
2020-09-01,5793,NFSP primário acumulado 12 meses,8.77,% PIB,mensal
2020-10-01,5793,NFSP primário acumulado 12 meses,8.82,% PIB,mensal
2020-11-01,5793,NFSP primário acumulado 12 meses,8.81,% PIB,mensal
2020-12-01,5793,NFSP primário acumulado 12 meses,9.24,% PIB,mensal
2021-01-01,5793,NFSP primário acumulado 12 meses,9.13,% PIB,mensal
2021-02-01,5793,NFSP primário acumulado 12 meses,8.91,% PIB,mensal
2021-03-01,5793,NFSP primário acumulado 12 meses,8.4,% PIB,mensal
2021-04-01,5793,NFSP primário acumulado 12 meses,6.75,% PIB,mensal
2021-05-01,5793,NFSP primário acumulado 12 meses,5.21,% PIB,mensal
2021-06-01,5793,NFSP primário acumulado 12 meses,3.66,% PIB,mensal
2021-07-01,5793,NFSP primário acumulado 12 meses,2.77,% PIB,mensal
2021-08-01,5793,NFSP primário acumulado 12 meses,1.52,% PIB,mensal
2021-09-01,5793,NFSP primário acumulado 12 meses,0.61,% PIB,mensal
2021-10-01,5793,NFSP primário acumulado 12 meses,0.23,% PIB,mensal
2021-11-01,5793,NFSP primário acumulado 12 meses,-0.14,% PIB,mensal
2021-12-01,5793,NFSP primário acumulado 12 meses,-0.72,% PIB,mensal
2022-01-01,5793,NFSP primário acumulado 12 meses,-1.19,% PIB,mensal
2022-02-01,5793,NFSP primário acumulado 12 meses,-1.36,% PIB,mensal
2022-03-01,5793,NFSP primário acumulado 12 meses,-1.34,% PIB,mensal
2022-04-01,5793,NFSP primário acumulado 12 meses,-1.48,% PIB,mensal
2022-05-01,5793,NFSP primário acumulado 12 meses,-1.28,% PIB,mensal
2022-06-01,5793,NFSP primário acumulado 12 meses,-2.11,% PIB,mensal
2022-07-01,5793,NFSP primário acumulado 12 meses,-2.4,% PIB,mensal
2022-08-01,5793,NFSP primário acumulado 12 meses,-1.89,% PIB,mensal
2022-09-01,5793,NFSP primário acumulado 12 meses,-1.85,% PIB,mensal
2022-10-01,5793,NFSP primário acumulado 12 meses,-1.75,% PIB,mensal
2022-11-01,5793,NFSP primário acumulado 12 meses,-1.38,% PIB,mensal
2022-12-01,5793,NFSP primário acumulado 12 meses,-1.25,% PIB,mensal
2023-01-01,5793,NFSP primário acumulado 12 meses,-1.21,% PIB,mensal
2023-02-01,5793,NFSP primário acumulado 12 meses,-0.91,% PIB,mensal
2023-03-01,5793,NFSP primário acumulado 12 meses,-0.72,% PIB,mensal
2023-04-01,5793,NFSP primário acumulado 12 meses,-0.54,% PIB,mensal
2023-05-01,5793,NFSP primário acumulado 12 meses,-0.37,% PIB,mensal
2023-06-01,5793,NFSP primário acumulado 12 meses,0.23,% PIB,mensal
2023-07-01,5793,NFSP primário acumulado 12 meses,0.76,% PIB,mensal
2023-08-01,5793,NFSP primário acumulado 12 meses,0.69,% PIB,mensal
2023-09-01,5793,NFSP primário acumulado 12 meses,0.95,% PIB,mensal
2023-10-01,5793,NFSP primário acumulado 12 meses,1.06,% PIB,mensal
2023-11-01,5793,NFSP primário acumulado 12 meses,1.21,% PIB,mensal
2023-12-01,5793,NFSP primário acumulado 12 meses,2.28,% PIB,mensal
2024-01-01,5793,NFSP primário acumulado 12 meses,2.23,% PIB,mensal
2024-02-01,5793,NFSP primário acumulado 12 meses,2.42,% PIB,mensal
2024-03-01,5793,NFSP primário acumulado 12 meses,2.27,% PIB,mensal
2024-04-01,5793,NFSP primário acumulado 12 meses,2.38,% PIB,mensal
2024-05-01,5793,NFSP primário acumulado 12 meses,2.49,% PIB,mensal
2024-06-01,5793,NFSP primário acumulado 12 meses,2.4,% PIB,mensal
2024-07-01,5793,NFSP primário acumulado 12 meses,2.25,% PIB,mensal
2024-08-01,5793,NFSP primário acumulado 12 meses,2.23,% PIB,mensal
2024-09-01,5793,NFSP primário acumulado 12 meses,2.12,% PIB,mensal
2024-10-01,5793,NFSP primário acumulado 12 meses,1.91,% PIB,mensal
2024-11-01,5793,NFSP primário acumulado 12 meses,1.64,% PIB,mensal
2024-12-01,5793,NFSP primário acumulado 12 meses,0.4,% PIB,mensal
2025-01-01,5793,NFSP primário acumulado 12 meses,0.39,% PIB,mensal
2025-02-01,5793,NFSP primário acumulado 12 meses,0.13,% PIB,mensal
2025-03-01,5793,NFSP primário acumulado 12 meses,0.11,% PIB,mensal
2025-04-01,5793,NFSP primário acumulado 12 meses,0.05,% PIB,mensal
2025-05-01,5793,NFSP primário acumulado 12 meses,-0.2,% PIB,mensal
2025-06-01,5793,NFSP primário acumulado 12 meses,-0.15,% PIB,mensal
2025-07-01,5793,NFSP primário acumulado 12 meses,0.22,% PIB,mensal
2025-08-01,5793,NFSP primário acumulado 12 meses,0.19,% PIB,mensal
2025-09-01,5793,NFSP primário acumulado 12 meses,0.27,% PIB,mensal
2025-10-01,5793,NFSP primário acumulado 12 meses,0.3,% PIB,mensal
2025-11-01,5793,NFSP primário acumulado 12 meses,0.36,% PIB,mensal
2025-12-01,5793,NFSP primário acumulado 12 meses,0.43,% PIB,mensal
2019-01-01,13762,DBGG,75.44,% PIB,mensal
2019-02-01,13762,DBGG,75.52,% PIB,mensal
2019-03-01,13762,DBGG,76.71,% PIB,mensal
2019-04-01,13762,DBGG,77.12,% PIB,mensal
2019-05-01,13762,DBGG,76.55,% PIB,mensal
2019-06-01,13762,DBGG,76.67,% PIB,mensal
2019-07-01,13762,DBGG,76.83,% PIB,mensal
2019-08-01,13762,DBGG,77.55,% PIB,mensal
2019-09-01,13762,DBGG,76.6,% PIB,mensal
2019-10-01,13762,DBGG,75.79,% PIB,mensal
2019-11-01,13762,DBGG,76.2,% PIB,mensal
2019-12-01,13762,DBGG,74.44,% PIB,mensal
2020-01-01,13762,DBGG,74.75,% PIB,mensal
2020-02-01,13762,DBGG,75.15,% PIB,mensal
2020-03-01,13762,DBGG,76.78,% PIB,mensal
2020-04-01,13762,DBGG,78.03,% PIB,mensal
2020-05-01,13762,DBGG,79.95,% PIB,mensal
2020-06-01,13762,DBGG,82.87,% PIB,mensal
2020-07-01,13762,DBGG,83.5,% PIB,mensal
2020-08-01,13762,DBGG,85.83,% PIB,mensal
2020-09-01,13762,DBGG,87.42,% PIB,mensal
2020-10-01,13762,DBGG,87.66,% PIB,mensal
2020-11-01,13762,DBGG,86.96,% PIB,mensal
2020-12-01,13762,DBGG,86.94,% PIB,mensal
2021-01-01,13762,DBGG,86.91,% PIB,mensal
2021-02-01,13762,DBGG,86.87,% PIB,mensal
2021-03-01,13762,DBGG,85.1,% PIB,mensal
2021-04-01,13762,DBGG,82.62,% PIB,mensal
2021-05-01,13762,DBGG,81.45,% PIB,mensal
2021-06-01,13762,DBGG,80.6,% PIB,mensal
2021-07-01,13762,DBGG,80.25,% PIB,mensal
2021-08-01,13762,DBGG,79.64,% PIB,mensal
2021-09-01,13762,DBGG,79.62,% PIB,mensal
2021-10-01,13762,DBGG,79.52,% PIB,mensal
2021-11-01,13762,DBGG,78.22,% PIB,mensal
2021-12-01,13762,DBGG,77.31,% PIB,mensal
2022-01-01,13762,DBGG,77.0,% PIB,mensal
2022-02-01,13762,DBGG,76.92,% PIB,mensal
2022-03-01,13762,DBGG,76.4,% PIB,mensal
2022-04-01,13762,DBGG,76.33,% PIB,mensal
2022-05-01,13762,DBGG,75.68,% PIB,mensal
2022-06-01,13762,DBGG,75.61,% PIB,mensal
2022-07-01,13762,DBGG,75.24,% PIB,mensal
2022-08-01,13762,DBGG,74.57,% PIB,mensal
2022-09-01,13762,DBGG,74.15,% PIB,mensal
2022-10-01,13762,DBGG,73.7,% PIB,mensal
2022-11-01,13762,DBGG,72.95,% PIB,mensal
2022-12-01,13762,DBGG,71.68,% PIB,mensal
2023-01-01,13762,DBGG,71.38,% PIB,mensal
2023-02-01,13762,DBGG,71.77,% PIB,mensal
2023-03-01,13762,DBGG,71.54,% PIB,mensal
2023-04-01,13762,DBGG,71.57,% PIB,mensal
2023-05-01,13762,DBGG,72.11,% PIB,mensal
2023-06-01,13762,DBGG,71.97,% PIB,mensal
2023-07-01,13762,DBGG,72.48,% PIB,mensal
2023-08-01,13762,DBGG,72.89,% PIB,mensal
2023-09-01,13762,DBGG,73.01,% PIB,mensal
2023-10-01,13762,DBGG,73.32,% PIB,mensal
2023-11-01,13762,DBGG,73.32,% PIB,mensal
2023-12-01,13762,DBGG,73.83,% PIB,mensal
2024-01-01,13762,DBGG,74.47,% PIB,mensal
2024-02-01,13762,DBGG,74.81,% PIB,mensal
2024-03-01,13762,DBGG,75.02,% PIB,mensal
2024-04-01,13762,DBGG,75.15,% PIB,mensal
2024-05-01,13762,DBGG,75.67,% PIB,mensal
2024-06-01,13762,DBGG,76.68,% PIB,mensal
2024-07-01,13762,DBGG,77.21,% PIB,mensal
2024-08-01,13762,DBGG,77.36,% PIB,mensal
2024-09-01,13762,DBGG,77.09,% PIB,mensal
2024-10-01,13762,DBGG,77.38,% PIB,mensal
2024-11-01,13762,DBGG,77.5,% PIB,mensal
2024-12-01,13762,DBGG,76.27,% PIB,mensal
2025-01-01,13762,DBGG,75.48,% PIB,mensal
2025-02-01,13762,DBGG,75.78,% PIB,mensal
2025-03-01,13762,DBGG,75.55,% PIB,mensal
2025-04-01,13762,DBGG,75.62,% PIB,mensal
2025-05-01,13762,DBGG,75.75,% PIB,mensal
2025-06-01,13762,DBGG,76.3,% PIB,mensal
2025-07-01,13762,DBGG,77.18,% PIB,mensal
2025-08-01,13762,DBGG,77.31,% PIB,mensal
2025-09-01,13762,DBGG,77.84,% PIB,mensal
2025-10-01,13762,DBGG,78.29,% PIB,mensal
2025-11-01,13762,DBGG,78.95,% PIB,mensal
2025-12-01,13762,DBGG,78.64,% PIB,mensal
