pais,iso3,ano,indicador,valor,unidade,status,edicao
Brasil,BRA,2000,NGDP_RPCH,4.4,Annual percent change,histórico ou estimativa; consultar WEO,World Economic Outlook (April 2026)
Brasil,BRA,2001,NGDP_RPCH,1.4,Annual percent change,histórico ou estimativa; consultar WEO,World Economic Outlook (April 2026)
Brasil,BRA,2002,NGDP_RPCH,3.1,Annual percent change,histórico ou estimativa; consultar WEO,World Economic Outlook (April 2026)
Brasil,BRA,2003,NGDP_RPCH,1.1,Annual percent change,histórico ou estimativa; consultar WEO,World Economic Outlook (April 2026)
Brasil,BRA,2004,NGDP_RPCH,5.8,Annual percent change,histórico ou estimativa; consultar WEO,World Economic Outlook (April 2026)
Brasil,BRA,2005,NGDP_RPCH,3.2,Annual percent change,histórico ou estimativa; consultar WEO,World Economic Outlook (April 2026)
Brasil,BRA,2006,NGDP_RPCH,4,Annual percent change,histórico ou estimativa; consultar WEO,World Economic Outlook (April 2026)
Brasil,BRA,2007,NGDP_RPCH,6.1,Annual percent change,histórico ou estimativa; consultar WEO,World Economic Outlook (April 2026)
Brasil,BRA,2008,NGDP_RPCH,5.1,Annual percent change,histórico ou estimativa; consultar WEO,World Economic Outlook (April 2026)
Brasil,BRA,2009,NGDP_RPCH,-0.1,Annual percent change,histórico ou estimativa; consultar WEO,World Economic Outlook (April 2026)
Brasil,BRA,2010,NGDP_RPCH,7.5,Annual percent change,histórico ou estimativa; consultar WEO,World Economic Outlook (April 2026)
Brasil,BRA,2011,NGDP_RPCH,4,Annual percent change,histórico ou estimativa; consultar WEO,World Economic Outlook (April 2026)
Brasil,BRA,2012,NGDP_RPCH,1.9,Annual percent change,histórico ou estimativa; consultar WEO,World Economic Outlook (April 2026)
Brasil,BRA,2013,NGDP_RPCH,3,Annual percent change,histórico ou estimativa; consultar WEO,World Economic Outlook (April 2026)
Brasil,BRA,2014,NGDP_RPCH,0.5,Annual percent change,histórico ou estimativa; consultar WEO,World Economic Outlook (April 2026)
Brasil,BRA,2015,NGDP_RPCH,-3.5,Annual percent change,histórico ou estimativa; consultar WEO,World Economic Outlook (April 2026)
Brasil,BRA,2016,NGDP_RPCH,-3.3,Annual percent change,histórico ou estimativa; consultar WEO,World Economic Outlook (April 2026)
Brasil,BRA,2017,NGDP_RPCH,1.3,Annual percent change,histórico ou estimativa; consultar WEO,World Economic Outlook (April 2026)
Brasil,BRA,2018,NGDP_RPCH,1.8,Annual percent change,histórico ou estimativa; consultar WEO,World Economic Outlook (April 2026)
Brasil,BRA,2019,NGDP_RPCH,1.2,Annual percent change,histórico ou estimativa; consultar WEO,World Economic Outlook (April 2026)
Brasil,BRA,2020,NGDP_RPCH,-3.3,Annual percent change,histórico ou estimativa; consultar WEO,World Economic Outlook (April 2026)
Brasil,BRA,2021,NGDP_RPCH,4.8,Annual percent change,histórico ou estimativa; consultar WEO,World Economic Outlook (April 2026)
Brasil,BRA,2022,NGDP_RPCH,3,Annual percent change,histórico ou estimativa; consultar WEO,World Economic Outlook (April 2026)
Brasil,BRA,2023,NGDP_RPCH,3.2,Annual percent change,histórico ou estimativa; consultar WEO,World Economic Outlook (April 2026)
Brasil,BRA,2024,NGDP_RPCH,3.4,Annual percent change,histórico ou estimativa; consultar WEO,World Economic Outlook (April 2026)
Brasil,BRA,2025,NGDP_RPCH,2.3,Annual percent change,histórico ou estimativa; consultar WEO,World Economic Outlook (April 2026)
Brasil,BRA,2026,NGDP_RPCH,1.9,Annual percent change,projeção,World Economic Outlook (April 2026)
Estados Unidos,USA,2000,NGDP_RPCH,4.1,Annual percent change,histórico ou estimativa; consultar WEO,World Economic Outlook (April 2026)
Estados Unidos,USA,2001,NGDP_RPCH,1,Annual percent change,histórico ou estimativa; consultar WEO,World Economic Outlook (April 2026)
Estados Unidos,USA,2002,NGDP_RPCH,1.7,Annual percent change,histórico ou estimativa; consultar WEO,World Economic Outlook (April 2026)
Estados Unidos,USA,2003,NGDP_RPCH,2.8,Annual percent change,histórico ou estimativa; consultar WEO,World Economic Outlook (April 2026)
Estados Unidos,USA,2004,NGDP_RPCH,3.8,Annual percent change,histórico ou estimativa; consultar WEO,World Economic Outlook (April 2026)
Estados Unidos,USA,2005,NGDP_RPCH,3.5,Annual percent change,histórico ou estimativa; consultar WEO,World Economic Outlook (April 2026)
Estados Unidos,USA,2006,NGDP_RPCH,2.8,Annual percent change,histórico ou estimativa; consultar WEO,World Economic Outlook (April 2026)
Estados Unidos,USA,2007,NGDP_RPCH,2,Annual percent change,histórico ou estimativa; consultar WEO,World Economic Outlook (April 2026)
Estados Unidos,USA,2008,NGDP_RPCH,0.1,Annual percent change,histórico ou estimativa; consultar WEO,World Economic Outlook (April 2026)
Estados Unidos,USA,2009,NGDP_RPCH,-2.6,Annual percent change,histórico ou estimativa; consultar WEO,World Economic Outlook (April 2026)
Estados Unidos,USA,2010,NGDP_RPCH,2.7,Annual percent change,histórico ou estimativa; consultar WEO,World Economic Outlook (April 2026)
Estados Unidos,USA,2011,NGDP_RPCH,1.6,Annual percent change,histórico ou estimativa; consultar WEO,World Economic Outlook (April 2026)
Estados Unidos,USA,2012,NGDP_RPCH,2.3,Annual percent change,histórico ou estimativa; consultar WEO,World Economic Outlook (April 2026)
Estados Unidos,USA,2013,NGDP_RPCH,2.1,Annual percent change,histórico ou estimativa; consultar WEO,World Economic Outlook (April 2026)
Estados Unidos,USA,2014,NGDP_RPCH,2.5,Annual percent change,histórico ou estimativa; consultar WEO,World Economic Outlook (April 2026)
Estados Unidos,USA,2015,NGDP_RPCH,2.9,Annual percent change,histórico ou estimativa; consultar WEO,World Economic Outlook (April 2026)
Estados Unidos,USA,2016,NGDP_RPCH,1.8,Annual percent change,histórico ou estimativa; consultar WEO,World Economic Outlook (April 2026)
Estados Unidos,USA,2017,NGDP_RPCH,2.5,Annual percent change,histórico ou estimativa; consultar WEO,World Economic Outlook (April 2026)
Estados Unidos,USA,2018,NGDP_RPCH,3,Annual percent change,histórico ou estimativa; consultar WEO,World Economic Outlook (April 2026)
Estados Unidos,USA,2019,NGDP_RPCH,2.6,Annual percent change,histórico ou estimativa; consultar WEO,World Economic Outlook (April 2026)
Estados Unidos,USA,2020,NGDP_RPCH,-2.1,Annual percent change,histórico ou estimativa; consultar WEO,World Economic Outlook (April 2026)
Estados Unidos,USA,2021,NGDP_RPCH,6.2,Annual percent change,histórico ou estimativa; consultar WEO,World Economic Outlook (April 2026)
Estados Unidos,USA,2022,NGDP_RPCH,2.5,Annual percent change,histórico ou estimativa; consultar WEO,World Economic Outlook (April 2026)
Estados Unidos,USA,2023,NGDP_RPCH,2.9,Annual percent change,histórico ou estimativa; consultar WEO,World Economic Outlook (April 2026)
Estados Unidos,USA,2024,NGDP_RPCH,2.8,Annual percent change,histórico ou estimativa; consultar WEO,World Economic Outlook (April 2026)
Estados Unidos,USA,2025,NGDP_RPCH,2.1,Annual percent change,histórico ou estimativa; consultar WEO,World Economic Outlook (April 2026)
Estados Unidos,USA,2026,NGDP_RPCH,2.3,Annual percent change,projeção,World Economic Outlook (April 2026)
Colômbia,COL,2000,NGDP_RPCH,2.9,Annual percent change,histórico ou estimativa; consultar WEO,World Economic Outlook (April 2026)
Colômbia,COL,2001,NGDP_RPCH,1.7,Annual percent change,histórico ou estimativa; consultar WEO,World Economic Outlook (April 2026)
Colômbia,COL,2002,NGDP_RPCH,2.5,Annual percent change,histórico ou estimativa; consultar WEO,World Economic Outlook (April 2026)
Colômbia,COL,2003,NGDP_RPCH,3.9,Annual percent change,histórico ou estimativa; consultar WEO,World Economic Outlook (April 2026)
Colômbia,COL,2004,NGDP_RPCH,5.3,Annual percent change,histórico ou estimativa; consultar WEO,World Economic Outlook (April 2026)
Colômbia,COL,2005,NGDP_RPCH,4.4,Annual percent change,histórico ou estimativa; consultar WEO,World Economic Outlook (April 2026)
Colômbia,COL,2006,NGDP_RPCH,6.7,Annual percent change,histórico ou estimativa; consultar WEO,World Economic Outlook (April 2026)
Colômbia,COL,2007,NGDP_RPCH,6.7,Annual percent change,histórico ou estimativa; consultar WEO,World Economic Outlook (April 2026)
Colômbia,COL,2008,NGDP_RPCH,3.3,Annual percent change,histórico ou estimativa; consultar WEO,World Economic Outlook (April 2026)
Colômbia,COL,2009,NGDP_RPCH,1.1,Annual percent change,histórico ou estimativa; consultar WEO,World Economic Outlook (April 2026)
Colômbia,COL,2010,NGDP_RPCH,4.5,Annual percent change,histórico ou estimativa; consultar WEO,World Economic Outlook (April 2026)
Colômbia,COL,2011,NGDP_RPCH,6.9,Annual percent change,histórico ou estimativa; consultar WEO,World Economic Outlook (April 2026)
Colômbia,COL,2012,NGDP_RPCH,3.9,Annual percent change,histórico ou estimativa; consultar WEO,World Economic Outlook (April 2026)
Colômbia,COL,2013,NGDP_RPCH,5.1,Annual percent change,histórico ou estimativa; consultar WEO,World Economic Outlook (April 2026)
Colômbia,COL,2014,NGDP_RPCH,4.5,Annual percent change,histórico ou estimativa; consultar WEO,World Economic Outlook (April 2026)
Colômbia,COL,2015,NGDP_RPCH,3,Annual percent change,histórico ou estimativa; consultar WEO,World Economic Outlook (April 2026)
Colômbia,COL,2016,NGDP_RPCH,2.1,Annual percent change,histórico ou estimativa; consultar WEO,World Economic Outlook (April 2026)
Colômbia,COL,2017,NGDP_RPCH,1.4,Annual percent change,histórico ou estimativa; consultar WEO,World Economic Outlook (April 2026)
Colômbia,COL,2018,NGDP_RPCH,2.6,Annual percent change,histórico ou estimativa; consultar WEO,World Economic Outlook (April 2026)
Colômbia,COL,2019,NGDP_RPCH,3.2,Annual percent change,histórico ou estimativa; consultar WEO,World Economic Outlook (April 2026)
Colômbia,COL,2020,NGDP_RPCH,-7.2,Annual percent change,histórico ou estimativa; consultar WEO,World Economic Outlook (April 2026)
Colômbia,COL,2021,NGDP_RPCH,10.8,Annual percent change,histórico ou estimativa; consultar WEO,World Economic Outlook (April 2026)
Colômbia,COL,2022,NGDP_RPCH,7.3,Annual percent change,histórico ou estimativa; consultar WEO,World Economic Outlook (April 2026)
Colômbia,COL,2023,NGDP_RPCH,0.8,Annual percent change,histórico ou estimativa; consultar WEO,World Economic Outlook (April 2026)
Colômbia,COL,2024,NGDP_RPCH,1.5,Annual percent change,histórico ou estimativa; consultar WEO,World Economic Outlook (April 2026)
Colômbia,COL,2025,NGDP_RPCH,2.6,Annual percent change,histórico ou estimativa; consultar WEO,World Economic Outlook (April 2026)
Colômbia,COL,2026,NGDP_RPCH,2.3,Annual percent change,projeção,World Economic Outlook (April 2026)
Argentina,ARG,2000,NGDP_RPCH,-0.8,Annual percent change,histórico ou estimativa; consultar WEO,World Economic Outlook (April 2026)
Argentina,ARG,2001,NGDP_RPCH,-4.4,Annual percent change,histórico ou estimativa; consultar WEO,World Economic Outlook (April 2026)
Argentina,ARG,2002,NGDP_RPCH,-10.9,Annual percent change,histórico ou estimativa; consultar WEO,World Economic Outlook (April 2026)
Argentina,ARG,2003,NGDP_RPCH,9,Annual percent change,histórico ou estimativa; consultar WEO,World Economic Outlook (April 2026)
Argentina,ARG,2004,NGDP_RPCH,8.9,Annual percent change,histórico ou estimativa; consultar WEO,World Economic Outlook (April 2026)
Argentina,ARG,2005,NGDP_RPCH,8.9,Annual percent change,histórico ou estimativa; consultar WEO,World Economic Outlook (April 2026)
Argentina,ARG,2006,NGDP_RPCH,8,Annual percent change,histórico ou estimativa; consultar WEO,World Economic Outlook (April 2026)
Argentina,ARG,2007,NGDP_RPCH,9,Annual percent change,histórico ou estimativa; consultar WEO,World Economic Outlook (April 2026)
Argentina,ARG,2008,NGDP_RPCH,4.1,Annual percent change,histórico ou estimativa; consultar WEO,World Economic Outlook (April 2026)
Argentina,ARG,2009,NGDP_RPCH,-5.9,Annual percent change,histórico ou estimativa; consultar WEO,World Economic Outlook (April 2026)
Argentina,ARG,2010,NGDP_RPCH,10.1,Annual percent change,histórico ou estimativa; consultar WEO,World Economic Outlook (April 2026)
Argentina,ARG,2011,NGDP_RPCH,6,Annual percent change,histórico ou estimativa; consultar WEO,World Economic Outlook (April 2026)
Argentina,ARG,2012,NGDP_RPCH,-1,Annual percent change,histórico ou estimativa; consultar WEO,World Economic Outlook (April 2026)
Argentina,ARG,2013,NGDP_RPCH,2.4,Annual percent change,histórico ou estimativa; consultar WEO,World Economic Outlook (April 2026)
Argentina,ARG,2014,NGDP_RPCH,-2.5,Annual percent change,histórico ou estimativa; consultar WEO,World Economic Outlook (April 2026)
Argentina,ARG,2015,NGDP_RPCH,2.7,Annual percent change,histórico ou estimativa; consultar WEO,World Economic Outlook (April 2026)
Argentina,ARG,2016,NGDP_RPCH,-2.1,Annual percent change,histórico ou estimativa; consultar WEO,World Economic Outlook (April 2026)
Argentina,ARG,2017,NGDP_RPCH,2.8,Annual percent change,histórico ou estimativa; consultar WEO,World Economic Outlook (April 2026)
Argentina,ARG,2018,NGDP_RPCH,-2.6,Annual percent change,histórico ou estimativa; consultar WEO,World Economic Outlook (April 2026)
Argentina,ARG,2019,NGDP_RPCH,-2,Annual percent change,histórico ou estimativa; consultar WEO,World Economic Outlook (April 2026)
Argentina,ARG,2020,NGDP_RPCH,-9.9,Annual percent change,histórico ou estimativa; consultar WEO,World Economic Outlook (April 2026)
Argentina,ARG,2021,NGDP_RPCH,10.4,Annual percent change,histórico ou estimativa; consultar WEO,World Economic Outlook (April 2026)
Argentina,ARG,2022,NGDP_RPCH,6,Annual percent change,histórico ou estimativa; consultar WEO,World Economic Outlook (April 2026)
Argentina,ARG,2023,NGDP_RPCH,-1.9,Annual percent change,histórico ou estimativa; consultar WEO,World Economic Outlook (April 2026)
Argentina,ARG,2024,NGDP_RPCH,-1.3,Annual percent change,histórico ou estimativa; consultar WEO,World Economic Outlook (April 2026)
Argentina,ARG,2025,NGDP_RPCH,4.4,Annual percent change,histórico ou estimativa; consultar WEO,World Economic Outlook (April 2026)
Argentina,ARG,2026,NGDP_RPCH,3.5,Annual percent change,projeção,World Economic Outlook (April 2026)
Chile,CHL,2000,NGDP_RPCH,5,Annual percent change,histórico ou estimativa; consultar WEO,World Economic Outlook (April 2026)
Chile,CHL,2001,NGDP_RPCH,3.2,Annual percent change,histórico ou estimativa; consultar WEO,World Economic Outlook (April 2026)
Chile,CHL,2002,NGDP_RPCH,3.2,Annual percent change,histórico ou estimativa; consultar WEO,World Economic Outlook (April 2026)
Chile,CHL,2003,NGDP_RPCH,4.7,Annual percent change,histórico ou estimativa; consultar WEO,World Economic Outlook (April 2026)
Chile,CHL,2004,NGDP_RPCH,6.7,Annual percent change,histórico ou estimativa; consultar WEO,World Economic Outlook (April 2026)
Chile,CHL,2005,NGDP_RPCH,5.8,Annual percent change,histórico ou estimativa; consultar WEO,World Economic Outlook (April 2026)
Chile,CHL,2006,NGDP_RPCH,6,Annual percent change,histórico ou estimativa; consultar WEO,World Economic Outlook (April 2026)
Chile,CHL,2007,NGDP_RPCH,5.2,Annual percent change,histórico ou estimativa; consultar WEO,World Economic Outlook (April 2026)
Chile,CHL,2008,NGDP_RPCH,3.8,Annual percent change,histórico ou estimativa; consultar WEO,World Economic Outlook (April 2026)
Chile,CHL,2009,NGDP_RPCH,-1.1,Annual percent change,histórico ou estimativa; consultar WEO,World Economic Outlook (April 2026)
Chile,CHL,2010,NGDP_RPCH,5.9,Annual percent change,histórico ou estimativa; consultar WEO,World Economic Outlook (April 2026)
Chile,CHL,2011,NGDP_RPCH,6.2,Annual percent change,histórico ou estimativa; consultar WEO,World Economic Outlook (April 2026)
Chile,CHL,2012,NGDP_RPCH,6.2,Annual percent change,histórico ou estimativa; consultar WEO,World Economic Outlook (April 2026)
Chile,CHL,2013,NGDP_RPCH,3.3,Annual percent change,histórico ou estimativa; consultar WEO,World Economic Outlook (April 2026)
Chile,CHL,2014,NGDP_RPCH,1.8,Annual percent change,histórico ou estimativa; consultar WEO,World Economic Outlook (April 2026)
Chile,CHL,2015,NGDP_RPCH,2.2,Annual percent change,histórico ou estimativa; consultar WEO,World Economic Outlook (April 2026)
Chile,CHL,2016,NGDP_RPCH,1.8,Annual percent change,histórico ou estimativa; consultar WEO,World Economic Outlook (April 2026)
Chile,CHL,2017,NGDP_RPCH,1.4,Annual percent change,histórico ou estimativa; consultar WEO,World Economic Outlook (April 2026)
Chile,CHL,2018,NGDP_RPCH,4,Annual percent change,histórico ou estimativa; consultar WEO,World Economic Outlook (April 2026)
Chile,CHL,2019,NGDP_RPCH,0.6,Annual percent change,histórico ou estimativa; consultar WEO,World Economic Outlook (April 2026)
Chile,CHL,2020,NGDP_RPCH,-6.1,Annual percent change,histórico ou estimativa; consultar WEO,World Economic Outlook (April 2026)
Chile,CHL,2021,NGDP_RPCH,11.3,Annual percent change,histórico ou estimativa; consultar WEO,World Economic Outlook (April 2026)
Chile,CHL,2022,NGDP_RPCH,2.2,Annual percent change,histórico ou estimativa; consultar WEO,World Economic Outlook (April 2026)
Chile,CHL,2023,NGDP_RPCH,0.5,Annual percent change,histórico ou estimativa; consultar WEO,World Economic Outlook (April 2026)
Chile,CHL,2024,NGDP_RPCH,2.6,Annual percent change,histórico ou estimativa; consultar WEO,World Economic Outlook (April 2026)
Chile,CHL,2025,NGDP_RPCH,2.3,Annual percent change,histórico ou estimativa; consultar WEO,World Economic Outlook (April 2026)
Chile,CHL,2026,NGDP_RPCH,2.4,Annual percent change,projeção,World Economic Outlook (April 2026)
México,MEX,2000,NGDP_RPCH,5,Annual percent change,histórico ou estimativa; consultar WEO,World Economic Outlook (April 2026)
México,MEX,2001,NGDP_RPCH,-0.5,Annual percent change,histórico ou estimativa; consultar WEO,World Economic Outlook (April 2026)
México,MEX,2002,NGDP_RPCH,-0.2,Annual percent change,histórico ou estimativa; consultar WEO,World Economic Outlook (April 2026)
México,MEX,2003,NGDP_RPCH,1.2,Annual percent change,histórico ou estimativa; consultar WEO,World Economic Outlook (April 2026)
México,MEX,2004,NGDP_RPCH,3.6,Annual percent change,histórico ou estimativa; consultar WEO,World Economic Outlook (April 2026)
México,MEX,2005,NGDP_RPCH,2.1,Annual percent change,histórico ou estimativa; consultar WEO,World Economic Outlook (April 2026)
México,MEX,2006,NGDP_RPCH,4.8,Annual percent change,histórico ou estimativa; consultar WEO,World Economic Outlook (April 2026)
México,MEX,2007,NGDP_RPCH,2.1,Annual percent change,histórico ou estimativa; consultar WEO,World Economic Outlook (April 2026)
México,MEX,2008,NGDP_RPCH,0.9,Annual percent change,histórico ou estimativa; consultar WEO,World Economic Outlook (April 2026)
México,MEX,2009,NGDP_RPCH,-6.3,Annual percent change,histórico ou estimativa; consultar WEO,World Economic Outlook (April 2026)
México,MEX,2010,NGDP_RPCH,5,Annual percent change,histórico ou estimativa; consultar WEO,World Economic Outlook (April 2026)
México,MEX,2011,NGDP_RPCH,3.4,Annual percent change,histórico ou estimativa; consultar WEO,World Economic Outlook (April 2026)
México,MEX,2012,NGDP_RPCH,3.6,Annual percent change,histórico ou estimativa; consultar WEO,World Economic Outlook (April 2026)
México,MEX,2013,NGDP_RPCH,0.9,Annual percent change,histórico ou estimativa; consultar WEO,World Economic Outlook (April 2026)
México,MEX,2014,NGDP_RPCH,2.5,Annual percent change,histórico ou estimativa; consultar WEO,World Economic Outlook (April 2026)
México,MEX,2015,NGDP_RPCH,2.7,Annual percent change,histórico ou estimativa; consultar WEO,World Economic Outlook (April 2026)
México,MEX,2016,NGDP_RPCH,1.8,Annual percent change,histórico ou estimativa; consultar WEO,World Economic Outlook (April 2026)
México,MEX,2017,NGDP_RPCH,1.9,Annual percent change,histórico ou estimativa; consultar WEO,World Economic Outlook (April 2026)
México,MEX,2018,NGDP_RPCH,2,Annual percent change,histórico ou estimativa; consultar WEO,World Economic Outlook (April 2026)
México,MEX,2019,NGDP_RPCH,-0.4,Annual percent change,histórico ou estimativa; consultar WEO,World Economic Outlook (April 2026)
México,MEX,2020,NGDP_RPCH,-8.4,Annual percent change,histórico ou estimativa; consultar WEO,World Economic Outlook (April 2026)
México,MEX,2021,NGDP_RPCH,6,Annual percent change,histórico ou estimativa; consultar WEO,World Economic Outlook (April 2026)
México,MEX,2022,NGDP_RPCH,3.7,Annual percent change,histórico ou estimativa; consultar WEO,World Economic Outlook (April 2026)
México,MEX,2023,NGDP_RPCH,3.1,Annual percent change,histórico ou estimativa; consultar WEO,World Economic Outlook (April 2026)
México,MEX,2024,NGDP_RPCH,1.4,Annual percent change,histórico ou estimativa; consultar WEO,World Economic Outlook (April 2026)
México,MEX,2025,NGDP_RPCH,0.6,Annual percent change,histórico ou estimativa; consultar WEO,World Economic Outlook (April 2026)
México,MEX,2026,NGDP_RPCH,1.6,Annual percent change,projeção,World Economic Outlook (April 2026)
Peru,PER,2000,NGDP_RPCH,2.7,Annual percent change,histórico ou estimativa; consultar WEO,World Economic Outlook (April 2026)
Peru,PER,2001,NGDP_RPCH,0.6,Annual percent change,histórico ou estimativa; consultar WEO,World Economic Outlook (April 2026)
Peru,PER,2002,NGDP_RPCH,5.5,Annual percent change,histórico ou estimativa; consultar WEO,World Economic Outlook (April 2026)
Peru,PER,2003,NGDP_RPCH,4.2,Annual percent change,histórico ou estimativa; consultar WEO,World Economic Outlook (April 2026)
Peru,PER,2004,NGDP_RPCH,5,Annual percent change,histórico ou estimativa; consultar WEO,World Economic Outlook (April 2026)
Peru,PER,2005,NGDP_RPCH,6.3,Annual percent change,histórico ou estimativa; consultar WEO,World Economic Outlook (April 2026)
Peru,PER,2006,NGDP_RPCH,7.5,Annual percent change,histórico ou estimativa; consultar WEO,World Economic Outlook (April 2026)
Peru,PER,2007,NGDP_RPCH,8.5,Annual percent change,histórico ou estimativa; consultar WEO,World Economic Outlook (April 2026)
Peru,PER,2008,NGDP_RPCH,9.1,Annual percent change,histórico ou estimativa; consultar WEO,World Economic Outlook (April 2026)
Peru,PER,2009,NGDP_RPCH,1.1,Annual percent change,histórico ou estimativa; consultar WEO,World Economic Outlook (April 2026)
Peru,PER,2010,NGDP_RPCH,8.3,Annual percent change,histórico ou estimativa; consultar WEO,World Economic Outlook (April 2026)
Peru,PER,2011,NGDP_RPCH,6.3,Annual percent change,histórico ou estimativa; consultar WEO,World Economic Outlook (April 2026)
Peru,PER,2012,NGDP_RPCH,6.1,Annual percent change,histórico ou estimativa; consultar WEO,World Economic Outlook (April 2026)
Peru,PER,2013,NGDP_RPCH,5.9,Annual percent change,histórico ou estimativa; consultar WEO,World Economic Outlook (April 2026)
Peru,PER,2014,NGDP_RPCH,2.4,Annual percent change,histórico ou estimativa; consultar WEO,World Economic Outlook (April 2026)
Peru,PER,2015,NGDP_RPCH,3.3,Annual percent change,histórico ou estimativa; consultar WEO,World Economic Outlook (April 2026)
Peru,PER,2016,NGDP_RPCH,4,Annual percent change,histórico ou estimativa; consultar WEO,World Economic Outlook (April 2026)
Peru,PER,2017,NGDP_RPCH,2.5,Annual percent change,histórico ou estimativa; consultar WEO,World Economic Outlook (April 2026)
Peru,PER,2018,NGDP_RPCH,4,Annual percent change,histórico ou estimativa; consultar WEO,World Economic Outlook (April 2026)
Peru,PER,2019,NGDP_RPCH,2.2,Annual percent change,histórico ou estimativa; consultar WEO,World Economic Outlook (April 2026)
Peru,PER,2020,NGDP_RPCH,-10.9,Annual percent change,histórico ou estimativa; consultar WEO,World Economic Outlook (April 2026)
Peru,PER,2021,NGDP_RPCH,13.4,Annual percent change,histórico ou estimativa; consultar WEO,World Economic Outlook (April 2026)
Peru,PER,2022,NGDP_RPCH,2.8,Annual percent change,histórico ou estimativa; consultar WEO,World Economic Outlook (April 2026)
Peru,PER,2023,NGDP_RPCH,-0.4,Annual percent change,histórico ou estimativa; consultar WEO,World Economic Outlook (April 2026)
Peru,PER,2024,NGDP_RPCH,3.5,Annual percent change,histórico ou estimativa; consultar WEO,World Economic Outlook (April 2026)
Peru,PER,2025,NGDP_RPCH,3.4,Annual percent change,histórico ou estimativa; consultar WEO,World Economic Outlook (April 2026)
Peru,PER,2026,NGDP_RPCH,2.8,Annual percent change,projeção,World Economic Outlook (April 2026)
Uruguai,URY,2000,NGDP_RPCH,-1.9,Annual percent change,histórico ou estimativa; consultar WEO,World Economic Outlook (April 2026)
Uruguai,URY,2001,NGDP_RPCH,-3.8,Annual percent change,histórico ou estimativa; consultar WEO,World Economic Outlook (April 2026)
Uruguai,URY,2002,NGDP_RPCH,-7.7,Annual percent change,histórico ou estimativa; consultar WEO,World Economic Outlook (April 2026)
Uruguai,URY,2003,NGDP_RPCH,0.8,Annual percent change,histórico ou estimativa; consultar WEO,World Economic Outlook (April 2026)
Uruguai,URY,2004,NGDP_RPCH,5,Annual percent change,histórico ou estimativa; consultar WEO,World Economic Outlook (April 2026)
Uruguai,URY,2005,NGDP_RPCH,7.5,Annual percent change,histórico ou estimativa; consultar WEO,World Economic Outlook (April 2026)
Uruguai,URY,2006,NGDP_RPCH,4.1,Annual percent change,histórico ou estimativa; consultar WEO,World Economic Outlook (April 2026)
Uruguai,URY,2007,NGDP_RPCH,6.5,Annual percent change,histórico ou estimativa; consultar WEO,World Economic Outlook (April 2026)
Uruguai,URY,2008,NGDP_RPCH,7.2,Annual percent change,histórico ou estimativa; consultar WEO,World Economic Outlook (April 2026)
Uruguai,URY,2009,NGDP_RPCH,4.2,Annual percent change,histórico ou estimativa; consultar WEO,World Economic Outlook (April 2026)
Uruguai,URY,2010,NGDP_RPCH,7.8,Annual percent change,histórico ou estimativa; consultar WEO,World Economic Outlook (April 2026)
Uruguai,URY,2011,NGDP_RPCH,5.2,Annual percent change,histórico ou estimativa; consultar WEO,World Economic Outlook (April 2026)
Uruguai,URY,2012,NGDP_RPCH,3.5,Annual percent change,histórico ou estimativa; consultar WEO,World Economic Outlook (April 2026)
Uruguai,URY,2013,NGDP_RPCH,4.6,Annual percent change,histórico ou estimativa; consultar WEO,World Economic Outlook (April 2026)
Uruguai,URY,2014,NGDP_RPCH,3.2,Annual percent change,histórico ou estimativa; consultar WEO,World Economic Outlook (April 2026)
Uruguai,URY,2015,NGDP_RPCH,0.4,Annual percent change,histórico ou estimativa; consultar WEO,World Economic Outlook (April 2026)
Uruguai,URY,2016,NGDP_RPCH,1.7,Annual percent change,histórico ou estimativa; consultar WEO,World Economic Outlook (April 2026)
Uruguai,URY,2017,NGDP_RPCH,1.7,Annual percent change,histórico ou estimativa; consultar WEO,World Economic Outlook (April 2026)
Uruguai,URY,2018,NGDP_RPCH,0.2,Annual percent change,histórico ou estimativa; consultar WEO,World Economic Outlook (April 2026)
Uruguai,URY,2019,NGDP_RPCH,0.9,Annual percent change,histórico ou estimativa; consultar WEO,World Economic Outlook (April 2026)
Uruguai,URY,2020,NGDP_RPCH,-7.4,Annual percent change,histórico ou estimativa; consultar WEO,World Economic Outlook (April 2026)
Uruguai,URY,2021,NGDP_RPCH,5.8,Annual percent change,histórico ou estimativa; consultar WEO,World Economic Outlook (April 2026)
Uruguai,URY,2022,NGDP_RPCH,4.6,Annual percent change,histórico ou estimativa; consultar WEO,World Economic Outlook (April 2026)
Uruguai,URY,2023,NGDP_RPCH,0.8,Annual percent change,histórico ou estimativa; consultar WEO,World Economic Outlook (April 2026)
Uruguai,URY,2024,NGDP_RPCH,3.3,Annual percent change,histórico ou estimativa; consultar WEO,World Economic Outlook (April 2026)
Uruguai,URY,2025,NGDP_RPCH,1.8,Annual percent change,histórico ou estimativa; consultar WEO,World Economic Outlook (April 2026)
Uruguai,URY,2026,NGDP_RPCH,1.8,Annual percent change,projeção,World Economic Outlook (April 2026)
Canadá,CAN,2000,NGDP_RPCH,5.1,Annual percent change,histórico ou estimativa; consultar WEO,World Economic Outlook (April 2026)
Canadá,CAN,2001,NGDP_RPCH,1.9,Annual percent change,histórico ou estimativa; consultar WEO,World Economic Outlook (April 2026)
Canadá,CAN,2002,NGDP_RPCH,3,Annual percent change,histórico ou estimativa; consultar WEO,World Economic Outlook (April 2026)
Canadá,CAN,2003,NGDP_RPCH,1.8,Annual percent change,histórico ou estimativa; consultar WEO,World Economic Outlook (April 2026)
Canadá,CAN,2004,NGDP_RPCH,3.1,Annual percent change,histórico ou estimativa; consultar WEO,World Economic Outlook (April 2026)
Canadá,CAN,2005,NGDP_RPCH,3.2,Annual percent change,histórico ou estimativa; consultar WEO,World Economic Outlook (April 2026)
Canadá,CAN,2006,NGDP_RPCH,2.6,Annual percent change,histórico ou estimativa; consultar WEO,World Economic Outlook (April 2026)
Canadá,CAN,2007,NGDP_RPCH,2,Annual percent change,histórico ou estimativa; consultar WEO,World Economic Outlook (April 2026)
Canadá,CAN,2008,NGDP_RPCH,1,Annual percent change,histórico ou estimativa; consultar WEO,World Economic Outlook (April 2026)
Canadá,CAN,2009,NGDP_RPCH,-2.9,Annual percent change,histórico ou estimativa; consultar WEO,World Economic Outlook (April 2026)
Canadá,CAN,2010,NGDP_RPCH,3.1,Annual percent change,histórico ou estimativa; consultar WEO,World Economic Outlook (April 2026)
Canadá,CAN,2011,NGDP_RPCH,3.1,Annual percent change,histórico ou estimativa; consultar WEO,World Economic Outlook (April 2026)
Canadá,CAN,2012,NGDP_RPCH,1.8,Annual percent change,histórico ou estimativa; consultar WEO,World Economic Outlook (April 2026)
Canadá,CAN,2013,NGDP_RPCH,2.3,Annual percent change,histórico ou estimativa; consultar WEO,World Economic Outlook (April 2026)
Canadá,CAN,2014,NGDP_RPCH,2.9,Annual percent change,histórico ou estimativa; consultar WEO,World Economic Outlook (April 2026)
Canadá,CAN,2015,NGDP_RPCH,0.6,Annual percent change,histórico ou estimativa; consultar WEO,World Economic Outlook (April 2026)
Canadá,CAN,2016,NGDP_RPCH,1,Annual percent change,histórico ou estimativa; consultar WEO,World Economic Outlook (April 2026)
Canadá,CAN,2017,NGDP_RPCH,3,Annual percent change,histórico ou estimativa; consultar WEO,World Economic Outlook (April 2026)
Canadá,CAN,2018,NGDP_RPCH,2.7,Annual percent change,histórico ou estimativa; consultar WEO,World Economic Outlook (April 2026)
Canadá,CAN,2019,NGDP_RPCH,1.9,Annual percent change,histórico ou estimativa; consultar WEO,World Economic Outlook (April 2026)
Canadá,CAN,2020,NGDP_RPCH,-5,Annual percent change,histórico ou estimativa; consultar WEO,World Economic Outlook (April 2026)
Canadá,CAN,2021,NGDP_RPCH,6,Annual percent change,histórico ou estimativa; consultar WEO,World Economic Outlook (April 2026)
Canadá,CAN,2022,NGDP_RPCH,4.7,Annual percent change,histórico ou estimativa; consultar WEO,World Economic Outlook (April 2026)
Canadá,CAN,2023,NGDP_RPCH,2,Annual percent change,histórico ou estimativa; consultar WEO,World Economic Outlook (April 2026)
Canadá,CAN,2024,NGDP_RPCH,2,Annual percent change,histórico ou estimativa; consultar WEO,World Economic Outlook (April 2026)
Canadá,CAN,2025,NGDP_RPCH,1.7,Annual percent change,histórico ou estimativa; consultar WEO,World Economic Outlook (April 2026)
Canadá,CAN,2026,NGDP_RPCH,1.5,Annual percent change,projeção,World Economic Outlook (April 2026)
Reino Unido,GBR,2000,NGDP_RPCH,4.5,Annual percent change,histórico ou estimativa; consultar WEO,World Economic Outlook (April 2026)
Reino Unido,GBR,2001,NGDP_RPCH,2.4,Annual percent change,histórico ou estimativa; consultar WEO,World Economic Outlook (April 2026)
Reino Unido,GBR,2002,NGDP_RPCH,1.7,Annual percent change,histórico ou estimativa; consultar WEO,World Economic Outlook (April 2026)
Reino Unido,GBR,2003,NGDP_RPCH,3.2,Annual percent change,histórico ou estimativa; consultar WEO,World Economic Outlook (April 2026)
Reino Unido,GBR,2004,NGDP_RPCH,2.3,Annual percent change,histórico ou estimativa; consultar WEO,World Economic Outlook (April 2026)
Reino Unido,GBR,2005,NGDP_RPCH,2.8,Annual percent change,histórico ou estimativa; consultar WEO,World Economic Outlook (April 2026)
Reino Unido,GBR,2006,NGDP_RPCH,2.2,Annual percent change,histórico ou estimativa; consultar WEO,World Economic Outlook (April 2026)
Reino Unido,GBR,2007,NGDP_RPCH,2.9,Annual percent change,histórico ou estimativa; consultar WEO,World Economic Outlook (April 2026)
Reino Unido,GBR,2008,NGDP_RPCH,0,Annual percent change,histórico ou estimativa; consultar WEO,World Economic Outlook (April 2026)
Reino Unido,GBR,2009,NGDP_RPCH,-4.6,Annual percent change,histórico ou estimativa; consultar WEO,World Economic Outlook (April 2026)
Reino Unido,GBR,2010,NGDP_RPCH,2.3,Annual percent change,histórico ou estimativa; consultar WEO,World Economic Outlook (April 2026)
Reino Unido,GBR,2011,NGDP_RPCH,0.9,Annual percent change,histórico ou estimativa; consultar WEO,World Economic Outlook (April 2026)
Reino Unido,GBR,2012,NGDP_RPCH,1.5,Annual percent change,histórico ou estimativa; consultar WEO,World Economic Outlook (April 2026)
Reino Unido,GBR,2013,NGDP_RPCH,1.7,Annual percent change,histórico ou estimativa; consultar WEO,World Economic Outlook (April 2026)
Reino Unido,GBR,2014,NGDP_RPCH,3.2,Annual percent change,histórico ou estimativa; consultar WEO,World Economic Outlook (April 2026)
Reino Unido,GBR,2015,NGDP_RPCH,2.1,Annual percent change,histórico ou estimativa; consultar WEO,World Economic Outlook (April 2026)
Reino Unido,GBR,2016,NGDP_RPCH,2.2,Annual percent change,histórico ou estimativa; consultar WEO,World Economic Outlook (April 2026)
Reino Unido,GBR,2017,NGDP_RPCH,3,Annual percent change,histórico ou estimativa; consultar WEO,World Economic Outlook (April 2026)
Reino Unido,GBR,2018,NGDP_RPCH,1.6,Annual percent change,histórico ou estimativa; consultar WEO,World Economic Outlook (April 2026)
Reino Unido,GBR,2019,NGDP_RPCH,1.3,Annual percent change,histórico ou estimativa; consultar WEO,World Economic Outlook (April 2026)
Reino Unido,GBR,2020,NGDP_RPCH,-10,Annual percent change,histórico ou estimativa; consultar WEO,World Economic Outlook (April 2026)
Reino Unido,GBR,2021,NGDP_RPCH,8.5,Annual percent change,histórico ou estimativa; consultar WEO,World Economic Outlook (April 2026)
Reino Unido,GBR,2022,NGDP_RPCH,5.1,Annual percent change,histórico ou estimativa; consultar WEO,World Economic Outlook (April 2026)
Reino Unido,GBR,2023,NGDP_RPCH,0.3,Annual percent change,histórico ou estimativa; consultar WEO,World Economic Outlook (April 2026)
Reino Unido,GBR,2024,NGDP_RPCH,1.1,Annual percent change,histórico ou estimativa; consultar WEO,World Economic Outlook (April 2026)
Reino Unido,GBR,2025,NGDP_RPCH,1.3,Annual percent change,histórico ou estimativa; consultar WEO,World Economic Outlook (April 2026)
Reino Unido,GBR,2026,NGDP_RPCH,0.8,Annual percent change,projeção,World Economic Outlook (April 2026)
Alemanha,DEU,2000,NGDP_RPCH,2.9,Annual percent change,histórico ou estimativa; consultar WEO,World Economic Outlook (April 2026)
Alemanha,DEU,2001,NGDP_RPCH,1.6,Annual percent change,histórico ou estimativa; consultar WEO,World Economic Outlook (April 2026)
Alemanha,DEU,2002,NGDP_RPCH,-0.2,Annual percent change,histórico ou estimativa; consultar WEO,World Economic Outlook (April 2026)
Alemanha,DEU,2003,NGDP_RPCH,-0.5,Annual percent change,histórico ou estimativa; consultar WEO,World Economic Outlook (April 2026)
Alemanha,DEU,2004,NGDP_RPCH,1.2,Annual percent change,histórico ou estimativa; consultar WEO,World Economic Outlook (April 2026)
Alemanha,DEU,2005,NGDP_RPCH,0.9,Annual percent change,histórico ou estimativa; consultar WEO,World Economic Outlook (April 2026)
Alemanha,DEU,2006,NGDP_RPCH,3.9,Annual percent change,histórico ou estimativa; consultar WEO,World Economic Outlook (April 2026)
Alemanha,DEU,2007,NGDP_RPCH,2.9,Annual percent change,histórico ou estimativa; consultar WEO,World Economic Outlook (April 2026)
Alemanha,DEU,2008,NGDP_RPCH,0.9,Annual percent change,histórico ou estimativa; consultar WEO,World Economic Outlook (April 2026)
Alemanha,DEU,2009,NGDP_RPCH,-5.6,Annual percent change,histórico ou estimativa; consultar WEO,World Economic Outlook (April 2026)
Alemanha,DEU,2010,NGDP_RPCH,4.1,Annual percent change,histórico ou estimativa; consultar WEO,World Economic Outlook (April 2026)
Alemanha,DEU,2011,NGDP_RPCH,3.8,Annual percent change,histórico ou estimativa; consultar WEO,World Economic Outlook (April 2026)
Alemanha,DEU,2012,NGDP_RPCH,0.5,Annual percent change,histórico ou estimativa; consultar WEO,World Economic Outlook (April 2026)
Alemanha,DEU,2013,NGDP_RPCH,0.4,Annual percent change,histórico ou estimativa; consultar WEO,World Economic Outlook (April 2026)
Alemanha,DEU,2014,NGDP_RPCH,2.2,Annual percent change,histórico ou estimativa; consultar WEO,World Economic Outlook (April 2026)
Alemanha,DEU,2015,NGDP_RPCH,1.7,Annual percent change,histórico ou estimativa; consultar WEO,World Economic Outlook (April 2026)
Alemanha,DEU,2016,NGDP_RPCH,2.2,Annual percent change,histórico ou estimativa; consultar WEO,World Economic Outlook (April 2026)
Alemanha,DEU,2017,NGDP_RPCH,2.8,Annual percent change,histórico ou estimativa; consultar WEO,World Economic Outlook (April 2026)
Alemanha,DEU,2018,NGDP_RPCH,1.1,Annual percent change,histórico ou estimativa; consultar WEO,World Economic Outlook (April 2026)
Alemanha,DEU,2019,NGDP_RPCH,1,Annual percent change,histórico ou estimativa; consultar WEO,World Economic Outlook (April 2026)
Alemanha,DEU,2020,NGDP_RPCH,-4.1,Annual percent change,histórico ou estimativa; consultar WEO,World Economic Outlook (April 2026)
Alemanha,DEU,2021,NGDP_RPCH,3.9,Annual percent change,histórico ou estimativa; consultar WEO,World Economic Outlook (April 2026)
Alemanha,DEU,2022,NGDP_RPCH,1.8,Annual percent change,histórico ou estimativa; consultar WEO,World Economic Outlook (April 2026)
Alemanha,DEU,2023,NGDP_RPCH,-0.9,Annual percent change,histórico ou estimativa; consultar WEO,World Economic Outlook (April 2026)
Alemanha,DEU,2024,NGDP_RPCH,-0.5,Annual percent change,histórico ou estimativa; consultar WEO,World Economic Outlook (April 2026)
Alemanha,DEU,2025,NGDP_RPCH,0.2,Annual percent change,histórico ou estimativa; consultar WEO,World Economic Outlook (April 2026)
Alemanha,DEU,2026,NGDP_RPCH,0.8,Annual percent change,projeção,World Economic Outlook (April 2026)
França,FRA,2000,NGDP_RPCH,4.4,Annual percent change,histórico ou estimativa; consultar WEO,World Economic Outlook (April 2026)
França,FRA,2001,NGDP_RPCH,1.8,Annual percent change,histórico ou estimativa; consultar WEO,World Economic Outlook (April 2026)
França,FRA,2002,NGDP_RPCH,1.1,Annual percent change,histórico ou estimativa; consultar WEO,World Economic Outlook (April 2026)
França,FRA,2003,NGDP_RPCH,1,Annual percent change,histórico ou estimativa; consultar WEO,World Economic Outlook (April 2026)
França,FRA,2004,NGDP_RPCH,2.5,Annual percent change,histórico ou estimativa; consultar WEO,World Economic Outlook (April 2026)
França,FRA,2005,NGDP_RPCH,2,Annual percent change,histórico ou estimativa; consultar WEO,World Economic Outlook (April 2026)
França,FRA,2006,NGDP_RPCH,2.9,Annual percent change,histórico ou estimativa; consultar WEO,World Economic Outlook (April 2026)
França,FRA,2007,NGDP_RPCH,2.5,Annual percent change,histórico ou estimativa; consultar WEO,World Economic Outlook (April 2026)
França,FRA,2008,NGDP_RPCH,0.3,Annual percent change,histórico ou estimativa; consultar WEO,World Economic Outlook (April 2026)
França,FRA,2009,NGDP_RPCH,-2.7,Annual percent change,histórico ou estimativa; consultar WEO,World Economic Outlook (April 2026)
França,FRA,2010,NGDP_RPCH,1.8,Annual percent change,histórico ou estimativa; consultar WEO,World Economic Outlook (April 2026)
França,FRA,2011,NGDP_RPCH,2.5,Annual percent change,histórico ou estimativa; consultar WEO,World Economic Outlook (April 2026)
França,FRA,2012,NGDP_RPCH,0.2,Annual percent change,histórico ou estimativa; consultar WEO,World Economic Outlook (April 2026)
França,FRA,2013,NGDP_RPCH,0.9,Annual percent change,histórico ou estimativa; consultar WEO,World Economic Outlook (April 2026)
França,FRA,2014,NGDP_RPCH,1,Annual percent change,histórico ou estimativa; consultar WEO,World Economic Outlook (April 2026)
França,FRA,2015,NGDP_RPCH,1,Annual percent change,histórico ou estimativa; consultar WEO,World Economic Outlook (April 2026)
França,FRA,2016,NGDP_RPCH,0.7,Annual percent change,histórico ou estimativa; consultar WEO,World Economic Outlook (April 2026)
França,FRA,2017,NGDP_RPCH,2.3,Annual percent change,histórico ou estimativa; consultar WEO,World Economic Outlook (April 2026)
França,FRA,2018,NGDP_RPCH,1.6,Annual percent change,histórico ou estimativa; consultar WEO,World Economic Outlook (April 2026)
França,FRA,2019,NGDP_RPCH,2.1,Annual percent change,histórico ou estimativa; consultar WEO,World Economic Outlook (April 2026)
França,FRA,2020,NGDP_RPCH,-7.6,Annual percent change,histórico ou estimativa; consultar WEO,World Economic Outlook (April 2026)
França,FRA,2021,NGDP_RPCH,6.8,Annual percent change,histórico ou estimativa; consultar WEO,World Economic Outlook (April 2026)
França,FRA,2022,NGDP_RPCH,2.8,Annual percent change,histórico ou estimativa; consultar WEO,World Economic Outlook (April 2026)
França,FRA,2023,NGDP_RPCH,1.6,Annual percent change,histórico ou estimativa; consultar WEO,World Economic Outlook (April 2026)
França,FRA,2024,NGDP_RPCH,1.1,Annual percent change,histórico ou estimativa; consultar WEO,World Economic Outlook (April 2026)
França,FRA,2025,NGDP_RPCH,0.9,Annual percent change,histórico ou estimativa; consultar WEO,World Economic Outlook (April 2026)
França,FRA,2026,NGDP_RPCH,0.9,Annual percent change,projeção,World Economic Outlook (April 2026)
África do Sul,ZAF,2000,NGDP_RPCH,4.2,Annual percent change,histórico ou estimativa; consultar WEO,World Economic Outlook (April 2026)
África do Sul,ZAF,2001,NGDP_RPCH,2.7,Annual percent change,histórico ou estimativa; consultar WEO,World Economic Outlook (April 2026)
África do Sul,ZAF,2002,NGDP_RPCH,3.7,Annual percent change,histórico ou estimativa; consultar WEO,World Economic Outlook (April 2026)
África do Sul,ZAF,2003,NGDP_RPCH,2.9,Annual percent change,histórico ou estimativa; consultar WEO,World Economic Outlook (April 2026)
África do Sul,ZAF,2004,NGDP_RPCH,4.6,Annual percent change,histórico ou estimativa; consultar WEO,World Economic Outlook (April 2026)
África do Sul,ZAF,2005,NGDP_RPCH,5.3,Annual percent change,histórico ou estimativa; consultar WEO,World Economic Outlook (April 2026)
África do Sul,ZAF,2006,NGDP_RPCH,5.6,Annual percent change,histórico ou estimativa; consultar WEO,World Economic Outlook (April 2026)
África do Sul,ZAF,2007,NGDP_RPCH,5.4,Annual percent change,histórico ou estimativa; consultar WEO,World Economic Outlook (April 2026)
África do Sul,ZAF,2008,NGDP_RPCH,3.2,Annual percent change,histórico ou estimativa; consultar WEO,World Economic Outlook (April 2026)
África do Sul,ZAF,2009,NGDP_RPCH,-1.5,Annual percent change,histórico ou estimativa; consultar WEO,World Economic Outlook (April 2026)
África do Sul,ZAF,2010,NGDP_RPCH,3,Annual percent change,histórico ou estimativa; consultar WEO,World Economic Outlook (April 2026)
África do Sul,ZAF,2011,NGDP_RPCH,3.2,Annual percent change,histórico ou estimativa; consultar WEO,World Economic Outlook (April 2026)
África do Sul,ZAF,2012,NGDP_RPCH,2.4,Annual percent change,histórico ou estimativa; consultar WEO,World Economic Outlook (April 2026)
África do Sul,ZAF,2013,NGDP_RPCH,2.5,Annual percent change,histórico ou estimativa; consultar WEO,World Economic Outlook (April 2026)
África do Sul,ZAF,2014,NGDP_RPCH,1.4,Annual percent change,histórico ou estimativa; consultar WEO,World Economic Outlook (April 2026)
África do Sul,ZAF,2015,NGDP_RPCH,1.3,Annual percent change,histórico ou estimativa; consultar WEO,World Economic Outlook (April 2026)
África do Sul,ZAF,2016,NGDP_RPCH,0.7,Annual percent change,histórico ou estimativa; consultar WEO,World Economic Outlook (April 2026)
África do Sul,ZAF,2017,NGDP_RPCH,1.2,Annual percent change,histórico ou estimativa; consultar WEO,World Economic Outlook (April 2026)
África do Sul,ZAF,2018,NGDP_RPCH,1.6,Annual percent change,histórico ou estimativa; consultar WEO,World Economic Outlook (April 2026)
África do Sul,ZAF,2019,NGDP_RPCH,0.3,Annual percent change,histórico ou estimativa; consultar WEO,World Economic Outlook (April 2026)
África do Sul,ZAF,2020,NGDP_RPCH,-6.2,Annual percent change,histórico ou estimativa; consultar WEO,World Economic Outlook (April 2026)
África do Sul,ZAF,2021,NGDP_RPCH,4.9,Annual percent change,histórico ou estimativa; consultar WEO,World Economic Outlook (April 2026)
África do Sul,ZAF,2022,NGDP_RPCH,2.1,Annual percent change,histórico ou estimativa; consultar WEO,World Economic Outlook (April 2026)
África do Sul,ZAF,2023,NGDP_RPCH,0.8,Annual percent change,histórico ou estimativa; consultar WEO,World Economic Outlook (April 2026)
África do Sul,ZAF,2024,NGDP_RPCH,0.5,Annual percent change,histórico ou estimativa; consultar WEO,World Economic Outlook (April 2026)
África do Sul,ZAF,2025,NGDP_RPCH,1.1,Annual percent change,histórico ou estimativa; consultar WEO,World Economic Outlook (April 2026)
África do Sul,ZAF,2026,NGDP_RPCH,1,Annual percent change,projeção,World Economic Outlook (April 2026)
Índia,IND,2000,NGDP_RPCH,3.8,Annual percent change,histórico ou estimativa; consultar WEO,World Economic Outlook (April 2026)
Índia,IND,2001,NGDP_RPCH,4.8,Annual percent change,histórico ou estimativa; consultar WEO,World Economic Outlook (April 2026)
Índia,IND,2002,NGDP_RPCH,3.8,Annual percent change,histórico ou estimativa; consultar WEO,World Economic Outlook (April 2026)
Índia,IND,2003,NGDP_RPCH,7.9,Annual percent change,histórico ou estimativa; consultar WEO,World Economic Outlook (April 2026)
Índia,IND,2004,NGDP_RPCH,7.9,Annual percent change,histórico ou estimativa; consultar WEO,World Economic Outlook (April 2026)
Índia,IND,2005,NGDP_RPCH,7.9,Annual percent change,histórico ou estimativa; consultar WEO,World Economic Outlook (April 2026)
Índia,IND,2006,NGDP_RPCH,8.1,Annual percent change,histórico ou estimativa; consultar WEO,World Economic Outlook (April 2026)
Índia,IND,2007,NGDP_RPCH,7.7,Annual percent change,histórico ou estimativa; consultar WEO,World Economic Outlook (April 2026)
Índia,IND,2008,NGDP_RPCH,3.1,Annual percent change,histórico ou estimativa; consultar WEO,World Economic Outlook (April 2026)
Índia,IND,2009,NGDP_RPCH,7.9,Annual percent change,histórico ou estimativa; consultar WEO,World Economic Outlook (April 2026)
Índia,IND,2010,NGDP_RPCH,8.5,Annual percent change,histórico ou estimativa; consultar WEO,World Economic Outlook (April 2026)
Índia,IND,2011,NGDP_RPCH,5.2,Annual percent change,histórico ou estimativa; consultar WEO,World Economic Outlook (April 2026)
Índia,IND,2012,NGDP_RPCH,5.5,Annual percent change,histórico ou estimativa; consultar WEO,World Economic Outlook (April 2026)
Índia,IND,2013,NGDP_RPCH,6.4,Annual percent change,histórico ou estimativa; consultar WEO,World Economic Outlook (April 2026)
Índia,IND,2014,NGDP_RPCH,7.4,Annual percent change,histórico ou estimativa; consultar WEO,World Economic Outlook (April 2026)
Índia,IND,2015,NGDP_RPCH,8,Annual percent change,histórico ou estimativa; consultar WEO,World Economic Outlook (April 2026)
Índia,IND,2016,NGDP_RPCH,8.3,Annual percent change,histórico ou estimativa; consultar WEO,World Economic Outlook (April 2026)
Índia,IND,2017,NGDP_RPCH,6.8,Annual percent change,histórico ou estimativa; consultar WEO,World Economic Outlook (April 2026)
Índia,IND,2018,NGDP_RPCH,6.5,Annual percent change,histórico ou estimativa; consultar WEO,World Economic Outlook (April 2026)
Índia,IND,2019,NGDP_RPCH,3.9,Annual percent change,histórico ou estimativa; consultar WEO,World Economic Outlook (April 2026)
Índia,IND,2020,NGDP_RPCH,-5.8,Annual percent change,histórico ou estimativa; consultar WEO,World Economic Outlook (April 2026)
Índia,IND,2021,NGDP_RPCH,9.7,Annual percent change,histórico ou estimativa; consultar WEO,World Economic Outlook (April 2026)
Índia,IND,2022,NGDP_RPCH,7.6,Annual percent change,histórico ou estimativa; consultar WEO,World Economic Outlook (April 2026)
Índia,IND,2023,NGDP_RPCH,7.2,Annual percent change,histórico ou estimativa; consultar WEO,World Economic Outlook (April 2026)
Índia,IND,2024,NGDP_RPCH,7.1,Annual percent change,histórico ou estimativa; consultar WEO,World Economic Outlook (April 2026)
Índia,IND,2025,NGDP_RPCH,7.6,Annual percent change,histórico ou estimativa; consultar WEO,World Economic Outlook (April 2026)
Índia,IND,2026,NGDP_RPCH,6.5,Annual percent change,projeção,World Economic Outlook (April 2026)
Brasil,BRA,2000,PCPIPCH,7,Annual percent change,histórico ou estimativa; consultar WEO,World Economic Outlook (April 2026)
Brasil,BRA,2001,PCPIPCH,6.8,Annual percent change,histórico ou estimativa; consultar WEO,World Economic Outlook (April 2026)
Brasil,BRA,2002,PCPIPCH,8.4,Annual percent change,histórico ou estimativa; consultar WEO,World Economic Outlook (April 2026)
Brasil,BRA,2003,PCPIPCH,14.7,Annual percent change,histórico ou estimativa; consultar WEO,World Economic Outlook (April 2026)
Brasil,BRA,2004,PCPIPCH,6.6,Annual percent change,histórico ou estimativa; consultar WEO,World Economic Outlook (April 2026)
Brasil,BRA,2005,PCPIPCH,6.9,Annual percent change,histórico ou estimativa; consultar WEO,World Economic Outlook (April 2026)
Brasil,BRA,2006,PCPIPCH,4.2,Annual percent change,histórico ou estimativa; consultar WEO,World Economic Outlook (April 2026)
Brasil,BRA,2007,PCPIPCH,3.6,Annual percent change,histórico ou estimativa; consultar WEO,World Economic Outlook (April 2026)
Brasil,BRA,2008,PCPIPCH,5.7,Annual percent change,histórico ou estimativa; consultar WEO,World Economic Outlook (April 2026)
Brasil,BRA,2009,PCPIPCH,4.9,Annual percent change,histórico ou estimativa; consultar WEO,World Economic Outlook (April 2026)
Brasil,BRA,2010,PCPIPCH,5,Annual percent change,histórico ou estimativa; consultar WEO,World Economic Outlook (April 2026)
Brasil,BRA,2011,PCPIPCH,6.6,Annual percent change,histórico ou estimativa; consultar WEO,World Economic Outlook (April 2026)
Brasil,BRA,2012,PCPIPCH,5.4,Annual percent change,histórico ou estimativa; consultar WEO,World Economic Outlook (April 2026)
Brasil,BRA,2013,PCPIPCH,6.2,Annual percent change,histórico ou estimativa; consultar WEO,World Economic Outlook (April 2026)
Brasil,BRA,2014,PCPIPCH,6.3,Annual percent change,histórico ou estimativa; consultar WEO,World Economic Outlook (April 2026)
Brasil,BRA,2015,PCPIPCH,9,Annual percent change,histórico ou estimativa; consultar WEO,World Economic Outlook (April 2026)
Brasil,BRA,2016,PCPIPCH,8.7,Annual percent change,histórico ou estimativa; consultar WEO,World Economic Outlook (April 2026)
Brasil,BRA,2017,PCPIPCH,3.4,Annual percent change,histórico ou estimativa; consultar WEO,World Economic Outlook (April 2026)
Brasil,BRA,2018,PCPIPCH,3.7,Annual percent change,histórico ou estimativa; consultar WEO,World Economic Outlook (April 2026)
Brasil,BRA,2019,PCPIPCH,3.7,Annual percent change,histórico ou estimativa; consultar WEO,World Economic Outlook (April 2026)
Brasil,BRA,2020,PCPIPCH,3.2,Annual percent change,histórico ou estimativa; consultar WEO,World Economic Outlook (April 2026)
Brasil,BRA,2021,PCPIPCH,8.3,Annual percent change,histórico ou estimativa; consultar WEO,World Economic Outlook (April 2026)
Brasil,BRA,2022,PCPIPCH,9.3,Annual percent change,histórico ou estimativa; consultar WEO,World Economic Outlook (April 2026)
Brasil,BRA,2023,PCPIPCH,4.6,Annual percent change,histórico ou estimativa; consultar WEO,World Economic Outlook (April 2026)
Brasil,BRA,2024,PCPIPCH,4.4,Annual percent change,histórico ou estimativa; consultar WEO,World Economic Outlook (April 2026)
Brasil,BRA,2025,PCPIPCH,5,Annual percent change,histórico ou estimativa; consultar WEO,World Economic Outlook (April 2026)
Brasil,BRA,2026,PCPIPCH,4,Annual percent change,projeção,World Economic Outlook (April 2026)
Estados Unidos,USA,2000,PCPIPCH,3.4,Annual percent change,histórico ou estimativa; consultar WEO,World Economic Outlook (April 2026)
Estados Unidos,USA,2001,PCPIPCH,2.8,Annual percent change,histórico ou estimativa; consultar WEO,World Economic Outlook (April 2026)
Estados Unidos,USA,2002,PCPIPCH,1.6,Annual percent change,histórico ou estimativa; consultar WEO,World Economic Outlook (April 2026)
Estados Unidos,USA,2003,PCPIPCH,2.3,Annual percent change,histórico ou estimativa; consultar WEO,World Economic Outlook (April 2026)
Estados Unidos,USA,2004,PCPIPCH,2.7,Annual percent change,histórico ou estimativa; consultar WEO,World Economic Outlook (April 2026)
Estados Unidos,USA,2005,PCPIPCH,3.4,Annual percent change,histórico ou estimativa; consultar WEO,World Economic Outlook (April 2026)
Estados Unidos,USA,2006,PCPIPCH,3.2,Annual percent change,histórico ou estimativa; consultar WEO,World Economic Outlook (April 2026)
Estados Unidos,USA,2007,PCPIPCH,2.9,Annual percent change,histórico ou estimativa; consultar WEO,World Economic Outlook (April 2026)
Estados Unidos,USA,2008,PCPIPCH,3.8,Annual percent change,histórico ou estimativa; consultar WEO,World Economic Outlook (April 2026)
Estados Unidos,USA,2009,PCPIPCH,-0.3,Annual percent change,histórico ou estimativa; consultar WEO,World Economic Outlook (April 2026)
Estados Unidos,USA,2010,PCPIPCH,1.6,Annual percent change,histórico ou estimativa; consultar WEO,World Economic Outlook (April 2026)
Estados Unidos,USA,2011,PCPIPCH,3.1,Annual percent change,histórico ou estimativa; consultar WEO,World Economic Outlook (April 2026)
Estados Unidos,USA,2012,PCPIPCH,2.1,Annual percent change,histórico ou estimativa; consultar WEO,World Economic Outlook (April 2026)
Estados Unidos,USA,2013,PCPIPCH,1.5,Annual percent change,histórico ou estimativa; consultar WEO,World Economic Outlook (April 2026)
Estados Unidos,USA,2014,PCPIPCH,1.6,Annual percent change,histórico ou estimativa; consultar WEO,World Economic Outlook (April 2026)
Estados Unidos,USA,2015,PCPIPCH,0.1,Annual percent change,histórico ou estimativa; consultar WEO,World Economic Outlook (April 2026)
Estados Unidos,USA,2016,PCPIPCH,1.3,Annual percent change,histórico ou estimativa; consultar WEO,World Economic Outlook (April 2026)
Estados Unidos,USA,2017,PCPIPCH,2.1,Annual percent change,histórico ou estimativa; consultar WEO,World Economic Outlook (April 2026)
Estados Unidos,USA,2018,PCPIPCH,2.4,Annual percent change,histórico ou estimativa; consultar WEO,World Economic Outlook (April 2026)
Estados Unidos,USA,2019,PCPIPCH,1.8,Annual percent change,histórico ou estimativa; consultar WEO,World Economic Outlook (April 2026)
Estados Unidos,USA,2020,PCPIPCH,1.3,Annual percent change,histórico ou estimativa; consultar WEO,World Economic Outlook (April 2026)
Estados Unidos,USA,2021,PCPIPCH,4.7,Annual percent change,histórico ou estimativa; consultar WEO,World Economic Outlook (April 2026)
Estados Unidos,USA,2022,PCPIPCH,8,Annual percent change,histórico ou estimativa; consultar WEO,World Economic Outlook (April 2026)
Estados Unidos,USA,2023,PCPIPCH,4.1,Annual percent change,histórico ou estimativa; consultar WEO,World Economic Outlook (April 2026)
Estados Unidos,USA,2024,PCPIPCH,3,Annual percent change,histórico ou estimativa; consultar WEO,World Economic Outlook (April 2026)
Estados Unidos,USA,2025,PCPIPCH,2.7,Annual percent change,histórico ou estimativa; consultar WEO,World Economic Outlook (April 2026)
Estados Unidos,USA,2026,PCPIPCH,3.2,Annual percent change,projeção,World Economic Outlook (April 2026)
Colômbia,COL,2000,PCPIPCH,9.2,Annual percent change,histórico ou estimativa; consultar WEO,World Economic Outlook (April 2026)
Colômbia,COL,2001,PCPIPCH,8,Annual percent change,histórico ou estimativa; consultar WEO,World Economic Outlook (April 2026)
Colômbia,COL,2002,PCPIPCH,6.3,Annual percent change,histórico ou estimativa; consultar WEO,World Economic Outlook (April 2026)
Colômbia,COL,2003,PCPIPCH,7.1,Annual percent change,histórico ou estimativa; consultar WEO,World Economic Outlook (April 2026)
Colômbia,COL,2004,PCPIPCH,5.9,Annual percent change,histórico ou estimativa; consultar WEO,World Economic Outlook (April 2026)
Colômbia,COL,2005,PCPIPCH,5,Annual percent change,histórico ou estimativa; consultar WEO,World Economic Outlook (April 2026)
Colômbia,COL,2006,PCPIPCH,4.3,Annual percent change,histórico ou estimativa; consultar WEO,World Economic Outlook (April 2026)
Colômbia,COL,2007,PCPIPCH,5.5,Annual percent change,histórico ou estimativa; consultar WEO,World Economic Outlook (April 2026)
Colômbia,COL,2008,PCPIPCH,7,Annual percent change,histórico ou estimativa; consultar WEO,World Economic Outlook (April 2026)
Colômbia,COL,2009,PCPIPCH,4.2,Annual percent change,histórico ou estimativa; consultar WEO,World Economic Outlook (April 2026)
Colômbia,COL,2010,PCPIPCH,2.3,Annual percent change,histórico ou estimativa; consultar WEO,World Economic Outlook (April 2026)
Colômbia,COL,2011,PCPIPCH,3.4,Annual percent change,histórico ou estimativa; consultar WEO,World Economic Outlook (April 2026)
Colômbia,COL,2012,PCPIPCH,3.2,Annual percent change,histórico ou estimativa; consultar WEO,World Economic Outlook (April 2026)
Colômbia,COL,2013,PCPIPCH,2,Annual percent change,histórico ou estimativa; consultar WEO,World Economic Outlook (April 2026)
Colômbia,COL,2014,PCPIPCH,2.9,Annual percent change,histórico ou estimativa; consultar WEO,World Economic Outlook (April 2026)
Colômbia,COL,2015,PCPIPCH,5,Annual percent change,histórico ou estimativa; consultar WEO,World Economic Outlook (April 2026)
Colômbia,COL,2016,PCPIPCH,7.5,Annual percent change,histórico ou estimativa; consultar WEO,World Economic Outlook (April 2026)
Colômbia,COL,2017,PCPIPCH,4.3,Annual percent change,histórico ou estimativa; consultar WEO,World Economic Outlook (April 2026)
Colômbia,COL,2018,PCPIPCH,3.2,Annual percent change,histórico ou estimativa; consultar WEO,World Economic Outlook (April 2026)
Colômbia,COL,2019,PCPIPCH,3.5,Annual percent change,histórico ou estimativa; consultar WEO,World Economic Outlook (April 2026)
Colômbia,COL,2020,PCPIPCH,2.5,Annual percent change,histórico ou estimativa; consultar WEO,World Economic Outlook (April 2026)
Colômbia,COL,2021,PCPIPCH,3.5,Annual percent change,histórico ou estimativa; consultar WEO,World Economic Outlook (April 2026)
Colômbia,COL,2022,PCPIPCH,10.2,Annual percent change,histórico ou estimativa; consultar WEO,World Economic Outlook (April 2026)
Colômbia,COL,2023,PCPIPCH,11.7,Annual percent change,histórico ou estimativa; consultar WEO,World Economic Outlook (April 2026)
Colômbia,COL,2024,PCPIPCH,6.6,Annual percent change,histórico ou estimativa; consultar WEO,World Economic Outlook (April 2026)
Colômbia,COL,2025,PCPIPCH,5.1,Annual percent change,histórico ou estimativa; consultar WEO,World Economic Outlook (April 2026)
Colômbia,COL,2026,PCPIPCH,5.9,Annual percent change,projeção,World Economic Outlook (April 2026)
Argentina,ARG,2000,PCPIPCH,-0.9,Annual percent change,histórico ou estimativa; consultar WEO,World Economic Outlook (April 2026)
Argentina,ARG,2001,PCPIPCH,-1.1,Annual percent change,histórico ou estimativa; consultar WEO,World Economic Outlook (April 2026)
Argentina,ARG,2002,PCPIPCH,25.9,Annual percent change,histórico ou estimativa; consultar WEO,World Economic Outlook (April 2026)
Argentina,ARG,2003,PCPIPCH,13.4,Annual percent change,histórico ou estimativa; consultar WEO,World Economic Outlook (April 2026)
Argentina,ARG,2004,PCPIPCH,4.4,Annual percent change,histórico ou estimativa; consultar WEO,World Economic Outlook (April 2026)
Argentina,ARG,2005,PCPIPCH,9.6,Annual percent change,histórico ou estimativa; consultar WEO,World Economic Outlook (April 2026)
Argentina,ARG,2006,PCPIPCH,10.9,Annual percent change,histórico ou estimativa; consultar WEO,World Economic Outlook (April 2026)
Argentina,ARG,2007,PCPIPCH,8.8,Annual percent change,histórico ou estimativa; consultar WEO,World Economic Outlook (April 2026)
Argentina,ARG,2008,PCPIPCH,8.6,Annual percent change,histórico ou estimativa; consultar WEO,World Economic Outlook (April 2026)
Argentina,ARG,2009,PCPIPCH,6.3,Annual percent change,histórico ou estimativa; consultar WEO,World Economic Outlook (April 2026)
Argentina,ARG,2010,PCPIPCH,10.5,Annual percent change,histórico ou estimativa; consultar WEO,World Economic Outlook (April 2026)
Argentina,ARG,2011,PCPIPCH,9.8,Annual percent change,histórico ou estimativa; consultar WEO,World Economic Outlook (April 2026)
Argentina,ARG,2012,PCPIPCH,10,Annual percent change,histórico ou estimativa; consultar WEO,World Economic Outlook (April 2026)
Argentina,ARG,2013,PCPIPCH,10.6,Annual percent change,histórico ou estimativa; consultar WEO,World Economic Outlook (April 2026)
Argentina,ARG,2014,PCPIPCH,,Annual percent change,histórico ou estimativa; consultar WEO,World Economic Outlook (April 2026)
Argentina,ARG,2015,PCPIPCH,,Annual percent change,histórico ou estimativa; consultar WEO,World Economic Outlook (April 2026)
Argentina,ARG,2016,PCPIPCH,,Annual percent change,histórico ou estimativa; consultar WEO,World Economic Outlook (April 2026)
Argentina,ARG,2017,PCPIPCH,25.7,Annual percent change,histórico ou estimativa; consultar WEO,World Economic Outlook (April 2026)
Argentina,ARG,2018,PCPIPCH,34.3,Annual percent change,histórico ou estimativa; consultar WEO,World Economic Outlook (April 2026)
Argentina,ARG,2019,PCPIPCH,53.5,Annual percent change,histórico ou estimativa; consultar WEO,World Economic Outlook (April 2026)
Argentina,ARG,2020,PCPIPCH,42,Annual percent change,histórico ou estimativa; consultar WEO,World Economic Outlook (April 2026)
Argentina,ARG,2021,PCPIPCH,48.4,Annual percent change,histórico ou estimativa; consultar WEO,World Economic Outlook (April 2026)
Argentina,ARG,2022,PCPIPCH,72.4,Annual percent change,histórico ou estimativa; consultar WEO,World Economic Outlook (April 2026)
Argentina,ARG,2023,PCPIPCH,133.5,Annual percent change,histórico ou estimativa; consultar WEO,World Economic Outlook (April 2026)
Argentina,ARG,2024,PCPIPCH,219.9,Annual percent change,histórico ou estimativa; consultar WEO,World Economic Outlook (April 2026)
Argentina,ARG,2025,PCPIPCH,41.9,Annual percent change,histórico ou estimativa; consultar WEO,World Economic Outlook (April 2026)
Argentina,ARG,2026,PCPIPCH,30.4,Annual percent change,projeção,World Economic Outlook (April 2026)
Chile,CHL,2000,PCPIPCH,3.8,Annual percent change,histórico ou estimativa; consultar WEO,World Economic Outlook (April 2026)
Chile,CHL,2001,PCPIPCH,3.6,Annual percent change,histórico ou estimativa; consultar WEO,World Economic Outlook (April 2026)
Chile,CHL,2002,PCPIPCH,2.5,Annual percent change,histórico ou estimativa; consultar WEO,World Economic Outlook (April 2026)
Chile,CHL,2003,PCPIPCH,2.8,Annual percent change,histórico ou estimativa; consultar WEO,World Economic Outlook (April 2026)
Chile,CHL,2004,PCPIPCH,1.1,Annual percent change,histórico ou estimativa; consultar WEO,World Economic Outlook (April 2026)
Chile,CHL,2005,PCPIPCH,3.1,Annual percent change,histórico ou estimativa; consultar WEO,World Economic Outlook (April 2026)
Chile,CHL,2006,PCPIPCH,3.4,Annual percent change,histórico ou estimativa; consultar WEO,World Economic Outlook (April 2026)
Chile,CHL,2007,PCPIPCH,4.4,Annual percent change,histórico ou estimativa; consultar WEO,World Economic Outlook (April 2026)
Chile,CHL,2008,PCPIPCH,8.7,Annual percent change,histórico ou estimativa; consultar WEO,World Economic Outlook (April 2026)
Chile,CHL,2009,PCPIPCH,1.5,Annual percent change,histórico ou estimativa; consultar WEO,World Economic Outlook (April 2026)
Chile,CHL,2010,PCPIPCH,1.4,Annual percent change,histórico ou estimativa; consultar WEO,World Economic Outlook (April 2026)
Chile,CHL,2011,PCPIPCH,3.3,Annual percent change,histórico ou estimativa; consultar WEO,World Economic Outlook (April 2026)
Chile,CHL,2012,PCPIPCH,3,Annual percent change,histórico ou estimativa; consultar WEO,World Economic Outlook (April 2026)
Chile,CHL,2013,PCPIPCH,1.8,Annual percent change,histórico ou estimativa; consultar WEO,World Economic Outlook (April 2026)
Chile,CHL,2014,PCPIPCH,4.7,Annual percent change,histórico ou estimativa; consultar WEO,World Economic Outlook (April 2026)
Chile,CHL,2015,PCPIPCH,4.3,Annual percent change,histórico ou estimativa; consultar WEO,World Economic Outlook (April 2026)
Chile,CHL,2016,PCPIPCH,3.8,Annual percent change,histórico ou estimativa; consultar WEO,World Economic Outlook (April 2026)
Chile,CHL,2017,PCPIPCH,2.2,Annual percent change,histórico ou estimativa; consultar WEO,World Economic Outlook (April 2026)
Chile,CHL,2018,PCPIPCH,2.3,Annual percent change,histórico ou estimativa; consultar WEO,World Economic Outlook (April 2026)
Chile,CHL,2019,PCPIPCH,2.3,Annual percent change,histórico ou estimativa; consultar WEO,World Economic Outlook (April 2026)
Chile,CHL,2020,PCPIPCH,3,Annual percent change,histórico ou estimativa; consultar WEO,World Economic Outlook (April 2026)
Chile,CHL,2021,PCPIPCH,4.5,Annual percent change,histórico ou estimativa; consultar WEO,World Economic Outlook (April 2026)
Chile,CHL,2022,PCPIPCH,11.6,Annual percent change,histórico ou estimativa; consultar WEO,World Economic Outlook (April 2026)
Chile,CHL,2023,PCPIPCH,7.6,Annual percent change,histórico ou estimativa; consultar WEO,World Economic Outlook (April 2026)
Chile,CHL,2024,PCPIPCH,3.9,Annual percent change,histórico ou estimativa; consultar WEO,World Economic Outlook (April 2026)
Chile,CHL,2025,PCPIPCH,4.2,Annual percent change,histórico ou estimativa; consultar WEO,World Economic Outlook (April 2026)
Chile,CHL,2026,PCPIPCH,2.9,Annual percent change,projeção,World Economic Outlook (April 2026)
México,MEX,2000,PCPIPCH,9.5,Annual percent change,histórico ou estimativa; consultar WEO,World Economic Outlook (April 2026)
México,MEX,2001,PCPIPCH,6.4,Annual percent change,histórico ou estimativa; consultar WEO,World Economic Outlook (April 2026)
México,MEX,2002,PCPIPCH,5,Annual percent change,histórico ou estimativa; consultar WEO,World Economic Outlook (April 2026)
México,MEX,2003,PCPIPCH,4.6,Annual percent change,histórico ou estimativa; consultar WEO,World Economic Outlook (April 2026)
México,MEX,2004,PCPIPCH,4.7,Annual percent change,histórico ou estimativa; consultar WEO,World Economic Outlook (April 2026)
México,MEX,2005,PCPIPCH,4,Annual percent change,histórico ou estimativa; consultar WEO,World Economic Outlook (April 2026)
México,MEX,2006,PCPIPCH,3.6,Annual percent change,histórico ou estimativa; consultar WEO,World Economic Outlook (April 2026)
México,MEX,2007,PCPIPCH,4,Annual percent change,histórico ou estimativa; consultar WEO,World Economic Outlook (April 2026)
México,MEX,2008,PCPIPCH,5.1,Annual percent change,histórico ou estimativa; consultar WEO,World Economic Outlook (April 2026)
México,MEX,2009,PCPIPCH,5.3,Annual percent change,histórico ou estimativa; consultar WEO,World Economic Outlook (April 2026)
México,MEX,2010,PCPIPCH,4.2,Annual percent change,histórico ou estimativa; consultar WEO,World Economic Outlook (April 2026)
México,MEX,2011,PCPIPCH,3.4,Annual percent change,histórico ou estimativa; consultar WEO,World Economic Outlook (April 2026)
México,MEX,2012,PCPIPCH,4.1,Annual percent change,histórico ou estimativa; consultar WEO,World Economic Outlook (April 2026)
México,MEX,2013,PCPIPCH,3.8,Annual percent change,histórico ou estimativa; consultar WEO,World Economic Outlook (April 2026)
México,MEX,2014,PCPIPCH,4,Annual percent change,histórico ou estimativa; consultar WEO,World Economic Outlook (April 2026)
México,MEX,2015,PCPIPCH,2.7,Annual percent change,histórico ou estimativa; consultar WEO,World Economic Outlook (April 2026)
México,MEX,2016,PCPIPCH,2.8,Annual percent change,histórico ou estimativa; consultar WEO,World Economic Outlook (April 2026)
México,MEX,2017,PCPIPCH,6,Annual percent change,histórico ou estimativa; consultar WEO,World Economic Outlook (April 2026)
México,MEX,2018,PCPIPCH,4.9,Annual percent change,histórico ou estimativa; consultar WEO,World Economic Outlook (April 2026)
México,MEX,2019,PCPIPCH,3.6,Annual percent change,histórico ou estimativa; consultar WEO,World Economic Outlook (April 2026)
México,MEX,2020,PCPIPCH,3.4,Annual percent change,histórico ou estimativa; consultar WEO,World Economic Outlook (April 2026)
México,MEX,2021,PCPIPCH,5.7,Annual percent change,histórico ou estimativa; consultar WEO,World Economic Outlook (April 2026)
México,MEX,2022,PCPIPCH,7.9,Annual percent change,histórico ou estimativa; consultar WEO,World Economic Outlook (April 2026)
México,MEX,2023,PCPIPCH,5.5,Annual percent change,histórico ou estimativa; consultar WEO,World Economic Outlook (April 2026)
México,MEX,2024,PCPIPCH,4.7,Annual percent change,histórico ou estimativa; consultar WEO,World Economic Outlook (April 2026)
México,MEX,2025,PCPIPCH,3.8,Annual percent change,histórico ou estimativa; consultar WEO,World Economic Outlook (April 2026)
México,MEX,2026,PCPIPCH,3.9,Annual percent change,projeção,World Economic Outlook (April 2026)
Peru,PER,2000,PCPIPCH,3.8,Annual percent change,histórico ou estimativa; consultar WEO,World Economic Outlook (April 2026)
Peru,PER,2001,PCPIPCH,2,Annual percent change,histórico ou estimativa; consultar WEO,World Economic Outlook (April 2026)
Peru,PER,2002,PCPIPCH,0.2,Annual percent change,histórico ou estimativa; consultar WEO,World Economic Outlook (April 2026)
Peru,PER,2003,PCPIPCH,2.3,Annual percent change,histórico ou estimativa; consultar WEO,World Economic Outlook (April 2026)
Peru,PER,2004,PCPIPCH,3.7,Annual percent change,histórico ou estimativa; consultar WEO,World Economic Outlook (April 2026)
Peru,PER,2005,PCPIPCH,1.6,Annual percent change,histórico ou estimativa; consultar WEO,World Economic Outlook (April 2026)
Peru,PER,2006,PCPIPCH,2,Annual percent change,histórico ou estimativa; consultar WEO,World Economic Outlook (April 2026)
Peru,PER,2007,PCPIPCH,1.8,Annual percent change,histórico ou estimativa; consultar WEO,World Economic Outlook (April 2026)
Peru,PER,2008,PCPIPCH,5.8,Annual percent change,histórico ou estimativa; consultar WEO,World Economic Outlook (April 2026)
Peru,PER,2009,PCPIPCH,2.9,Annual percent change,histórico ou estimativa; consultar WEO,World Economic Outlook (April 2026)
Peru,PER,2010,PCPIPCH,1.5,Annual percent change,histórico ou estimativa; consultar WEO,World Economic Outlook (April 2026)
Peru,PER,2011,PCPIPCH,3.4,Annual percent change,histórico ou estimativa; consultar WEO,World Economic Outlook (April 2026)
Peru,PER,2012,PCPIPCH,3.7,Annual percent change,histórico ou estimativa; consultar WEO,World Economic Outlook (April 2026)
Peru,PER,2013,PCPIPCH,2.8,Annual percent change,histórico ou estimativa; consultar WEO,World Economic Outlook (April 2026)
Peru,PER,2014,PCPIPCH,3.2,Annual percent change,histórico ou estimativa; consultar WEO,World Economic Outlook (April 2026)
Peru,PER,2015,PCPIPCH,3.5,Annual percent change,histórico ou estimativa; consultar WEO,World Economic Outlook (April 2026)
Peru,PER,2016,PCPIPCH,3.6,Annual percent change,histórico ou estimativa; consultar WEO,World Economic Outlook (April 2026)
Peru,PER,2017,PCPIPCH,2.8,Annual percent change,histórico ou estimativa; consultar WEO,World Economic Outlook (April 2026)
Peru,PER,2018,PCPIPCH,1.3,Annual percent change,histórico ou estimativa; consultar WEO,World Economic Outlook (April 2026)
Peru,PER,2019,PCPIPCH,2.1,Annual percent change,histórico ou estimativa; consultar WEO,World Economic Outlook (April 2026)
Peru,PER,2020,PCPIPCH,1.8,Annual percent change,histórico ou estimativa; consultar WEO,World Economic Outlook (April 2026)
Peru,PER,2021,PCPIPCH,4,Annual percent change,histórico ou estimativa; consultar WEO,World Economic Outlook (April 2026)
Peru,PER,2022,PCPIPCH,7.9,Annual percent change,histórico ou estimativa; consultar WEO,World Economic Outlook (April 2026)
Peru,PER,2023,PCPIPCH,6.3,Annual percent change,histórico ou estimativa; consultar WEO,World Economic Outlook (April 2026)
Peru,PER,2024,PCPIPCH,2.4,Annual percent change,histórico ou estimativa; consultar WEO,World Economic Outlook (April 2026)
Peru,PER,2025,PCPIPCH,1.5,Annual percent change,histórico ou estimativa; consultar WEO,World Economic Outlook (April 2026)
Peru,PER,2026,PCPIPCH,2.5,Annual percent change,projeção,World Economic Outlook (April 2026)
Uruguai,URY,2000,PCPIPCH,4.8,Annual percent change,histórico ou estimativa; consultar WEO,World Economic Outlook (April 2026)
Uruguai,URY,2001,PCPIPCH,4.4,Annual percent change,histórico ou estimativa; consultar WEO,World Economic Outlook (April 2026)
Uruguai,URY,2002,PCPIPCH,14,Annual percent change,histórico ou estimativa; consultar WEO,World Economic Outlook (April 2026)
Uruguai,URY,2003,PCPIPCH,19.4,Annual percent change,histórico ou estimativa; consultar WEO,World Economic Outlook (April 2026)
Uruguai,URY,2004,PCPIPCH,9.2,Annual percent change,histórico ou estimativa; consultar WEO,World Economic Outlook (April 2026)
Uruguai,URY,2005,PCPIPCH,4.7,Annual percent change,histórico ou estimativa; consultar WEO,World Economic Outlook (April 2026)
Uruguai,URY,2006,PCPIPCH,6.4,Annual percent change,histórico ou estimativa; consultar WEO,World Economic Outlook (April 2026)
Uruguai,URY,2007,PCPIPCH,8.1,Annual percent change,histórico ou estimativa; consultar WEO,World Economic Outlook (April 2026)
Uruguai,URY,2008,PCPIPCH,7.9,Annual percent change,histórico ou estimativa; consultar WEO,World Economic Outlook (April 2026)
Uruguai,URY,2009,PCPIPCH,7.1,Annual percent change,histórico ou estimativa; consultar WEO,World Economic Outlook (April 2026)
Uruguai,URY,2010,PCPIPCH,6.7,Annual percent change,histórico ou estimativa; consultar WEO,World Economic Outlook (April 2026)
Uruguai,URY,2011,PCPIPCH,8.1,Annual percent change,histórico ou estimativa; consultar WEO,World Economic Outlook (April 2026)
Uruguai,URY,2012,PCPIPCH,8.1,Annual percent change,histórico ou estimativa; consultar WEO,World Economic Outlook (April 2026)
Uruguai,URY,2013,PCPIPCH,8.6,Annual percent change,histórico ou estimativa; consultar WEO,World Economic Outlook (April 2026)
Uruguai,URY,2014,PCPIPCH,8.9,Annual percent change,histórico ou estimativa; consultar WEO,World Economic Outlook (April 2026)
Uruguai,URY,2015,PCPIPCH,8.7,Annual percent change,histórico ou estimativa; consultar WEO,World Economic Outlook (April 2026)
Uruguai,URY,2016,PCPIPCH,9.6,Annual percent change,histórico ou estimativa; consultar WEO,World Economic Outlook (April 2026)
Uruguai,URY,2017,PCPIPCH,6.2,Annual percent change,histórico ou estimativa; consultar WEO,World Economic Outlook (April 2026)
Uruguai,URY,2018,PCPIPCH,7.6,Annual percent change,histórico ou estimativa; consultar WEO,World Economic Outlook (April 2026)
Uruguai,URY,2019,PCPIPCH,7.9,Annual percent change,histórico ou estimativa; consultar WEO,World Economic Outlook (April 2026)
Uruguai,URY,2020,PCPIPCH,9.8,Annual percent change,histórico ou estimativa; consultar WEO,World Economic Outlook (April 2026)
Uruguai,URY,2021,PCPIPCH,7.7,Annual percent change,histórico ou estimativa; consultar WEO,World Economic Outlook (April 2026)
Uruguai,URY,2022,PCPIPCH,9.1,Annual percent change,histórico ou estimativa; consultar WEO,World Economic Outlook (April 2026)
Uruguai,URY,2023,PCPIPCH,5.9,Annual percent change,histórico ou estimativa; consultar WEO,World Economic Outlook (April 2026)
Uruguai,URY,2024,PCPIPCH,4.8,Annual percent change,histórico ou estimativa; consultar WEO,World Economic Outlook (April 2026)
Uruguai,URY,2025,PCPIPCH,4.7,Annual percent change,histórico ou estimativa; consultar WEO,World Economic Outlook (April 2026)
Uruguai,URY,2026,PCPIPCH,4,Annual percent change,projeção,World Economic Outlook (April 2026)
Canadá,CAN,2000,PCPIPCH,2.7,Annual percent change,histórico ou estimativa; consultar WEO,World Economic Outlook (April 2026)
Canadá,CAN,2001,PCPIPCH,2.5,Annual percent change,histórico ou estimativa; consultar WEO,World Economic Outlook (April 2026)
Canadá,CAN,2002,PCPIPCH,2.3,Annual percent change,histórico ou estimativa; consultar WEO,World Economic Outlook (April 2026)
Canadá,CAN,2003,PCPIPCH,2.8,Annual percent change,histórico ou estimativa; consultar WEO,World Economic Outlook (April 2026)
Canadá,CAN,2004,PCPIPCH,1.9,Annual percent change,histórico ou estimativa; consultar WEO,World Economic Outlook (April 2026)
Canadá,CAN,2005,PCPIPCH,2.2,Annual percent change,histórico ou estimativa; consultar WEO,World Economic Outlook (April 2026)
Canadá,CAN,2006,PCPIPCH,2,Annual percent change,histórico ou estimativa; consultar WEO,World Economic Outlook (April 2026)
Canadá,CAN,2007,PCPIPCH,2.1,Annual percent change,histórico ou estimativa; consultar WEO,World Economic Outlook (April 2026)
Canadá,CAN,2008,PCPIPCH,2.4,Annual percent change,histórico ou estimativa; consultar WEO,World Economic Outlook (April 2026)
Canadá,CAN,2009,PCPIPCH,0.3,Annual percent change,histórico ou estimativa; consultar WEO,World Economic Outlook (April 2026)
Canadá,CAN,2010,PCPIPCH,1.8,Annual percent change,histórico ou estimativa; consultar WEO,World Economic Outlook (April 2026)
Canadá,CAN,2011,PCPIPCH,2.9,Annual percent change,histórico ou estimativa; consultar WEO,World Economic Outlook (April 2026)
Canadá,CAN,2012,PCPIPCH,1.5,Annual percent change,histórico ou estimativa; consultar WEO,World Economic Outlook (April 2026)
Canadá,CAN,2013,PCPIPCH,0.9,Annual percent change,histórico ou estimativa; consultar WEO,World Economic Outlook (April 2026)
Canadá,CAN,2014,PCPIPCH,1.9,Annual percent change,histórico ou estimativa; consultar WEO,World Economic Outlook (April 2026)
Canadá,CAN,2015,PCPIPCH,1.1,Annual percent change,histórico ou estimativa; consultar WEO,World Economic Outlook (April 2026)
Canadá,CAN,2016,PCPIPCH,1.4,Annual percent change,histórico ou estimativa; consultar WEO,World Economic Outlook (April 2026)
Canadá,CAN,2017,PCPIPCH,1.6,Annual percent change,histórico ou estimativa; consultar WEO,World Economic Outlook (April 2026)
Canadá,CAN,2018,PCPIPCH,2.3,Annual percent change,histórico ou estimativa; consultar WEO,World Economic Outlook (April 2026)
Canadá,CAN,2019,PCPIPCH,1.9,Annual percent change,histórico ou estimativa; consultar WEO,World Economic Outlook (April 2026)
Canadá,CAN,2020,PCPIPCH,0.7,Annual percent change,histórico ou estimativa; consultar WEO,World Economic Outlook (April 2026)
Canadá,CAN,2021,PCPIPCH,3.4,Annual percent change,histórico ou estimativa; consultar WEO,World Economic Outlook (April 2026)
Canadá,CAN,2022,PCPIPCH,6.8,Annual percent change,histórico ou estimativa; consultar WEO,World Economic Outlook (April 2026)
Canadá,CAN,2023,PCPIPCH,3.9,Annual percent change,histórico ou estimativa; consultar WEO,World Economic Outlook (April 2026)
Canadá,CAN,2024,PCPIPCH,2.4,Annual percent change,histórico ou estimativa; consultar WEO,World Economic Outlook (April 2026)
Canadá,CAN,2025,PCPIPCH,2.1,Annual percent change,histórico ou estimativa; consultar WEO,World Economic Outlook (April 2026)
Canadá,CAN,2026,PCPIPCH,2.5,Annual percent change,projeção,World Economic Outlook (April 2026)
Reino Unido,GBR,2000,PCPIPCH,0.8,Annual percent change,histórico ou estimativa; consultar WEO,World Economic Outlook (April 2026)
Reino Unido,GBR,2001,PCPIPCH,1.2,Annual percent change,histórico ou estimativa; consultar WEO,World Economic Outlook (April 2026)
Reino Unido,GBR,2002,PCPIPCH,1.3,Annual percent change,histórico ou estimativa; consultar WEO,World Economic Outlook (April 2026)
Reino Unido,GBR,2003,PCPIPCH,1.4,Annual percent change,histórico ou estimativa; consultar WEO,World Economic Outlook (April 2026)
Reino Unido,GBR,2004,PCPIPCH,1.3,Annual percent change,histórico ou estimativa; consultar WEO,World Economic Outlook (April 2026)
Reino Unido,GBR,2005,PCPIPCH,2.1,Annual percent change,histórico ou estimativa; consultar WEO,World Economic Outlook (April 2026)
Reino Unido,GBR,2006,PCPIPCH,2.3,Annual percent change,histórico ou estimativa; consultar WEO,World Economic Outlook (April 2026)
Reino Unido,GBR,2007,PCPIPCH,2.3,Annual percent change,histórico ou estimativa; consultar WEO,World Economic Outlook (April 2026)
Reino Unido,GBR,2008,PCPIPCH,3.6,Annual percent change,histórico ou estimativa; consultar WEO,World Economic Outlook (April 2026)
Reino Unido,GBR,2009,PCPIPCH,2.2,Annual percent change,histórico ou estimativa; consultar WEO,World Economic Outlook (April 2026)
Reino Unido,GBR,2010,PCPIPCH,3.3,Annual percent change,histórico ou estimativa; consultar WEO,World Economic Outlook (April 2026)
Reino Unido,GBR,2011,PCPIPCH,4.5,Annual percent change,histórico ou estimativa; consultar WEO,World Economic Outlook (April 2026)
Reino Unido,GBR,2012,PCPIPCH,2.8,Annual percent change,histórico ou estimativa; consultar WEO,World Economic Outlook (April 2026)
Reino Unido,GBR,2013,PCPIPCH,2.6,Annual percent change,histórico ou estimativa; consultar WEO,World Economic Outlook (April 2026)
Reino Unido,GBR,2014,PCPIPCH,1.5,Annual percent change,histórico ou estimativa; consultar WEO,World Economic Outlook (April 2026)
Reino Unido,GBR,2015,PCPIPCH,0,Annual percent change,histórico ou estimativa; consultar WEO,World Economic Outlook (April 2026)
Reino Unido,GBR,2016,PCPIPCH,0.7,Annual percent change,histórico ou estimativa; consultar WEO,World Economic Outlook (April 2026)
Reino Unido,GBR,2017,PCPIPCH,2.7,Annual percent change,histórico ou estimativa; consultar WEO,World Economic Outlook (April 2026)
Reino Unido,GBR,2018,PCPIPCH,2.5,Annual percent change,histórico ou estimativa; consultar WEO,World Economic Outlook (April 2026)
Reino Unido,GBR,2019,PCPIPCH,1.8,Annual percent change,histórico ou estimativa; consultar WEO,World Economic Outlook (April 2026)
Reino Unido,GBR,2020,PCPIPCH,0.9,Annual percent change,histórico ou estimativa; consultar WEO,World Economic Outlook (April 2026)
Reino Unido,GBR,2021,PCPIPCH,2.6,Annual percent change,histórico ou estimativa; consultar WEO,World Economic Outlook (April 2026)
Reino Unido,GBR,2022,PCPIPCH,9.1,Annual percent change,histórico ou estimativa; consultar WEO,World Economic Outlook (April 2026)
Reino Unido,GBR,2023,PCPIPCH,7.3,Annual percent change,histórico ou estimativa; consultar WEO,World Economic Outlook (April 2026)
Reino Unido,GBR,2024,PCPIPCH,2.5,Annual percent change,histórico ou estimativa; consultar WEO,World Economic Outlook (April 2026)
Reino Unido,GBR,2025,PCPIPCH,3.4,Annual percent change,histórico ou estimativa; consultar WEO,World Economic Outlook (April 2026)
Reino Unido,GBR,2026,PCPIPCH,3.2,Annual percent change,projeção,World Economic Outlook (April 2026)
Alemanha,DEU,2000,PCPIPCH,1.4,Annual percent change,histórico ou estimativa; consultar WEO,World Economic Outlook (April 2026)
Alemanha,DEU,2001,PCPIPCH,1.9,Annual percent change,histórico ou estimativa; consultar WEO,World Economic Outlook (April 2026)
Alemanha,DEU,2002,PCPIPCH,1.4,Annual percent change,histórico ou estimativa; consultar WEO,World Economic Outlook (April 2026)
Alemanha,DEU,2003,PCPIPCH,1.1,Annual percent change,histórico ou estimativa; consultar WEO,World Economic Outlook (April 2026)
Alemanha,DEU,2004,PCPIPCH,1.8,Annual percent change,histórico ou estimativa; consultar WEO,World Economic Outlook (April 2026)
Alemanha,DEU,2005,PCPIPCH,2,Annual percent change,histórico ou estimativa; consultar WEO,World Economic Outlook (April 2026)
Alemanha,DEU,2006,PCPIPCH,1.8,Annual percent change,histórico ou estimativa; consultar WEO,World Economic Outlook (April 2026)
Alemanha,DEU,2007,PCPIPCH,2.3,Annual percent change,histórico ou estimativa; consultar WEO,World Economic Outlook (April 2026)
Alemanha,DEU,2008,PCPIPCH,2.8,Annual percent change,histórico ou estimativa; consultar WEO,World Economic Outlook (April 2026)
Alemanha,DEU,2009,PCPIPCH,0.2,Annual percent change,histórico ou estimativa; consultar WEO,World Economic Outlook (April 2026)
Alemanha,DEU,2010,PCPIPCH,1.2,Annual percent change,histórico ou estimativa; consultar WEO,World Economic Outlook (April 2026)
Alemanha,DEU,2011,PCPIPCH,2.5,Annual percent change,histórico ou estimativa; consultar WEO,World Economic Outlook (April 2026)
Alemanha,DEU,2012,PCPIPCH,2.1,Annual percent change,histórico ou estimativa; consultar WEO,World Economic Outlook (April 2026)
Alemanha,DEU,2013,PCPIPCH,1.6,Annual percent change,histórico ou estimativa; consultar WEO,World Economic Outlook (April 2026)
Alemanha,DEU,2014,PCPIPCH,0.8,Annual percent change,histórico ou estimativa; consultar WEO,World Economic Outlook (April 2026)
Alemanha,DEU,2015,PCPIPCH,0.7,Annual percent change,histórico ou estimativa; consultar WEO,World Economic Outlook (April 2026)
Alemanha,DEU,2016,PCPIPCH,0.3,Annual percent change,histórico ou estimativa; consultar WEO,World Economic Outlook (April 2026)
Alemanha,DEU,2017,PCPIPCH,1.7,Annual percent change,histórico ou estimativa; consultar WEO,World Economic Outlook (April 2026)
Alemanha,DEU,2018,PCPIPCH,1.9,Annual percent change,histórico ou estimativa; consultar WEO,World Economic Outlook (April 2026)
Alemanha,DEU,2019,PCPIPCH,1.4,Annual percent change,histórico ou estimativa; consultar WEO,World Economic Outlook (April 2026)
Alemanha,DEU,2020,PCPIPCH,0.4,Annual percent change,histórico ou estimativa; consultar WEO,World Economic Outlook (April 2026)
Alemanha,DEU,2021,PCPIPCH,3.2,Annual percent change,histórico ou estimativa; consultar WEO,World Economic Outlook (April 2026)
Alemanha,DEU,2022,PCPIPCH,8.7,Annual percent change,histórico ou estimativa; consultar WEO,World Economic Outlook (April 2026)
Alemanha,DEU,2023,PCPIPCH,6,Annual percent change,histórico ou estimativa; consultar WEO,World Economic Outlook (April 2026)
Alemanha,DEU,2024,PCPIPCH,2.5,Annual percent change,histórico ou estimativa; consultar WEO,World Economic Outlook (April 2026)
Alemanha,DEU,2025,PCPIPCH,2.3,Annual percent change,histórico ou estimativa; consultar WEO,World Economic Outlook (April 2026)
Alemanha,DEU,2026,PCPIPCH,2.7,Annual percent change,projeção,World Economic Outlook (April 2026)
França,FRA,2000,PCPIPCH,1.8,Annual percent change,histórico ou estimativa; consultar WEO,World Economic Outlook (April 2026)
França,FRA,2001,PCPIPCH,1.8,Annual percent change,histórico ou estimativa; consultar WEO,World Economic Outlook (April 2026)
França,FRA,2002,PCPIPCH,1.9,Annual percent change,histórico ou estimativa; consultar WEO,World Economic Outlook (April 2026)
França,FRA,2003,PCPIPCH,2.2,Annual percent change,histórico ou estimativa; consultar WEO,World Economic Outlook (April 2026)
França,FRA,2004,PCPIPCH,2.3,Annual percent change,histórico ou estimativa; consultar WEO,World Economic Outlook (April 2026)
França,FRA,2005,PCPIPCH,1.9,Annual percent change,histórico ou estimativa; consultar WEO,World Economic Outlook (April 2026)
França,FRA,2006,PCPIPCH,1.9,Annual percent change,histórico ou estimativa; consultar WEO,World Economic Outlook (April 2026)
França,FRA,2007,PCPIPCH,1.6,Annual percent change,histórico ou estimativa; consultar WEO,World Economic Outlook (April 2026)
França,FRA,2008,PCPIPCH,3.2,Annual percent change,histórico ou estimativa; consultar WEO,World Economic Outlook (April 2026)
França,FRA,2009,PCPIPCH,0.1,Annual percent change,histórico ou estimativa; consultar WEO,World Economic Outlook (April 2026)
França,FRA,2010,PCPIPCH,1.7,Annual percent change,histórico ou estimativa; consultar WEO,World Economic Outlook (April 2026)
França,FRA,2011,PCPIPCH,2.3,Annual percent change,histórico ou estimativa; consultar WEO,World Economic Outlook (April 2026)
França,FRA,2012,PCPIPCH,2.2,Annual percent change,histórico ou estimativa; consultar WEO,World Economic Outlook (April 2026)
França,FRA,2013,PCPIPCH,1,Annual percent change,histórico ou estimativa; consultar WEO,World Economic Outlook (April 2026)
França,FRA,2014,PCPIPCH,0.6,Annual percent change,histórico ou estimativa; consultar WEO,World Economic Outlook (April 2026)
França,FRA,2015,PCPIPCH,0.1,Annual percent change,histórico ou estimativa; consultar WEO,World Economic Outlook (April 2026)
França,FRA,2016,PCPIPCH,0.3,Annual percent change,histórico ou estimativa; consultar WEO,World Economic Outlook (April 2026)
França,FRA,2017,PCPIPCH,1.2,Annual percent change,histórico ou estimativa; consultar WEO,World Economic Outlook (April 2026)
França,FRA,2018,PCPIPCH,2.1,Annual percent change,histórico ou estimativa; consultar WEO,World Economic Outlook (April 2026)
França,FRA,2019,PCPIPCH,1.3,Annual percent change,histórico ou estimativa; consultar WEO,World Economic Outlook (April 2026)
França,FRA,2020,PCPIPCH,0.5,Annual percent change,histórico ou estimativa; consultar WEO,World Economic Outlook (April 2026)
França,FRA,2021,PCPIPCH,2.1,Annual percent change,histórico ou estimativa; consultar WEO,World Economic Outlook (April 2026)
França,FRA,2022,PCPIPCH,5.9,Annual percent change,histórico ou estimativa; consultar WEO,World Economic Outlook (April 2026)
França,FRA,2023,PCPIPCH,5.7,Annual percent change,histórico ou estimativa; consultar WEO,World Economic Outlook (April 2026)
França,FRA,2024,PCPIPCH,2.3,Annual percent change,histórico ou estimativa; consultar WEO,World Economic Outlook (April 2026)
França,FRA,2025,PCPIPCH,0.9,Annual percent change,histórico ou estimativa; consultar WEO,World Economic Outlook (April 2026)
França,FRA,2026,PCPIPCH,1.8,Annual percent change,projeção,World Economic Outlook (April 2026)
África do Sul,ZAF,2000,PCPIPCH,5.3,Annual percent change,histórico ou estimativa; consultar WEO,World Economic Outlook (April 2026)
África do Sul,ZAF,2001,PCPIPCH,5.7,Annual percent change,histórico ou estimativa; consultar WEO,World Economic Outlook (April 2026)
África do Sul,ZAF,2002,PCPIPCH,9.1,Annual percent change,histórico ou estimativa; consultar WEO,World Economic Outlook (April 2026)
África do Sul,ZAF,2003,PCPIPCH,5.9,Annual percent change,histórico ou estimativa; consultar WEO,World Economic Outlook (April 2026)
África do Sul,ZAF,2004,PCPIPCH,1.4,Annual percent change,histórico ou estimativa; consultar WEO,World Economic Outlook (April 2026)
África do Sul,ZAF,2005,PCPIPCH,3.4,Annual percent change,histórico ou estimativa; consultar WEO,World Economic Outlook (April 2026)
África do Sul,ZAF,2006,PCPIPCH,4.7,Annual percent change,histórico ou estimativa; consultar WEO,World Economic Outlook (April 2026)
África do Sul,ZAF,2007,PCPIPCH,7.1,Annual percent change,histórico ou estimativa; consultar WEO,World Economic Outlook (April 2026)
África do Sul,ZAF,2008,PCPIPCH,10.9,Annual percent change,histórico ou estimativa; consultar WEO,World Economic Outlook (April 2026)
África do Sul,ZAF,2009,PCPIPCH,7.2,Annual percent change,histórico ou estimativa; consultar WEO,World Economic Outlook (April 2026)
África do Sul,ZAF,2010,PCPIPCH,4.2,Annual percent change,histórico ou estimativa; consultar WEO,World Economic Outlook (April 2026)
África do Sul,ZAF,2011,PCPIPCH,5,Annual percent change,histórico ou estimativa; consultar WEO,World Economic Outlook (April 2026)
África do Sul,ZAF,2012,PCPIPCH,5.7,Annual percent change,histórico ou estimativa; consultar WEO,World Economic Outlook (April 2026)
África do Sul,ZAF,2013,PCPIPCH,5.7,Annual percent change,histórico ou estimativa; consultar WEO,World Economic Outlook (April 2026)
África do Sul,ZAF,2014,PCPIPCH,6.1,Annual percent change,histórico ou estimativa; consultar WEO,World Economic Outlook (April 2026)
África do Sul,ZAF,2015,PCPIPCH,4.6,Annual percent change,histórico ou estimativa; consultar WEO,World Economic Outlook (April 2026)
África do Sul,ZAF,2016,PCPIPCH,6.3,Annual percent change,histórico ou estimativa; consultar WEO,World Economic Outlook (April 2026)
África do Sul,ZAF,2017,PCPIPCH,5.3,Annual percent change,histórico ou estimativa; consultar WEO,World Economic Outlook (April 2026)
África do Sul,ZAF,2018,PCPIPCH,4.6,Annual percent change,histórico ou estimativa; consultar WEO,World Economic Outlook (April 2026)
África do Sul,ZAF,2019,PCPIPCH,4.1,Annual percent change,histórico ou estimativa; consultar WEO,World Economic Outlook (April 2026)
África do Sul,ZAF,2020,PCPIPCH,3.3,Annual percent change,histórico ou estimativa; consultar WEO,World Economic Outlook (April 2026)
África do Sul,ZAF,2021,PCPIPCH,4.6,Annual percent change,histórico ou estimativa; consultar WEO,World Economic Outlook (April 2026)
África do Sul,ZAF,2022,PCPIPCH,6.9,Annual percent change,histórico ou estimativa; consultar WEO,World Economic Outlook (April 2026)
África do Sul,ZAF,2023,PCPIPCH,5.9,Annual percent change,histórico ou estimativa; consultar WEO,World Economic Outlook (April 2026)
África do Sul,ZAF,2024,PCPIPCH,4.4,Annual percent change,histórico ou estimativa; consultar WEO,World Economic Outlook (April 2026)
África do Sul,ZAF,2025,PCPIPCH,3.2,Annual percent change,histórico ou estimativa; consultar WEO,World Economic Outlook (April 2026)
África do Sul,ZAF,2026,PCPIPCH,3.9,Annual percent change,projeção,World Economic Outlook (April 2026)
Índia,IND,2000,PCPIPCH,3.8,Annual percent change,histórico ou estimativa; consultar WEO,World Economic Outlook (April 2026)
Índia,IND,2001,PCPIPCH,4.4,Annual percent change,histórico ou estimativa; consultar WEO,World Economic Outlook (April 2026)
Índia,IND,2002,PCPIPCH,5,Annual percent change,histórico ou estimativa; consultar WEO,World Economic Outlook (April 2026)
Índia,IND,2003,PCPIPCH,4.1,Annual percent change,histórico ou estimativa; consultar WEO,World Economic Outlook (April 2026)
Índia,IND,2004,PCPIPCH,4,Annual percent change,histórico ou estimativa; consultar WEO,World Economic Outlook (April 2026)
Índia,IND,2005,PCPIPCH,3.7,Annual percent change,histórico ou estimativa; consultar WEO,World Economic Outlook (April 2026)
Índia,IND,2006,PCPIPCH,6.7,Annual percent change,histórico ou estimativa; consultar WEO,World Economic Outlook (April 2026)
Índia,IND,2007,PCPIPCH,5.9,Annual percent change,histórico ou estimativa; consultar WEO,World Economic Outlook (April 2026)
Índia,IND,2008,PCPIPCH,9.2,Annual percent change,histórico ou estimativa; consultar WEO,World Economic Outlook (April 2026)
Índia,IND,2009,PCPIPCH,10.6,Annual percent change,histórico ou estimativa; consultar WEO,World Economic Outlook (April 2026)
Índia,IND,2010,PCPIPCH,9.4,Annual percent change,histórico ou estimativa; consultar WEO,World Economic Outlook (April 2026)
Índia,IND,2011,PCPIPCH,8.1,Annual percent change,histórico ou estimativa; consultar WEO,World Economic Outlook (April 2026)
Índia,IND,2012,PCPIPCH,10,Annual percent change,histórico ou estimativa; consultar WEO,World Economic Outlook (April 2026)
Índia,IND,2013,PCPIPCH,9.8,Annual percent change,histórico ou estimativa; consultar WEO,World Economic Outlook (April 2026)
Índia,IND,2014,PCPIPCH,5.9,Annual percent change,histórico ou estimativa; consultar WEO,World Economic Outlook (April 2026)
Índia,IND,2015,PCPIPCH,4.9,Annual percent change,histórico ou estimativa; consultar WEO,World Economic Outlook (April 2026)
Índia,IND,2016,PCPIPCH,4.5,Annual percent change,histórico ou estimativa; consultar WEO,World Economic Outlook (April 2026)
Índia,IND,2017,PCPIPCH,3.6,Annual percent change,histórico ou estimativa; consultar WEO,World Economic Outlook (April 2026)
Índia,IND,2018,PCPIPCH,3.4,Annual percent change,histórico ou estimativa; consultar WEO,World Economic Outlook (April 2026)
Índia,IND,2019,PCPIPCH,4.8,Annual percent change,histórico ou estimativa; consultar WEO,World Economic Outlook (April 2026)
Índia,IND,2020,PCPIPCH,6.2,Annual percent change,histórico ou estimativa; consultar WEO,World Economic Outlook (April 2026)
Índia,IND,2021,PCPIPCH,5.5,Annual percent change,histórico ou estimativa; consultar WEO,World Economic Outlook (April 2026)
Índia,IND,2022,PCPIPCH,6.6,Annual percent change,histórico ou estimativa; consultar WEO,World Economic Outlook (April 2026)
Índia,IND,2023,PCPIPCH,5.4,Annual percent change,histórico ou estimativa; consultar WEO,World Economic Outlook (April 2026)
Índia,IND,2024,PCPIPCH,4.6,Annual percent change,histórico ou estimativa; consultar WEO,World Economic Outlook (April 2026)
Índia,IND,2025,PCPIPCH,2.1,Annual percent change,histórico ou estimativa; consultar WEO,World Economic Outlook (April 2026)
Índia,IND,2026,PCPIPCH,4.7,Annual percent change,projeção,World Economic Outlook (April 2026)
Brasil,BRA,2000,GGXWDG_NGDP,62.2,Percent of GDP,histórico ou estimativa; consultar WEO,World Economic Outlook (April 2026)
Brasil,BRA,2001,GGXWDG_NGDP,67.3,Percent of GDP,histórico ou estimativa; consultar WEO,World Economic Outlook (April 2026)
Brasil,BRA,2002,GGXWDG_NGDP,76.1,Percent of GDP,histórico ou estimativa; consultar WEO,World Economic Outlook (April 2026)
Brasil,BRA,2003,GGXWDG_NGDP,71.5,Percent of GDP,histórico ou estimativa; consultar WEO,World Economic Outlook (April 2026)
Brasil,BRA,2004,GGXWDG_NGDP,68,Percent of GDP,histórico ou estimativa; consultar WEO,World Economic Outlook (April 2026)
Brasil,BRA,2005,GGXWDG_NGDP,67,Percent of GDP,histórico ou estimativa; consultar WEO,World Economic Outlook (April 2026)
Brasil,BRA,2006,GGXWDG_NGDP,64.6,Percent of GDP,histórico ou estimativa; consultar WEO,World Economic Outlook (April 2026)
Brasil,BRA,2007,GGXWDG_NGDP,63,Percent of GDP,histórico ou estimativa; consultar WEO,World Economic Outlook (April 2026)
Brasil,BRA,2008,GGXWDG_NGDP,61.4,Percent of GDP,histórico ou estimativa; consultar WEO,World Economic Outlook (April 2026)
Brasil,BRA,2009,GGXWDG_NGDP,64.7,Percent of GDP,histórico ou estimativa; consultar WEO,World Economic Outlook (April 2026)
Brasil,BRA,2010,GGXWDG_NGDP,62.4,Percent of GDP,histórico ou estimativa; consultar WEO,World Economic Outlook (April 2026)
Brasil,BRA,2011,GGXWDG_NGDP,60.6,Percent of GDP,histórico ou estimativa; consultar WEO,World Economic Outlook (April 2026)
Brasil,BRA,2012,GGXWDG_NGDP,61.6,Percent of GDP,histórico ou estimativa; consultar WEO,World Economic Outlook (April 2026)
Brasil,BRA,2013,GGXWDG_NGDP,59.6,Percent of GDP,histórico ou estimativa; consultar WEO,World Economic Outlook (April 2026)
Brasil,BRA,2014,GGXWDG_NGDP,61.6,Percent of GDP,histórico ou estimativa; consultar WEO,World Economic Outlook (April 2026)
Brasil,BRA,2015,GGXWDG_NGDP,71.7,Percent of GDP,histórico ou estimativa; consultar WEO,World Economic Outlook (April 2026)
Brasil,BRA,2016,GGXWDG_NGDP,77.4,Percent of GDP,histórico ou estimativa; consultar WEO,World Economic Outlook (April 2026)
Brasil,BRA,2017,GGXWDG_NGDP,82.7,Percent of GDP,histórico ou estimativa; consultar WEO,World Economic Outlook (April 2026)
Brasil,BRA,2018,GGXWDG_NGDP,84.8,Percent of GDP,histórico ou estimativa; consultar WEO,World Economic Outlook (April 2026)
Brasil,BRA,2019,GGXWDG_NGDP,87.1,Percent of GDP,histórico ou estimativa; consultar WEO,World Economic Outlook (April 2026)
Brasil,BRA,2020,GGXWDG_NGDP,96,Percent of GDP,histórico ou estimativa; consultar WEO,World Economic Outlook (April 2026)
Brasil,BRA,2021,GGXWDG_NGDP,88.9,Percent of GDP,histórico ou estimativa; consultar WEO,World Economic Outlook (April 2026)
Brasil,BRA,2022,GGXWDG_NGDP,83.9,Percent of GDP,histórico ou estimativa; consultar WEO,World Economic Outlook (April 2026)
Brasil,BRA,2023,GGXWDG_NGDP,84,Percent of GDP,histórico ou estimativa; consultar WEO,World Economic Outlook (April 2026)
Brasil,BRA,2024,GGXWDG_NGDP,87,Percent of GDP,histórico ou estimativa; consultar WEO,World Economic Outlook (April 2026)
Brasil,BRA,2025,GGXWDG_NGDP,93.3,Percent of GDP,histórico ou estimativa; consultar WEO,World Economic Outlook (April 2026)
Brasil,BRA,2026,GGXWDG_NGDP,96.5,Percent of GDP,projeção,World Economic Outlook (April 2026)
Estados Unidos,USA,2000,GGXWDG_NGDP,,Percent of GDP,histórico ou estimativa; consultar WEO,World Economic Outlook (April 2026)
Estados Unidos,USA,2001,GGXWDG_NGDP,53.5,Percent of GDP,histórico ou estimativa; consultar WEO,World Economic Outlook (April 2026)
Estados Unidos,USA,2002,GGXWDG_NGDP,55.9,Percent of GDP,histórico ou estimativa; consultar WEO,World Economic Outlook (April 2026)
Estados Unidos,USA,2003,GGXWDG_NGDP,59,Percent of GDP,histórico ou estimativa; consultar WEO,World Economic Outlook (April 2026)
Estados Unidos,USA,2004,GGXWDG_NGDP,66.4,Percent of GDP,histórico ou estimativa; consultar WEO,World Economic Outlook (April 2026)
Estados Unidos,USA,2005,GGXWDG_NGDP,65.8,Percent of GDP,histórico ou estimativa; consultar WEO,World Economic Outlook (April 2026)
Estados Unidos,USA,2006,GGXWDG_NGDP,64.5,Percent of GDP,histórico ou estimativa; consultar WEO,World Economic Outlook (April 2026)
Estados Unidos,USA,2007,GGXWDG_NGDP,64.9,Percent of GDP,histórico ou estimativa; consultar WEO,World Economic Outlook (April 2026)
Estados Unidos,USA,2008,GGXWDG_NGDP,73.8,Percent of GDP,histórico ou estimativa; consultar WEO,World Economic Outlook (April 2026)
Estados Unidos,USA,2009,GGXWDG_NGDP,87.1,Percent of GDP,histórico ou estimativa; consultar WEO,World Economic Outlook (April 2026)
Estados Unidos,USA,2010,GGXWDG_NGDP,95.7,Percent of GDP,histórico ou estimativa; consultar WEO,World Economic Outlook (April 2026)
Estados Unidos,USA,2011,GGXWDG_NGDP,100,Percent of GDP,histórico ou estimativa; consultar WEO,World Economic Outlook (April 2026)
Estados Unidos,USA,2012,GGXWDG_NGDP,103.7,Percent of GDP,histórico ou estimativa; consultar WEO,World Economic Outlook (April 2026)
Estados Unidos,USA,2013,GGXWDG_NGDP,105,Percent of GDP,histórico ou estimativa; consultar WEO,World Economic Outlook (April 2026)
Estados Unidos,USA,2014,GGXWDG_NGDP,104.9,Percent of GDP,histórico ou estimativa; consultar WEO,World Economic Outlook (April 2026)
Estados Unidos,USA,2015,GGXWDG_NGDP,105.4,Percent of GDP,histórico ou estimativa; consultar WEO,World Economic Outlook (April 2026)
Estados Unidos,USA,2016,GGXWDG_NGDP,107.4,Percent of GDP,histórico ou estimativa; consultar WEO,World Economic Outlook (April 2026)
Estados Unidos,USA,2017,GGXWDG_NGDP,106.4,Percent of GDP,histórico ou estimativa; consultar WEO,World Economic Outlook (April 2026)
Estados Unidos,USA,2018,GGXWDG_NGDP,107.7,Percent of GDP,histórico ou estimativa; consultar WEO,World Economic Outlook (April 2026)
Estados Unidos,USA,2019,GGXWDG_NGDP,108.8,Percent of GDP,histórico ou estimativa; consultar WEO,World Economic Outlook (April 2026)
Estados Unidos,USA,2020,GGXWDG_NGDP,132.6,Percent of GDP,histórico ou estimativa; consultar WEO,World Economic Outlook (April 2026)
Estados Unidos,USA,2021,GGXWDG_NGDP,125,Percent of GDP,histórico ou estimativa; consultar WEO,World Economic Outlook (April 2026)
Estados Unidos,USA,2022,GGXWDG_NGDP,119.1,Percent of GDP,histórico ou estimativa; consultar WEO,World Economic Outlook (April 2026)
Estados Unidos,USA,2023,GGXWDG_NGDP,120,Percent of GDP,histórico ou estimativa; consultar WEO,World Economic Outlook (April 2026)
Estados Unidos,USA,2024,GGXWDG_NGDP,122.3,Percent of GDP,histórico ou estimativa; consultar WEO,World Economic Outlook (April 2026)
Estados Unidos,USA,2025,GGXWDG_NGDP,123.9,Percent of GDP,histórico ou estimativa; consultar WEO,World Economic Outlook (April 2026)
Estados Unidos,USA,2026,GGXWDG_NGDP,125.8,Percent of GDP,projeção,World Economic Outlook (April 2026)
Colômbia,COL,2000,GGXWDG_NGDP,38,Percent of GDP,histórico ou estimativa; consultar WEO,World Economic Outlook (April 2026)
Colômbia,COL,2001,GGXWDG_NGDP,41.1,Percent of GDP,histórico ou estimativa; consultar WEO,World Economic Outlook (April 2026)
Colômbia,COL,2002,GGXWDG_NGDP,47.5,Percent of GDP,histórico ou estimativa; consultar WEO,World Economic Outlook (April 2026)
Colômbia,COL,2003,GGXWDG_NGDP,45,Percent of GDP,histórico ou estimativa; consultar WEO,World Economic Outlook (April 2026)
Colômbia,COL,2004,GGXWDG_NGDP,41.5,Percent of GDP,histórico ou estimativa; consultar WEO,World Economic Outlook (April 2026)
Colômbia,COL,2005,GGXWDG_NGDP,38.5,Percent of GDP,histórico ou estimativa; consultar WEO,World Economic Outlook (April 2026)
Colômbia,COL,2006,GGXWDG_NGDP,36,Percent of GDP,histórico ou estimativa; consultar WEO,World Economic Outlook (April 2026)
Colômbia,COL,2007,GGXWDG_NGDP,32.7,Percent of GDP,histórico ou estimativa; consultar WEO,World Economic Outlook (April 2026)
Colômbia,COL,2008,GGXWDG_NGDP,32.4,Percent of GDP,histórico ou estimativa; consultar WEO,World Economic Outlook (April 2026)
Colômbia,COL,2009,GGXWDG_NGDP,35.4,Percent of GDP,histórico ou estimativa; consultar WEO,World Economic Outlook (April 2026)
Colômbia,COL,2010,GGXWDG_NGDP,36.5,Percent of GDP,histórico ou estimativa; consultar WEO,World Economic Outlook (April 2026)
Colômbia,COL,2011,GGXWDG_NGDP,35.8,Percent of GDP,histórico ou estimativa; consultar WEO,World Economic Outlook (April 2026)
Colômbia,COL,2012,GGXWDG_NGDP,34,Percent of GDP,histórico ou estimativa; consultar WEO,World Economic Outlook (April 2026)
Colômbia,COL,2013,GGXWDG_NGDP,37.6,Percent of GDP,histórico ou estimativa; consultar WEO,World Economic Outlook (April 2026)
Colômbia,COL,2014,GGXWDG_NGDP,43.3,Percent of GDP,histórico ou estimativa; consultar WEO,World Economic Outlook (April 2026)
Colômbia,COL,2015,GGXWDG_NGDP,50.4,Percent of GDP,histórico ou estimativa; consultar WEO,World Economic Outlook (April 2026)
Colômbia,COL,2016,GGXWDG_NGDP,49.9,Percent of GDP,histórico ou estimativa; consultar WEO,World Economic Outlook (April 2026)
Colômbia,COL,2017,GGXWDG_NGDP,49.4,Percent of GDP,histórico ou estimativa; consultar WEO,World Economic Outlook (April 2026)
Colômbia,COL,2018,GGXWDG_NGDP,51.8,Percent of GDP,histórico ou estimativa; consultar WEO,World Economic Outlook (April 2026)
Colômbia,COL,2019,GGXWDG_NGDP,51,Percent of GDP,histórico ou estimativa; consultar WEO,World Economic Outlook (April 2026)
Colômbia,COL,2020,GGXWDG_NGDP,65.3,Percent of GDP,histórico ou estimativa; consultar WEO,World Economic Outlook (April 2026)
Colômbia,COL,2021,GGXWDG_NGDP,64.4,Percent of GDP,histórico ou estimativa; consultar WEO,World Economic Outlook (April 2026)
Colômbia,COL,2022,GGXWDG_NGDP,61.3,Percent of GDP,histórico ou estimativa; consultar WEO,World Economic Outlook (April 2026)
Colômbia,COL,2023,GGXWDG_NGDP,55.4,Percent of GDP,histórico ou estimativa; consultar WEO,World Economic Outlook (April 2026)
Colômbia,COL,2024,GGXWDG_NGDP,61,Percent of GDP,histórico ou estimativa; consultar WEO,World Economic Outlook (April 2026)
Colômbia,COL,2025,GGXWDG_NGDP,59.9,Percent of GDP,histórico ou estimativa; consultar WEO,World Economic Outlook (April 2026)
Colômbia,COL,2026,GGXWDG_NGDP,60.9,Percent of GDP,projeção,World Economic Outlook (April 2026)
Argentina,ARG,2000,GGXWDG_NGDP,40.8,Percent of GDP,histórico ou estimativa; consultar WEO,World Economic Outlook (April 2026)
Argentina,ARG,2001,GGXWDG_NGDP,48,Percent of GDP,histórico ou estimativa; consultar WEO,World Economic Outlook (April 2026)
Argentina,ARG,2002,GGXWDG_NGDP,147.2,Percent of GDP,histórico ou estimativa; consultar WEO,World Economic Outlook (April 2026)
Argentina,ARG,2003,GGXWDG_NGDP,125.2,Percent of GDP,histórico ou estimativa; consultar WEO,World Economic Outlook (April 2026)
Argentina,ARG,2004,GGXWDG_NGDP,117.9,Percent of GDP,histórico ou estimativa; consultar WEO,World Economic Outlook (April 2026)
Argentina,ARG,2005,GGXWDG_NGDP,80.3,Percent of GDP,histórico ou estimativa; consultar WEO,World Economic Outlook (April 2026)
Argentina,ARG,2006,GGXWDG_NGDP,70.8,Percent of GDP,histórico ou estimativa; consultar WEO,World Economic Outlook (April 2026)
Argentina,ARG,2007,GGXWDG_NGDP,62.1,Percent of GDP,histórico ou estimativa; consultar WEO,World Economic Outlook (April 2026)
Argentina,ARG,2008,GGXWDG_NGDP,53.8,Percent of GDP,histórico ou estimativa; consultar WEO,World Economic Outlook (April 2026)
Argentina,ARG,2009,GGXWDG_NGDP,55.4,Percent of GDP,histórico ou estimativa; consultar WEO,World Economic Outlook (April 2026)
Argentina,ARG,2010,GGXWDG_NGDP,43.5,Percent of GDP,histórico ou estimativa; consultar WEO,World Economic Outlook (April 2026)
Argentina,ARG,2011,GGXWDG_NGDP,38.9,Percent of GDP,histórico ou estimativa; consultar WEO,World Economic Outlook (April 2026)
Argentina,ARG,2012,GGXWDG_NGDP,40.4,Percent of GDP,histórico ou estimativa; consultar WEO,World Economic Outlook (April 2026)
Argentina,ARG,2013,GGXWDG_NGDP,43.5,Percent of GDP,histórico ou estimativa; consultar WEO,World Economic Outlook (April 2026)
Argentina,ARG,2014,GGXWDG_NGDP,44.7,Percent of GDP,histórico ou estimativa; consultar WEO,World Economic Outlook (April 2026)
Argentina,ARG,2015,GGXWDG_NGDP,52.6,Percent of GDP,histórico ou estimativa; consultar WEO,World Economic Outlook (April 2026)
Argentina,ARG,2016,GGXWDG_NGDP,53.1,Percent of GDP,histórico ou estimativa; consultar WEO,World Economic Outlook (April 2026)
Argentina,ARG,2017,GGXWDG_NGDP,57,Percent of GDP,histórico ou estimativa; consultar WEO,World Economic Outlook (April 2026)
Argentina,ARG,2018,GGXWDG_NGDP,85.2,Percent of GDP,histórico ou estimativa; consultar WEO,World Economic Outlook (April 2026)
Argentina,ARG,2019,GGXWDG_NGDP,89.8,Percent of GDP,histórico ou estimativa; consultar WEO,World Economic Outlook (April 2026)
Argentina,ARG,2020,GGXWDG_NGDP,103.8,Percent of GDP,histórico ou estimativa; consultar WEO,World Economic Outlook (April 2026)
Argentina,ARG,2021,GGXWDG_NGDP,81,Percent of GDP,histórico ou estimativa; consultar WEO,World Economic Outlook (April 2026)
Argentina,ARG,2022,GGXWDG_NGDP,84.3,Percent of GDP,histórico ou estimativa; consultar WEO,World Economic Outlook (April 2026)
Argentina,ARG,2023,GGXWDG_NGDP,154.6,Percent of GDP,histórico ou estimativa; consultar WEO,World Economic Outlook (April 2026)
Argentina,ARG,2024,GGXWDG_NGDP,84.7,Percent of GDP,histórico ou estimativa; consultar WEO,World Economic Outlook (April 2026)
Argentina,ARG,2025,GGXWDG_NGDP,80.3,Percent of GDP,histórico ou estimativa; consultar WEO,World Economic Outlook (April 2026)
Argentina,ARG,2026,GGXWDG_NGDP,70.4,Percent of GDP,projeção,World Economic Outlook (April 2026)
Chile,CHL,2000,GGXWDG_NGDP,13.1,Percent of GDP,histórico ou estimativa; consultar WEO,World Economic Outlook (April 2026)
Chile,CHL,2001,GGXWDG_NGDP,14.3,Percent of GDP,histórico ou estimativa; consultar WEO,World Economic Outlook (April 2026)
Chile,CHL,2002,GGXWDG_NGDP,15,Percent of GDP,histórico ou estimativa; consultar WEO,World Economic Outlook (April 2026)
Chile,CHL,2003,GGXWDG_NGDP,12.6,Percent of GDP,histórico ou estimativa; consultar WEO,World Economic Outlook (April 2026)
Chile,CHL,2004,GGXWDG_NGDP,10.3,Percent of GDP,histórico ou estimativa; consultar WEO,World Economic Outlook (April 2026)
Chile,CHL,2005,GGXWDG_NGDP,7,Percent of GDP,histórico ou estimativa; consultar WEO,World Economic Outlook (April 2026)
Chile,CHL,2006,GGXWDG_NGDP,5,Percent of GDP,histórico ou estimativa; consultar WEO,World Economic Outlook (April 2026)
Chile,CHL,2007,GGXWDG_NGDP,3.9,Percent of GDP,histórico ou estimativa; consultar WEO,World Economic Outlook (April 2026)
Chile,CHL,2008,GGXWDG_NGDP,4.9,Percent of GDP,histórico ou estimativa; consultar WEO,World Economic Outlook (April 2026)
Chile,CHL,2009,GGXWDG_NGDP,5.8,Percent of GDP,histórico ou estimativa; consultar WEO,World Economic Outlook (April 2026)
Chile,CHL,2010,GGXWDG_NGDP,8.6,Percent of GDP,histórico ou estimativa; consultar WEO,World Economic Outlook (April 2026)
Chile,CHL,2011,GGXWDG_NGDP,11.1,Percent of GDP,histórico ou estimativa; consultar WEO,World Economic Outlook (April 2026)
Chile,CHL,2012,GGXWDG_NGDP,11.9,Percent of GDP,histórico ou estimativa; consultar WEO,World Economic Outlook (April 2026)
Chile,CHL,2013,GGXWDG_NGDP,12.8,Percent of GDP,histórico ou estimativa; consultar WEO,World Economic Outlook (April 2026)
Chile,CHL,2014,GGXWDG_NGDP,15,Percent of GDP,histórico ou estimativa; consultar WEO,World Economic Outlook (April 2026)
Chile,CHL,2015,GGXWDG_NGDP,17.4,Percent of GDP,histórico ou estimativa; consultar WEO,World Economic Outlook (April 2026)
Chile,CHL,2016,GGXWDG_NGDP,21.1,Percent of GDP,histórico ou estimativa; consultar WEO,World Economic Outlook (April 2026)
Chile,CHL,2017,GGXWDG_NGDP,23.7,Percent of GDP,histórico ou estimativa; consultar WEO,World Economic Outlook (April 2026)
Chile,CHL,2018,GGXWDG_NGDP,25.8,Percent of GDP,histórico ou estimativa; consultar WEO,World Economic Outlook (April 2026)
Chile,CHL,2019,GGXWDG_NGDP,28.3,Percent of GDP,histórico ou estimativa; consultar WEO,World Economic Outlook (April 2026)
Chile,CHL,2020,GGXWDG_NGDP,32.4,Percent of GDP,histórico ou estimativa; consultar WEO,World Economic Outlook (April 2026)
Chile,CHL,2021,GGXWDG_NGDP,36.4,Percent of GDP,histórico ou estimativa; consultar WEO,World Economic Outlook (April 2026)
Chile,CHL,2022,GGXWDG_NGDP,37.9,Percent of GDP,histórico ou estimativa; consultar WEO,World Economic Outlook (April 2026)
Chile,CHL,2023,GGXWDG_NGDP,39.4,Percent of GDP,histórico ou estimativa; consultar WEO,World Economic Outlook (April 2026)
Chile,CHL,2024,GGXWDG_NGDP,41.7,Percent of GDP,histórico ou estimativa; consultar WEO,World Economic Outlook (April 2026)
Chile,CHL,2025,GGXWDG_NGDP,41.8,Percent of GDP,histórico ou estimativa; consultar WEO,World Economic Outlook (April 2026)
Chile,CHL,2026,GGXWDG_NGDP,42.5,Percent of GDP,projeção,World Economic Outlook (April 2026)
México,MEX,2000,GGXWDG_NGDP,38.5,Percent of GDP,histórico ou estimativa; consultar WEO,World Economic Outlook (April 2026)
México,MEX,2001,GGXWDG_NGDP,37.3,Percent of GDP,histórico ou estimativa; consultar WEO,World Economic Outlook (April 2026)
México,MEX,2002,GGXWDG_NGDP,39.9,Percent of GDP,histórico ou estimativa; consultar WEO,World Economic Outlook (April 2026)
México,MEX,2003,GGXWDG_NGDP,42.1,Percent of GDP,histórico ou estimativa; consultar WEO,World Economic Outlook (April 2026)
México,MEX,2004,GGXWDG_NGDP,38.9,Percent of GDP,histórico ou estimativa; consultar WEO,World Economic Outlook (April 2026)
México,MEX,2005,GGXWDG_NGDP,36.8,Percent of GDP,histórico ou estimativa; consultar WEO,World Economic Outlook (April 2026)
México,MEX,2006,GGXWDG_NGDP,35.8,Percent of GDP,histórico ou estimativa; consultar WEO,World Economic Outlook (April 2026)
México,MEX,2007,GGXWDG_NGDP,35.5,Percent of GDP,histórico ou estimativa; consultar WEO,World Economic Outlook (April 2026)
México,MEX,2008,GGXWDG_NGDP,40.6,Percent of GDP,histórico ou estimativa; consultar WEO,World Economic Outlook (April 2026)
México,MEX,2009,GGXWDG_NGDP,41.7,Percent of GDP,histórico ou estimativa; consultar WEO,World Economic Outlook (April 2026)
México,MEX,2010,GGXWDG_NGDP,40.2,Percent of GDP,histórico ou estimativa; consultar WEO,World Economic Outlook (April 2026)
México,MEX,2011,GGXWDG_NGDP,41.2,Percent of GDP,histórico ou estimativa; consultar WEO,World Economic Outlook (April 2026)
México,MEX,2012,GGXWDG_NGDP,40.8,Percent of GDP,histórico ou estimativa; consultar WEO,World Economic Outlook (April 2026)
México,MEX,2013,GGXWDG_NGDP,44.1,Percent of GDP,histórico ou estimativa; consultar WEO,World Economic Outlook (April 2026)
México,MEX,2014,GGXWDG_NGDP,47.1,Percent of GDP,histórico ou estimativa; consultar WEO,World Economic Outlook (April 2026)
México,MEX,2015,GGXWDG_NGDP,51,Percent of GDP,histórico ou estimativa; consultar WEO,World Economic Outlook (April 2026)
México,MEX,2016,GGXWDG_NGDP,55,Percent of GDP,histórico ou estimativa; consultar WEO,World Economic Outlook (April 2026)
México,MEX,2017,GGXWDG_NGDP,52.5,Percent of GDP,histórico ou estimativa; consultar WEO,World Economic Outlook (April 2026)
México,MEX,2018,GGXWDG_NGDP,52.2,Percent of GDP,histórico ou estimativa; consultar WEO,World Economic Outlook (April 2026)
México,MEX,2019,GGXWDG_NGDP,51.9,Percent of GDP,histórico ou estimativa; consultar WEO,World Economic Outlook (April 2026)
México,MEX,2020,GGXWDG_NGDP,58.5,Percent of GDP,histórico ou estimativa; consultar WEO,World Economic Outlook (April 2026)
México,MEX,2021,GGXWDG_NGDP,56.7,Percent of GDP,histórico ou estimativa; consultar WEO,World Economic Outlook (April 2026)
México,MEX,2022,GGXWDG_NGDP,53.8,Percent of GDP,histórico ou estimativa; consultar WEO,World Economic Outlook (April 2026)
México,MEX,2023,GGXWDG_NGDP,52.8,Percent of GDP,histórico ou estimativa; consultar WEO,World Economic Outlook (April 2026)
México,MEX,2024,GGXWDG_NGDP,59.1,Percent of GDP,histórico ou estimativa; consultar WEO,World Economic Outlook (April 2026)
México,MEX,2025,GGXWDG_NGDP,61.8,Percent of GDP,histórico ou estimativa; consultar WEO,World Economic Outlook (April 2026)
México,MEX,2026,GGXWDG_NGDP,62.7,Percent of GDP,projeção,World Economic Outlook (April 2026)
Peru,PER,2000,GGXWDG_NGDP,44.9,Percent of GDP,histórico ou estimativa; consultar WEO,World Economic Outlook (April 2026)
Peru,PER,2001,GGXWDG_NGDP,43.8,Percent of GDP,histórico ou estimativa; consultar WEO,World Economic Outlook (April 2026)
Peru,PER,2002,GGXWDG_NGDP,45.5,Percent of GDP,histórico ou estimativa; consultar WEO,World Economic Outlook (April 2026)
Peru,PER,2003,GGXWDG_NGDP,49.4,Percent of GDP,histórico ou estimativa; consultar WEO,World Economic Outlook (April 2026)
Peru,PER,2004,GGXWDG_NGDP,46.7,Percent of GDP,histórico ou estimativa; consultar WEO,World Economic Outlook (April 2026)
Peru,PER,2005,GGXWDG_NGDP,40.4,Percent of GDP,histórico ou estimativa; consultar WEO,World Economic Outlook (April 2026)
Peru,PER,2006,GGXWDG_NGDP,34.9,Percent of GDP,histórico ou estimativa; consultar WEO,World Economic Outlook (April 2026)
Peru,PER,2007,GGXWDG_NGDP,31.9,Percent of GDP,histórico ou estimativa; consultar WEO,World Economic Outlook (April 2026)
Peru,PER,2008,GGXWDG_NGDP,28.1,Percent of GDP,histórico ou estimativa; consultar WEO,World Economic Outlook (April 2026)
Peru,PER,2009,GGXWDG_NGDP,28.2,Percent of GDP,histórico ou estimativa; consultar WEO,World Economic Outlook (April 2026)
Peru,PER,2010,GGXWDG_NGDP,25.1,Percent of GDP,histórico ou estimativa; consultar WEO,World Economic Outlook (April 2026)
Peru,PER,2011,GGXWDG_NGDP,23.1,Percent of GDP,histórico ou estimativa; consultar WEO,World Economic Outlook (April 2026)
Peru,PER,2012,GGXWDG_NGDP,20.7,Percent of GDP,histórico ou estimativa; consultar WEO,World Economic Outlook (April 2026)
Peru,PER,2013,GGXWDG_NGDP,19.9,Percent of GDP,histórico ou estimativa; consultar WEO,World Economic Outlook (April 2026)
Peru,PER,2014,GGXWDG_NGDP,20.5,Percent of GDP,histórico ou estimativa; consultar WEO,World Economic Outlook (April 2026)
Peru,PER,2015,GGXWDG_NGDP,23.7,Percent of GDP,histórico ou estimativa; consultar WEO,World Economic Outlook (April 2026)
Peru,PER,2016,GGXWDG_NGDP,23.9,Percent of GDP,histórico ou estimativa; consultar WEO,World Economic Outlook (April 2026)
Peru,PER,2017,GGXWDG_NGDP,24.8,Percent of GDP,histórico ou estimativa; consultar WEO,World Economic Outlook (April 2026)
Peru,PER,2018,GGXWDG_NGDP,25.7,Percent of GDP,histórico ou estimativa; consultar WEO,World Economic Outlook (April 2026)
Peru,PER,2019,GGXWDG_NGDP,26.5,Percent of GDP,histórico ou estimativa; consultar WEO,World Economic Outlook (April 2026)
Peru,PER,2020,GGXWDG_NGDP,34.3,Percent of GDP,histórico ou estimativa; consultar WEO,World Economic Outlook (April 2026)
Peru,PER,2021,GGXWDG_NGDP,35.5,Percent of GDP,histórico ou estimativa; consultar WEO,World Economic Outlook (April 2026)
Peru,PER,2022,GGXWDG_NGDP,33.5,Percent of GDP,histórico ou estimativa; consultar WEO,World Economic Outlook (April 2026)
Peru,PER,2023,GGXWDG_NGDP,32.4,Percent of GDP,histórico ou estimativa; consultar WEO,World Economic Outlook (April 2026)
Peru,PER,2024,GGXWDG_NGDP,32.1,Percent of GDP,histórico ou estimativa; consultar WEO,World Economic Outlook (April 2026)
Peru,PER,2025,GGXWDG_NGDP,30.2,Percent of GDP,histórico ou estimativa; consultar WEO,World Economic Outlook (April 2026)
Peru,PER,2026,GGXWDG_NGDP,30,Percent of GDP,projeção,World Economic Outlook (April 2026)
Uruguai,URY,2000,GGXWDG_NGDP,30.5,Percent of GDP,histórico ou estimativa; consultar WEO,World Economic Outlook (April 2026)
Uruguai,URY,2001,GGXWDG_NGDP,39.4,Percent of GDP,histórico ou estimativa; consultar WEO,World Economic Outlook (April 2026)
Uruguai,URY,2002,GGXWDG_NGDP,90.1,Percent of GDP,histórico ou estimativa; consultar WEO,World Economic Outlook (April 2026)
Uruguai,URY,2003,GGXWDG_NGDP,91.9,Percent of GDP,histórico ou estimativa; consultar WEO,World Economic Outlook (April 2026)
Uruguai,URY,2004,GGXWDG_NGDP,73.7,Percent of GDP,histórico ou estimativa; consultar WEO,World Economic Outlook (April 2026)
Uruguai,URY,2005,GGXWDG_NGDP,66.2,Percent of GDP,histórico ou estimativa; consultar WEO,World Economic Outlook (April 2026)
Uruguai,URY,2006,GGXWDG_NGDP,61.1,Percent of GDP,histórico ou estimativa; consultar WEO,World Economic Outlook (April 2026)
Uruguai,URY,2007,GGXWDG_NGDP,52.8,Percent of GDP,histórico ou estimativa; consultar WEO,World Economic Outlook (April 2026)
Uruguai,URY,2008,GGXWDG_NGDP,46.2,Percent of GDP,histórico ou estimativa; consultar WEO,World Economic Outlook (April 2026)
Uruguai,URY,2009,GGXWDG_NGDP,46.2,Percent of GDP,histórico ou estimativa; consultar WEO,World Economic Outlook (April 2026)
Uruguai,URY,2010,GGXWDG_NGDP,40.9,Percent of GDP,histórico ou estimativa; consultar WEO,World Economic Outlook (April 2026)
Uruguai,URY,2011,GGXWDG_NGDP,41.3,Percent of GDP,histórico ou estimativa; consultar WEO,World Economic Outlook (April 2026)
Uruguai,URY,2012,GGXWDG_NGDP,49.8,Percent of GDP,histórico ou estimativa; consultar WEO,World Economic Outlook (April 2026)
Uruguai,URY,2013,GGXWDG_NGDP,50,Percent of GDP,histórico ou estimativa; consultar WEO,World Economic Outlook (April 2026)
Uruguai,URY,2014,GGXWDG_NGDP,51.1,Percent of GDP,histórico ou estimativa; consultar WEO,World Economic Outlook (April 2026)
Uruguai,URY,2015,GGXWDG_NGDP,57.8,Percent of GDP,histórico ou estimativa; consultar WEO,World Economic Outlook (April 2026)
Uruguai,URY,2016,GGXWDG_NGDP,56.4,Percent of GDP,histórico ou estimativa; consultar WEO,World Economic Outlook (April 2026)
Uruguai,URY,2017,GGXWDG_NGDP,55.8,Percent of GDP,histórico ou estimativa; consultar WEO,World Economic Outlook (April 2026)
Uruguai,URY,2018,GGXWDG_NGDP,57.9,Percent of GDP,histórico ou estimativa; consultar WEO,World Economic Outlook (April 2026)
Uruguai,URY,2019,GGXWDG_NGDP,59.6,Percent of GDP,histórico ou estimativa; consultar WEO,World Economic Outlook (April 2026)
Uruguai,URY,2020,GGXWDG_NGDP,68.2,Percent of GDP,histórico ou estimativa; consultar WEO,World Economic Outlook (April 2026)
Uruguai,URY,2021,GGXWDG_NGDP,64.1,Percent of GDP,histórico ou estimativa; consultar WEO,World Economic Outlook (April 2026)
Uruguai,URY,2022,GGXWDG_NGDP,59.4,Percent of GDP,histórico ou estimativa; consultar WEO,World Economic Outlook (April 2026)
Uruguai,URY,2023,GGXWDG_NGDP,63,Percent of GDP,histórico ou estimativa; consultar WEO,World Economic Outlook (April 2026)
Uruguai,URY,2024,GGXWDG_NGDP,67.6,Percent of GDP,histórico ou estimativa; consultar WEO,World Economic Outlook (April 2026)
Uruguai,URY,2025,GGXWDG_NGDP,65.7,Percent of GDP,histórico ou estimativa; consultar WEO,World Economic Outlook (April 2026)
Uruguai,URY,2026,GGXWDG_NGDP,66.8,Percent of GDP,projeção,World Economic Outlook (April 2026)
Canadá,CAN,2000,GGXWDG_NGDP,80.4,Percent of GDP,histórico ou estimativa; consultar WEO,World Economic Outlook (April 2026)
Canadá,CAN,2001,GGXWDG_NGDP,81.5,Percent of GDP,histórico ou estimativa; consultar WEO,World Economic Outlook (April 2026)
Canadá,CAN,2002,GGXWDG_NGDP,79.6,Percent of GDP,histórico ou estimativa; consultar WEO,World Economic Outlook (April 2026)
Canadá,CAN,2003,GGXWDG_NGDP,75.9,Percent of GDP,histórico ou estimativa; consultar WEO,World Economic Outlook (April 2026)
Canadá,CAN,2004,GGXWDG_NGDP,71.9,Percent of GDP,histórico ou estimativa; consultar WEO,World Economic Outlook (April 2026)
Canadá,CAN,2005,GGXWDG_NGDP,70.6,Percent of GDP,histórico ou estimativa; consultar WEO,World Economic Outlook (April 2026)
Canadá,CAN,2006,GGXWDG_NGDP,69.9,Percent of GDP,histórico ou estimativa; consultar WEO,World Economic Outlook (April 2026)
Canadá,CAN,2007,GGXWDG_NGDP,67.2,Percent of GDP,histórico ou estimativa; consultar WEO,World Economic Outlook (April 2026)
Canadá,CAN,2008,GGXWDG_NGDP,70.4,Percent of GDP,histórico ou estimativa; consultar WEO,World Economic Outlook (April 2026)
Canadá,CAN,2009,GGXWDG_NGDP,81.8,Percent of GDP,histórico ou estimativa; consultar WEO,World Economic Outlook (April 2026)
Canadá,CAN,2010,GGXWDG_NGDP,84,Percent of GDP,histórico ou estimativa; consultar WEO,World Economic Outlook (April 2026)
Canadá,CAN,2011,GGXWDG_NGDP,84.3,Percent of GDP,histórico ou estimativa; consultar WEO,World Economic Outlook (April 2026)
Canadá,CAN,2012,GGXWDG_NGDP,87,Percent of GDP,histórico ou estimativa; consultar WEO,World Economic Outlook (April 2026)
Canadá,CAN,2013,GGXWDG_NGDP,87.7,Percent of GDP,histórico ou estimativa; consultar WEO,World Economic Outlook (April 2026)
Canadá,CAN,2014,GGXWDG_NGDP,85.8,Percent of GDP,histórico ou estimativa; consultar WEO,World Economic Outlook (April 2026)
Canadá,CAN,2015,GGXWDG_NGDP,92.3,Percent of GDP,histórico ou estimativa; consultar WEO,World Economic Outlook (April 2026)
Canadá,CAN,2016,GGXWDG_NGDP,92.5,Percent of GDP,histórico ou estimativa; consultar WEO,World Economic Outlook (April 2026)
Canadá,CAN,2017,GGXWDG_NGDP,91,Percent of GDP,histórico ou estimativa; consultar WEO,World Economic Outlook (April 2026)
Canadá,CAN,2018,GGXWDG_NGDP,90.8,Percent of GDP,histórico ou estimativa; consultar WEO,World Economic Outlook (April 2026)
Canadá,CAN,2019,GGXWDG_NGDP,90.1,Percent of GDP,histórico ou estimativa; consultar WEO,World Economic Outlook (April 2026)
Canadá,CAN,2020,GGXWDG_NGDP,118.1,Percent of GDP,histórico ou estimativa; consultar WEO,World Economic Outlook (April 2026)
Canadá,CAN,2021,GGXWDG_NGDP,112.6,Percent of GDP,histórico ou estimativa; consultar WEO,World Economic Outlook (April 2026)
Canadá,CAN,2022,GGXWDG_NGDP,103.5,Percent of GDP,histórico ou estimativa; consultar WEO,World Economic Outlook (April 2026)
Canadá,CAN,2023,GGXWDG_NGDP,105.1,Percent of GDP,histórico ou estimativa; consultar WEO,World Economic Outlook (April 2026)
Canadá,CAN,2024,GGXWDG_NGDP,110,Percent of GDP,histórico ou estimativa; consultar WEO,World Economic Outlook (April 2026)
Canadá,CAN,2025,GGXWDG_NGDP,113.5,Percent of GDP,histórico ou estimativa; consultar WEO,World Economic Outlook (April 2026)
Canadá,CAN,2026,GGXWDG_NGDP,110.7,Percent of GDP,projeção,World Economic Outlook (April 2026)
Reino Unido,GBR,2000,GGXWDG_NGDP,37.5,Percent of GDP,histórico ou estimativa; consultar WEO,World Economic Outlook (April 2026)
Reino Unido,GBR,2001,GGXWDG_NGDP,34.8,Percent of GDP,histórico ou estimativa; consultar WEO,World Economic Outlook (April 2026)
Reino Unido,GBR,2002,GGXWDG_NGDP,35.3,Percent of GDP,histórico ou estimativa; consultar WEO,World Economic Outlook (April 2026)
Reino Unido,GBR,2003,GGXWDG_NGDP,36.6,Percent of GDP,histórico ou estimativa; consultar WEO,World Economic Outlook (April 2026)
Reino Unido,GBR,2004,GGXWDG_NGDP,39.7,Percent of GDP,histórico ou estimativa; consultar WEO,World Economic Outlook (April 2026)
Reino Unido,GBR,2005,GGXWDG_NGDP,40.9,Percent of GDP,histórico ou estimativa; consultar WEO,World Economic Outlook (April 2026)
Reino Unido,GBR,2006,GGXWDG_NGDP,41.9,Percent of GDP,histórico ou estimativa; consultar WEO,World Economic Outlook (April 2026)
Reino Unido,GBR,2007,GGXWDG_NGDP,43,Percent of GDP,histórico ou estimativa; consultar WEO,World Economic Outlook (April 2026)
Reino Unido,GBR,2008,GGXWDG_NGDP,50.6,Percent of GDP,histórico ou estimativa; consultar WEO,World Economic Outlook (April 2026)
Reino Unido,GBR,2009,GGXWDG_NGDP,64.5,Percent of GDP,histórico ou estimativa; consultar WEO,World Economic Outlook (April 2026)
Reino Unido,GBR,2010,GGXWDG_NGDP,75.5,Percent of GDP,histórico ou estimativa; consultar WEO,World Economic Outlook (April 2026)
Reino Unido,GBR,2011,GGXWDG_NGDP,81.1,Percent of GDP,histórico ou estimativa; consultar WEO,World Economic Outlook (April 2026)
Reino Unido,GBR,2012,GGXWDG_NGDP,84.1,Percent of GDP,histórico ou estimativa; consultar WEO,World Economic Outlook (April 2026)
Reino Unido,GBR,2013,GGXWDG_NGDP,84.9,Percent of GDP,histórico ou estimativa; consultar WEO,World Economic Outlook (April 2026)
Reino Unido,GBR,2014,GGXWDG_NGDP,86.5,Percent of GDP,histórico ou estimativa; consultar WEO,World Economic Outlook (April 2026)
Reino Unido,GBR,2015,GGXWDG_NGDP,87.3,Percent of GDP,histórico ou estimativa; consultar WEO,World Economic Outlook (April 2026)
Reino Unido,GBR,2016,GGXWDG_NGDP,87.3,Percent of GDP,histórico ou estimativa; consultar WEO,World Economic Outlook (April 2026)
Reino Unido,GBR,2017,GGXWDG_NGDP,86.1,Percent of GDP,histórico ou estimativa; consultar WEO,World Economic Outlook (April 2026)
Reino Unido,GBR,2018,GGXWDG_NGDP,85.6,Percent of GDP,histórico ou estimativa; consultar WEO,World Economic Outlook (April 2026)
Reino Unido,GBR,2019,GGXWDG_NGDP,84.9,Percent of GDP,histórico ou estimativa; consultar WEO,World Economic Outlook (April 2026)
Reino Unido,GBR,2020,GGXWDG_NGDP,104.8,Percent of GDP,histórico ou estimativa; consultar WEO,World Economic Outlook (April 2026)
Reino Unido,GBR,2021,GGXWDG_NGDP,103.4,Percent of GDP,histórico ou estimativa; consultar WEO,World Economic Outlook (April 2026)
Reino Unido,GBR,2022,GGXWDG_NGDP,97.5,Percent of GDP,histórico ou estimativa; consultar WEO,World Economic Outlook (April 2026)
Reino Unido,GBR,2023,GGXWDG_NGDP,98.9,Percent of GDP,histórico ou estimativa; consultar WEO,World Economic Outlook (April 2026)
Reino Unido,GBR,2024,GGXWDG_NGDP,99.9,Percent of GDP,histórico ou estimativa; consultar WEO,World Economic Outlook (April 2026)
Reino Unido,GBR,2025,GGXWDG_NGDP,102.3,Percent of GDP,histórico ou estimativa; consultar WEO,World Economic Outlook (April 2026)
Reino Unido,GBR,2026,GGXWDG_NGDP,103.6,Percent of GDP,projeção,World Economic Outlook (April 2026)
Alemanha,DEU,2000,GGXWDG_NGDP,59.2,Percent of GDP,histórico ou estimativa; consultar WEO,World Economic Outlook (April 2026)
Alemanha,DEU,2001,GGXWDG_NGDP,58.1,Percent of GDP,histórico ou estimativa; consultar WEO,World Economic Outlook (April 2026)
Alemanha,DEU,2002,GGXWDG_NGDP,59.8,Percent of GDP,histórico ou estimativa; consultar WEO,World Economic Outlook (April 2026)
Alemanha,DEU,2003,GGXWDG_NGDP,63.3,Percent of GDP,histórico ou estimativa; consultar WEO,World Economic Outlook (April 2026)
Alemanha,DEU,2004,GGXWDG_NGDP,65,Percent of GDP,histórico ou estimativa; consultar WEO,World Economic Outlook (April 2026)
Alemanha,DEU,2005,GGXWDG_NGDP,67.1,Percent of GDP,histórico ou estimativa; consultar WEO,World Economic Outlook (April 2026)
Alemanha,DEU,2006,GGXWDG_NGDP,66.4,Percent of GDP,histórico ou estimativa; consultar WEO,World Economic Outlook (April 2026)
Alemanha,DEU,2007,GGXWDG_NGDP,63.7,Percent of GDP,histórico ou estimativa; consultar WEO,World Economic Outlook (April 2026)
Alemanha,DEU,2008,GGXWDG_NGDP,65.2,Percent of GDP,histórico ou estimativa; consultar WEO,World Economic Outlook (April 2026)
Alemanha,DEU,2009,GGXWDG_NGDP,72.4,Percent of GDP,histórico ou estimativa; consultar WEO,World Economic Outlook (April 2026)
Alemanha,DEU,2010,GGXWDG_NGDP,81,Percent of GDP,histórico ou estimativa; consultar WEO,World Economic Outlook (April 2026)
Alemanha,DEU,2011,GGXWDG_NGDP,78.5,Percent of GDP,histórico ou estimativa; consultar WEO,World Economic Outlook (April 2026)
Alemanha,DEU,2012,GGXWDG_NGDP,79.8,Percent of GDP,histórico ou estimativa; consultar WEO,World Economic Outlook (April 2026)
Alemanha,DEU,2013,GGXWDG_NGDP,77.5,Percent of GDP,histórico ou estimativa; consultar WEO,World Economic Outlook (April 2026)
Alemanha,DEU,2014,GGXWDG_NGDP,74.5,Percent of GDP,histórico ou estimativa; consultar WEO,World Economic Outlook (April 2026)
Alemanha,DEU,2015,GGXWDG_NGDP,71.2,Percent of GDP,histórico ou estimativa; consultar WEO,World Economic Outlook (April 2026)
Alemanha,DEU,2016,GGXWDG_NGDP,68.3,Percent of GDP,histórico ou estimativa; consultar WEO,World Economic Outlook (April 2026)
Alemanha,DEU,2017,GGXWDG_NGDP,64,Percent of GDP,histórico ou estimativa; consultar WEO,World Economic Outlook (April 2026)
Alemanha,DEU,2018,GGXWDG_NGDP,60.8,Percent of GDP,histórico ou estimativa; consultar WEO,World Economic Outlook (April 2026)
Alemanha,DEU,2019,GGXWDG_NGDP,58.7,Percent of GDP,histórico ou estimativa; consultar WEO,World Economic Outlook (April 2026)
Alemanha,DEU,2020,GGXWDG_NGDP,68,Percent of GDP,histórico ou estimativa; consultar WEO,World Economic Outlook (April 2026)
Alemanha,DEU,2021,GGXWDG_NGDP,67.9,Percent of GDP,histórico ou estimativa; consultar WEO,World Economic Outlook (April 2026)
Alemanha,DEU,2022,GGXWDG_NGDP,64.4,Percent of GDP,histórico ou estimativa; consultar WEO,World Economic Outlook (April 2026)
Alemanha,DEU,2023,GGXWDG_NGDP,62.3,Percent of GDP,histórico ou estimativa; consultar WEO,World Economic Outlook (April 2026)
Alemanha,DEU,2024,GGXWDG_NGDP,62.2,Percent of GDP,histórico ou estimativa; consultar WEO,World Economic Outlook (April 2026)
Alemanha,DEU,2025,GGXWDG_NGDP,62.9,Percent of GDP,histórico ou estimativa; consultar WEO,World Economic Outlook (April 2026)
Alemanha,DEU,2026,GGXWDG_NGDP,64.6,Percent of GDP,projeção,World Economic Outlook (April 2026)
França,FRA,2000,GGXWDG_NGDP,59.7,Percent of GDP,histórico ou estimativa; consultar WEO,World Economic Outlook (April 2026)
França,FRA,2001,GGXWDG_NGDP,59.3,Percent of GDP,histórico ou estimativa; consultar WEO,World Economic Outlook (April 2026)
França,FRA,2002,GGXWDG_NGDP,61.3,Percent of GDP,histórico ou estimativa; consultar WEO,World Economic Outlook (April 2026)
França,FRA,2003,GGXWDG_NGDP,65.4,Percent of GDP,histórico ou estimativa; consultar WEO,World Economic Outlook (April 2026)
França,FRA,2004,GGXWDG_NGDP,66.9,Percent of GDP,histórico ou estimativa; consultar WEO,World Economic Outlook (April 2026)
França,FRA,2005,GGXWDG_NGDP,68.2,Percent of GDP,histórico ou estimativa; consultar WEO,World Economic Outlook (April 2026)
França,FRA,2006,GGXWDG_NGDP,65.4,Percent of GDP,histórico ou estimativa; consultar WEO,World Economic Outlook (April 2026)
França,FRA,2007,GGXWDG_NGDP,65.5,Percent of GDP,histórico ou estimativa; consultar WEO,World Economic Outlook (April 2026)
França,FRA,2008,GGXWDG_NGDP,69.8,Percent of GDP,histórico ou estimativa; consultar WEO,World Economic Outlook (April 2026)
França,FRA,2009,GGXWDG_NGDP,84.1,Percent of GDP,histórico ou estimativa; consultar WEO,World Economic Outlook (April 2026)
França,FRA,2010,GGXWDG_NGDP,86.3,Percent of GDP,histórico ou estimativa; consultar WEO,World Economic Outlook (April 2026)
França,FRA,2011,GGXWDG_NGDP,88.7,Percent of GDP,histórico ou estimativa; consultar WEO,World Economic Outlook (April 2026)
França,FRA,2012,GGXWDG_NGDP,91.7,Percent of GDP,histórico ou estimativa; consultar WEO,World Economic Outlook (April 2026)
França,FRA,2013,GGXWDG_NGDP,94.6,Percent of GDP,histórico ou estimativa; consultar WEO,World Economic Outlook (April 2026)
França,FRA,2014,GGXWDG_NGDP,96.2,Percent of GDP,histórico ou estimativa; consultar WEO,World Economic Outlook (April 2026)
França,FRA,2015,GGXWDG_NGDP,97,Percent of GDP,histórico ou estimativa; consultar WEO,World Economic Outlook (April 2026)
França,FRA,2016,GGXWDG_NGDP,98.1,Percent of GDP,histórico ou estimativa; consultar WEO,World Economic Outlook (April 2026)
França,FRA,2017,GGXWDG_NGDP,98.8,Percent of GDP,histórico ou estimativa; consultar WEO,World Economic Outlook (April 2026)
França,FRA,2018,GGXWDG_NGDP,98.5,Percent of GDP,histórico ou estimativa; consultar WEO,World Economic Outlook (April 2026)
França,FRA,2019,GGXWDG_NGDP,98.2,Percent of GDP,histórico ou estimativa; consultar WEO,World Economic Outlook (April 2026)
França,FRA,2020,GGXWDG_NGDP,114.9,Percent of GDP,histórico ou estimativa; consultar WEO,World Economic Outlook (April 2026)
França,FRA,2021,GGXWDG_NGDP,112.8,Percent of GDP,histórico ou estimativa; consultar WEO,World Economic Outlook (April 2026)
França,FRA,2022,GGXWDG_NGDP,111.4,Percent of GDP,histórico ou estimativa; consultar WEO,World Economic Outlook (April 2026)
França,FRA,2023,GGXWDG_NGDP,109.6,Percent of GDP,histórico ou estimativa; consultar WEO,World Economic Outlook (April 2026)
França,FRA,2024,GGXWDG_NGDP,113.2,Percent of GDP,histórico ou estimativa; consultar WEO,World Economic Outlook (April 2026)
França,FRA,2025,GGXWDG_NGDP,116,Percent of GDP,histórico ou estimativa; consultar WEO,World Economic Outlook (April 2026)
França,FRA,2026,GGXWDG_NGDP,118.4,Percent of GDP,projeção,World Economic Outlook (April 2026)
África do Sul,ZAF,2000,GGXWDG_NGDP,37.9,Percent of GDP,histórico ou estimativa; consultar WEO,World Economic Outlook (April 2026)
África do Sul,ZAF,2001,GGXWDG_NGDP,38,Percent of GDP,histórico ou estimativa; consultar WEO,World Economic Outlook (April 2026)
África do Sul,ZAF,2002,GGXWDG_NGDP,31.8,Percent of GDP,histórico ou estimativa; consultar WEO,World Economic Outlook (April 2026)
África do Sul,ZAF,2003,GGXWDG_NGDP,31.5,Percent of GDP,histórico ou estimativa; consultar WEO,World Economic Outlook (April 2026)
África do Sul,ZAF,2004,GGXWDG_NGDP,30.7,Percent of GDP,histórico ou estimativa; consultar WEO,World Economic Outlook (April 2026)
África do Sul,ZAF,2005,GGXWDG_NGDP,29.6,Percent of GDP,histórico ou estimativa; consultar WEO,World Economic Outlook (April 2026)
África do Sul,ZAF,2006,GGXWDG_NGDP,28,Percent of GDP,histórico ou estimativa; consultar WEO,World Economic Outlook (April 2026)
África do Sul,ZAF,2007,GGXWDG_NGDP,24.3,Percent of GDP,histórico ou estimativa; consultar WEO,World Economic Outlook (April 2026)
África do Sul,ZAF,2008,GGXWDG_NGDP,24,Percent of GDP,histórico ou estimativa; consultar WEO,World Economic Outlook (April 2026)
África do Sul,ZAF,2009,GGXWDG_NGDP,27,Percent of GDP,histórico ou estimativa; consultar WEO,World Economic Outlook (April 2026)
África do Sul,ZAF,2010,GGXWDG_NGDP,31.2,Percent of GDP,histórico ou estimativa; consultar WEO,World Economic Outlook (April 2026)
África do Sul,ZAF,2011,GGXWDG_NGDP,34.7,Percent of GDP,histórico ou estimativa; consultar WEO,World Economic Outlook (April 2026)
África do Sul,ZAF,2012,GGXWDG_NGDP,37.4,Percent of GDP,histórico ou estimativa; consultar WEO,World Economic Outlook (April 2026)
África do Sul,ZAF,2013,GGXWDG_NGDP,40.4,Percent of GDP,histórico ou estimativa; consultar WEO,World Economic Outlook (April 2026)
África do Sul,ZAF,2014,GGXWDG_NGDP,43.3,Percent of GDP,histórico ou estimativa; consultar WEO,World Economic Outlook (April 2026)
África do Sul,ZAF,2015,GGXWDG_NGDP,45.2,Percent of GDP,histórico ou estimativa; consultar WEO,World Economic Outlook (April 2026)
África do Sul,ZAF,2016,GGXWDG_NGDP,47.1,Percent of GDP,histórico ou estimativa; consultar WEO,World Economic Outlook (April 2026)
África do Sul,ZAF,2017,GGXWDG_NGDP,48.6,Percent of GDP,histórico ou estimativa; consultar WEO,World Economic Outlook (April 2026)
África do Sul,ZAF,2018,GGXWDG_NGDP,51.5,Percent of GDP,histórico ou estimativa; consultar WEO,World Economic Outlook (April 2026)
África do Sul,ZAF,2019,GGXWDG_NGDP,56.1,Percent of GDP,histórico ou estimativa; consultar WEO,World Economic Outlook (April 2026)
África do Sul,ZAF,2020,GGXWDG_NGDP,68.9,Percent of GDP,histórico ou estimativa; consultar WEO,World Economic Outlook (April 2026)
África do Sul,ZAF,2021,GGXWDG_NGDP,68.8,Percent of GDP,histórico ou estimativa; consultar WEO,World Economic Outlook (April 2026)
África do Sul,ZAF,2022,GGXWDG_NGDP,70.7,Percent of GDP,histórico ou estimativa; consultar WEO,World Economic Outlook (April 2026)
África do Sul,ZAF,2023,GGXWDG_NGDP,73.2,Percent of GDP,histórico ou estimativa; consultar WEO,World Economic Outlook (April 2026)
África do Sul,ZAF,2024,GGXWDG_NGDP,76,Percent of GDP,histórico ou estimativa; consultar WEO,World Economic Outlook (April 2026)
África do Sul,ZAF,2025,GGXWDG_NGDP,78.6,Percent of GDP,histórico ou estimativa; consultar WEO,World Economic Outlook (April 2026)
África do Sul,ZAF,2026,GGXWDG_NGDP,78.9,Percent of GDP,projeção,World Economic Outlook (April 2026)
Índia,IND,2000,GGXWDG_NGDP,74.9,Percent of GDP,histórico ou estimativa; consultar WEO,World Economic Outlook (April 2026)
Índia,IND,2001,GGXWDG_NGDP,80.1,Percent of GDP,histórico ou estimativa; consultar WEO,World Economic Outlook (April 2026)
Índia,IND,2002,GGXWDG_NGDP,84.3,Percent of GDP,histórico ou estimativa; consultar WEO,World Economic Outlook (April 2026)
Índia,IND,2003,GGXWDG_NGDP,85.9,Percent of GDP,histórico ou estimativa; consultar WEO,World Economic Outlook (April 2026)
Índia,IND,2004,GGXWDG_NGDP,84.9,Percent of GDP,histórico ou estimativa; consultar WEO,World Economic Outlook (April 2026)
Índia,IND,2005,GGXWDG_NGDP,82.4,Percent of GDP,histórico ou estimativa; consultar WEO,World Economic Outlook (April 2026)
Índia,IND,2006,GGXWDG_NGDP,77.9,Percent of GDP,histórico ou estimativa; consultar WEO,World Economic Outlook (April 2026)
Índia,IND,2007,GGXWDG_NGDP,75.4,Percent of GDP,histórico ou estimativa; consultar WEO,World Economic Outlook (April 2026)
Índia,IND,2008,GGXWDG_NGDP,74.3,Percent of GDP,histórico ou estimativa; consultar WEO,World Economic Outlook (April 2026)
Índia,IND,2009,GGXWDG_NGDP,72.7,Percent of GDP,histórico ou estimativa; consultar WEO,World Economic Outlook (April 2026)
Índia,IND,2010,GGXWDG_NGDP,67.7,Percent of GDP,histórico ou estimativa; consultar WEO,World Economic Outlook (April 2026)
Índia,IND,2011,GGXWDG_NGDP,68.7,Percent of GDP,histórico ou estimativa; consultar WEO,World Economic Outlook (April 2026)
Índia,IND,2012,GGXWDG_NGDP,68.1,Percent of GDP,histórico ou estimativa; consultar WEO,World Economic Outlook (April 2026)
Índia,IND,2013,GGXWDG_NGDP,68,Percent of GDP,histórico ou estimativa; consultar WEO,World Economic Outlook (April 2026)
Índia,IND,2014,GGXWDG_NGDP,67.6,Percent of GDP,histórico ou estimativa; consultar WEO,World Economic Outlook (April 2026)
Índia,IND,2015,GGXWDG_NGDP,69.8,Percent of GDP,histórico ou estimativa; consultar WEO,World Economic Outlook (April 2026)
Índia,IND,2016,GGXWDG_NGDP,69.8,Percent of GDP,histórico ou estimativa; consultar WEO,World Economic Outlook (April 2026)
Índia,IND,2017,GGXWDG_NGDP,70.8,Percent of GDP,histórico ou estimativa; consultar WEO,World Economic Outlook (April 2026)
Índia,IND,2018,GGXWDG_NGDP,71.7,Percent of GDP,histórico ou estimativa; consultar WEO,World Economic Outlook (April 2026)
Índia,IND,2019,GGXWDG_NGDP,76.7,Percent of GDP,histórico ou estimativa; consultar WEO,World Economic Outlook (April 2026)
Índia,IND,2020,GGXWDG_NGDP,90.6,Percent of GDP,histórico ou estimativa; consultar WEO,World Economic Outlook (April 2026)
Índia,IND,2021,GGXWDG_NGDP,85.7,Percent of GDP,histórico ou estimativa; consultar WEO,World Economic Outlook (April 2026)
Índia,IND,2022,GGXWDG_NGDP,84.6,Percent of GDP,histórico ou estimativa; consultar WEO,World Economic Outlook (April 2026)
Índia,IND,2023,GGXWDG_NGDP,85,Percent of GDP,histórico ou estimativa; consultar WEO,World Economic Outlook (April 2026)
Índia,IND,2024,GGXWDG_NGDP,84.8,Percent of GDP,histórico ou estimativa; consultar WEO,World Economic Outlook (April 2026)
Índia,IND,2025,GGXWDG_NGDP,84.1,Percent of GDP,histórico ou estimativa; consultar WEO,World Economic Outlook (April 2026)
Índia,IND,2026,GGXWDG_NGDP,83.4,Percent of GDP,projeção,World Economic Outlook (April 2026)
Brasil,BRA,2000,GGXCNL_NGDP,,Percent of GDP,histórico ou estimativa; consultar WEO,World Economic Outlook (April 2026)
Brasil,BRA,2001,GGXCNL_NGDP,-3.5,Percent of GDP,histórico ou estimativa; consultar WEO,World Economic Outlook (April 2026)
Brasil,BRA,2002,GGXCNL_NGDP,-4.1,Percent of GDP,histórico ou estimativa; consultar WEO,World Economic Outlook (April 2026)
Brasil,BRA,2003,GGXCNL_NGDP,-5.4,Percent of GDP,histórico ou estimativa; consultar WEO,World Economic Outlook (April 2026)
Brasil,BRA,2004,GGXCNL_NGDP,-3,Percent of GDP,histórico ou estimativa; consultar WEO,World Economic Outlook (April 2026)
Brasil,BRA,2005,GGXCNL_NGDP,-3.4,Percent of GDP,histórico ou estimativa; consultar WEO,World Economic Outlook (April 2026)
Brasil,BRA,2006,GGXCNL_NGDP,-4.9,Percent of GDP,histórico ou estimativa; consultar WEO,World Economic Outlook (April 2026)
Brasil,BRA,2007,GGXCNL_NGDP,-2.7,Percent of GDP,histórico ou estimativa; consultar WEO,World Economic Outlook (April 2026)
Brasil,BRA,2008,GGXCNL_NGDP,-2.4,Percent of GDP,histórico ou estimativa; consultar WEO,World Economic Outlook (April 2026)
Brasil,BRA,2009,GGXCNL_NGDP,-4.2,Percent of GDP,histórico ou estimativa; consultar WEO,World Economic Outlook (April 2026)
Brasil,BRA,2010,GGXCNL_NGDP,-3.6,Percent of GDP,histórico ou estimativa; consultar WEO,World Economic Outlook (April 2026)
Brasil,BRA,2011,GGXCNL_NGDP,-2.7,Percent of GDP,histórico ou estimativa; consultar WEO,World Economic Outlook (April 2026)
Brasil,BRA,2012,GGXCNL_NGDP,-2.4,Percent of GDP,histórico ou estimativa; consultar WEO,World Economic Outlook (April 2026)
Brasil,BRA,2013,GGXCNL_NGDP,-3.4,Percent of GDP,histórico ou estimativa; consultar WEO,World Economic Outlook (April 2026)
Brasil,BRA,2014,GGXCNL_NGDP,-6.3,Percent of GDP,histórico ou estimativa; consultar WEO,World Economic Outlook (April 2026)
Brasil,BRA,2015,GGXCNL_NGDP,-9.3,Percent of GDP,histórico ou estimativa; consultar WEO,World Economic Outlook (April 2026)
Brasil,BRA,2016,GGXCNL_NGDP,-8,Percent of GDP,histórico ou estimativa; consultar WEO,World Economic Outlook (April 2026)
Brasil,BRA,2017,GGXCNL_NGDP,-8,Percent of GDP,histórico ou estimativa; consultar WEO,World Economic Outlook (April 2026)
Brasil,BRA,2018,GGXCNL_NGDP,-7,Percent of GDP,histórico ou estimativa; consultar WEO,World Economic Outlook (April 2026)
Brasil,BRA,2019,GGXCNL_NGDP,-4.9,Percent of GDP,histórico ou estimativa; consultar WEO,World Economic Outlook (April 2026)
Brasil,BRA,2020,GGXCNL_NGDP,-11.6,Percent of GDP,histórico ou estimativa; consultar WEO,World Economic Outlook (April 2026)
Brasil,BRA,2021,GGXCNL_NGDP,-2.6,Percent of GDP,histórico ou estimativa; consultar WEO,World Economic Outlook (April 2026)
Brasil,BRA,2022,GGXCNL_NGDP,-4,Percent of GDP,histórico ou estimativa; consultar WEO,World Economic Outlook (April 2026)
Brasil,BRA,2023,GGXCNL_NGDP,-7.7,Percent of GDP,histórico ou estimativa; consultar WEO,World Economic Outlook (April 2026)
Brasil,BRA,2024,GGXCNL_NGDP,-6.2,Percent of GDP,histórico ou estimativa; consultar WEO,World Economic Outlook (April 2026)
Brasil,BRA,2025,GGXCNL_NGDP,-8.1,Percent of GDP,histórico ou estimativa; consultar WEO,World Economic Outlook (April 2026)
Brasil,BRA,2026,GGXCNL_NGDP,-7.7,Percent of GDP,projeção,World Economic Outlook (April 2026)
Estados Unidos,USA,2000,GGXCNL_NGDP,,Percent of GDP,histórico ou estimativa; consultar WEO,World Economic Outlook (April 2026)
Estados Unidos,USA,2001,GGXCNL_NGDP,-0.5,Percent of GDP,histórico ou estimativa; consultar WEO,World Economic Outlook (April 2026)
Estados Unidos,USA,2002,GGXCNL_NGDP,-3.8,Percent of GDP,histórico ou estimativa; consultar WEO,World Economic Outlook (April 2026)
Estados Unidos,USA,2003,GGXCNL_NGDP,-4.8,Percent of GDP,histórico ou estimativa; consultar WEO,World Economic Outlook (April 2026)
Estados Unidos,USA,2004,GGXCNL_NGDP,-4.2,Percent of GDP,histórico ou estimativa; consultar WEO,World Economic Outlook (April 2026)
Estados Unidos,USA,2005,GGXCNL_NGDP,-3.1,Percent of GDP,histórico ou estimativa; consultar WEO,World Economic Outlook (April 2026)
Estados Unidos,USA,2006,GGXCNL_NGDP,-2,Percent of GDP,histórico ou estimativa; consultar WEO,World Economic Outlook (April 2026)
Estados Unidos,USA,2007,GGXCNL_NGDP,-2.9,Percent of GDP,histórico ou estimativa; consultar WEO,World Economic Outlook (April 2026)
Estados Unidos,USA,2008,GGXCNL_NGDP,-6.6,Percent of GDP,histórico ou estimativa; consultar WEO,World Economic Outlook (April 2026)
Estados Unidos,USA,2009,GGXCNL_NGDP,-13.2,Percent of GDP,histórico ou estimativa; consultar WEO,World Economic Outlook (April 2026)
Estados Unidos,USA,2010,GGXCNL_NGDP,-11,Percent of GDP,histórico ou estimativa; consultar WEO,World Economic Outlook (April 2026)
Estados Unidos,USA,2011,GGXCNL_NGDP,-9.7,Percent of GDP,histórico ou estimativa; consultar WEO,World Economic Outlook (April 2026)
Estados Unidos,USA,2012,GGXCNL_NGDP,-8.1,Percent of GDP,histórico ou estimativa; consultar WEO,World Economic Outlook (April 2026)
Estados Unidos,USA,2013,GGXCNL_NGDP,-4.6,Percent of GDP,histórico ou estimativa; consultar WEO,World Economic Outlook (April 2026)
Estados Unidos,USA,2014,GGXCNL_NGDP,-4,Percent of GDP,histórico ou estimativa; consultar WEO,World Economic Outlook (April 2026)
Estados Unidos,USA,2015,GGXCNL_NGDP,-3.5,Percent of GDP,histórico ou estimativa; consultar WEO,World Economic Outlook (April 2026)
Estados Unidos,USA,2016,GGXCNL_NGDP,-4.4,Percent of GDP,histórico ou estimativa; consultar WEO,World Economic Outlook (April 2026)
Estados Unidos,USA,2017,GGXCNL_NGDP,-4.8,Percent of GDP,histórico ou estimativa; consultar WEO,World Economic Outlook (April 2026)
Estados Unidos,USA,2018,GGXCNL_NGDP,-5.3,Percent of GDP,histórico ou estimativa; consultar WEO,World Economic Outlook (April 2026)
Estados Unidos,USA,2019,GGXCNL_NGDP,-5.8,Percent of GDP,histórico ou estimativa; consultar WEO,World Economic Outlook (April 2026)
Estados Unidos,USA,2020,GGXCNL_NGDP,-14.1,Percent of GDP,histórico ou estimativa; consultar WEO,World Economic Outlook (April 2026)
Estados Unidos,USA,2021,GGXCNL_NGDP,-11.5,Percent of GDP,histórico ou estimativa; consultar WEO,World Economic Outlook (April 2026)
Estados Unidos,USA,2022,GGXCNL_NGDP,-3.7,Percent of GDP,histórico ou estimativa; consultar WEO,World Economic Outlook (April 2026)
Estados Unidos,USA,2023,GGXCNL_NGDP,-7.9,Percent of GDP,histórico ou estimativa; consultar WEO,World Economic Outlook (April 2026)
Estados Unidos,USA,2024,GGXCNL_NGDP,-7.9,Percent of GDP,histórico ou estimativa; consultar WEO,World Economic Outlook (April 2026)
Estados Unidos,USA,2025,GGXCNL_NGDP,-6.8,Percent of GDP,histórico ou estimativa; consultar WEO,World Economic Outlook (April 2026)
Estados Unidos,USA,2026,GGXCNL_NGDP,-7.5,Percent of GDP,projeção,World Economic Outlook (April 2026)
Colômbia,COL,2000,GGXCNL_NGDP,-2.9,Percent of GDP,histórico ou estimativa; consultar WEO,World Economic Outlook (April 2026)
Colômbia,COL,2001,GGXCNL_NGDP,-2.7,Percent of GDP,histórico ou estimativa; consultar WEO,World Economic Outlook (April 2026)
Colômbia,COL,2002,GGXCNL_NGDP,-3.5,Percent of GDP,histórico ou estimativa; consultar WEO,World Economic Outlook (April 2026)
Colômbia,COL,2003,GGXCNL_NGDP,-2.7,Percent of GDP,histórico ou estimativa; consultar WEO,World Economic Outlook (April 2026)
Colômbia,COL,2004,GGXCNL_NGDP,-1.3,Percent of GDP,histórico ou estimativa; consultar WEO,World Economic Outlook (April 2026)
Colômbia,COL,2005,GGXCNL_NGDP,0,Percent of GDP,histórico ou estimativa; consultar WEO,World Economic Outlook (April 2026)
Colômbia,COL,2006,GGXCNL_NGDP,-1,Percent of GDP,histórico ou estimativa; consultar WEO,World Economic Outlook (April 2026)
Colômbia,COL,2007,GGXCNL_NGDP,-0.8,Percent of GDP,histórico ou estimativa; consultar WEO,World Economic Outlook (April 2026)
Colômbia,COL,2008,GGXCNL_NGDP,0,Percent of GDP,histórico ou estimativa; consultar WEO,World Economic Outlook (April 2026)
Colômbia,COL,2009,GGXCNL_NGDP,-2.7,Percent of GDP,histórico ou estimativa; consultar WEO,World Economic Outlook (April 2026)
Colômbia,COL,2010,GGXCNL_NGDP,-3.3,Percent of GDP,histórico ou estimativa; consultar WEO,World Economic Outlook (April 2026)
Colômbia,COL,2011,GGXCNL_NGDP,-2,Percent of GDP,histórico ou estimativa; consultar WEO,World Economic Outlook (April 2026)
Colômbia,COL,2012,GGXCNL_NGDP,0.2,Percent of GDP,histórico ou estimativa; consultar WEO,World Economic Outlook (April 2026)
Colômbia,COL,2013,GGXCNL_NGDP,-1,Percent of GDP,histórico ou estimativa; consultar WEO,World Economic Outlook (April 2026)
Colômbia,COL,2014,GGXCNL_NGDP,-1.7,Percent of GDP,histórico ou estimativa; consultar WEO,World Economic Outlook (April 2026)
Colômbia,COL,2015,GGXCNL_NGDP,-3.5,Percent of GDP,histórico ou estimativa; consultar WEO,World Economic Outlook (April 2026)
Colômbia,COL,2016,GGXCNL_NGDP,-2.3,Percent of GDP,histórico ou estimativa; consultar WEO,World Economic Outlook (April 2026)
Colômbia,COL,2017,GGXCNL_NGDP,-2.5,Percent of GDP,histórico ou estimativa; consultar WEO,World Economic Outlook (April 2026)
Colômbia,COL,2018,GGXCNL_NGDP,-4.7,Percent of GDP,histórico ou estimativa; consultar WEO,World Economic Outlook (April 2026)
Colômbia,COL,2019,GGXCNL_NGDP,-3.5,Percent of GDP,histórico ou estimativa; consultar WEO,World Economic Outlook (April 2026)
Colômbia,COL,2020,GGXCNL_NGDP,-7.1,Percent of GDP,histórico ou estimativa; consultar WEO,World Economic Outlook (April 2026)
Colômbia,COL,2021,GGXCNL_NGDP,-7.3,Percent of GDP,histórico ou estimativa; consultar WEO,World Economic Outlook (April 2026)
Colômbia,COL,2022,GGXCNL_NGDP,-6.4,Percent of GDP,histórico ou estimativa; consultar WEO,World Economic Outlook (April 2026)
Colômbia,COL,2023,GGXCNL_NGDP,-2.9,Percent of GDP,histórico ou estimativa; consultar WEO,World Economic Outlook (April 2026)
Colômbia,COL,2024,GGXCNL_NGDP,-6,Percent of GDP,histórico ou estimativa; consultar WEO,World Economic Outlook (April 2026)
Colômbia,COL,2025,GGXCNL_NGDP,-5.7,Percent of GDP,histórico ou estimativa; consultar WEO,World Economic Outlook (April 2026)
Colômbia,COL,2026,GGXCNL_NGDP,-5.2,Percent of GDP,projeção,World Economic Outlook (April 2026)
Argentina,ARG,2000,GGXCNL_NGDP,-3.4,Percent of GDP,histórico ou estimativa; consultar WEO,World Economic Outlook (April 2026)
Argentina,ARG,2001,GGXCNL_NGDP,-5.4,Percent of GDP,histórico ou estimativa; consultar WEO,World Economic Outlook (April 2026)
Argentina,ARG,2002,GGXCNL_NGDP,-1.9,Percent of GDP,histórico ou estimativa; consultar WEO,World Economic Outlook (April 2026)
Argentina,ARG,2003,GGXCNL_NGDP,1.5,Percent of GDP,histórico ou estimativa; consultar WEO,World Economic Outlook (April 2026)
Argentina,ARG,2004,GGXCNL_NGDP,4,Percent of GDP,histórico ou estimativa; consultar WEO,World Economic Outlook (April 2026)
Argentina,ARG,2005,GGXCNL_NGDP,3.3,Percent of GDP,histórico ou estimativa; consultar WEO,World Economic Outlook (April 2026)
Argentina,ARG,2006,GGXCNL_NGDP,1.7,Percent of GDP,histórico ou estimativa; consultar WEO,World Economic Outlook (April 2026)
Argentina,ARG,2007,GGXCNL_NGDP,0.8,Percent of GDP,histórico ou estimativa; consultar WEO,World Economic Outlook (April 2026)
Argentina,ARG,2008,GGXCNL_NGDP,0.4,Percent of GDP,histórico ou estimativa; consultar WEO,World Economic Outlook (April 2026)
Argentina,ARG,2009,GGXCNL_NGDP,-1.8,Percent of GDP,histórico ou estimativa; consultar WEO,World Economic Outlook (April 2026)
Argentina,ARG,2010,GGXCNL_NGDP,-1.4,Percent of GDP,histórico ou estimativa; consultar WEO,World Economic Outlook (April 2026)
Argentina,ARG,2011,GGXCNL_NGDP,-2.7,Percent of GDP,histórico ou estimativa; consultar WEO,World Economic Outlook (April 2026)
Argentina,ARG,2012,GGXCNL_NGDP,-3,Percent of GDP,histórico ou estimativa; consultar WEO,World Economic Outlook (April 2026)
Argentina,ARG,2013,GGXCNL_NGDP,-3.3,Percent of GDP,histórico ou estimativa; consultar WEO,World Economic Outlook (April 2026)
Argentina,ARG,2014,GGXCNL_NGDP,-4.3,Percent of GDP,histórico ou estimativa; consultar WEO,World Economic Outlook (April 2026)
Argentina,ARG,2015,GGXCNL_NGDP,-6,Percent of GDP,histórico ou estimativa; consultar WEO,World Economic Outlook (April 2026)
Argentina,ARG,2016,GGXCNL_NGDP,-6.7,Percent of GDP,histórico ou estimativa; consultar WEO,World Economic Outlook (April 2026)
Argentina,ARG,2017,GGXCNL_NGDP,-6.7,Percent of GDP,histórico ou estimativa; consultar WEO,World Economic Outlook (April 2026)
Argentina,ARG,2018,GGXCNL_NGDP,-5.4,Percent of GDP,histórico ou estimativa; consultar WEO,World Economic Outlook (April 2026)
Argentina,ARG,2019,GGXCNL_NGDP,-4.4,Percent of GDP,histórico ou estimativa; consultar WEO,World Economic Outlook (April 2026)
Argentina,ARG,2020,GGXCNL_NGDP,-8.7,Percent of GDP,histórico ou estimativa; consultar WEO,World Economic Outlook (April 2026)
Argentina,ARG,2021,GGXCNL_NGDP,-4.3,Percent of GDP,histórico ou estimativa; consultar WEO,World Economic Outlook (April 2026)
Argentina,ARG,2022,GGXCNL_NGDP,-3.8,Percent of GDP,histórico ou estimativa; consultar WEO,World Economic Outlook (April 2026)
Argentina,ARG,2023,GGXCNL_NGDP,-5.3,Percent of GDP,histórico ou estimativa; consultar WEO,World Economic Outlook (April 2026)
Argentina,ARG,2024,GGXCNL_NGDP,0.5,Percent of GDP,histórico ou estimativa; consultar WEO,World Economic Outlook (April 2026)
Argentina,ARG,2025,GGXCNL_NGDP,-0.4,Percent of GDP,histórico ou estimativa; consultar WEO,World Economic Outlook (April 2026)
Argentina,ARG,2026,GGXCNL_NGDP,0.5,Percent of GDP,projeção,World Economic Outlook (April 2026)
Chile,CHL,2000,GGXCNL_NGDP,-0.7,Percent of GDP,histórico ou estimativa; consultar WEO,World Economic Outlook (April 2026)
Chile,CHL,2001,GGXCNL_NGDP,-0.5,Percent of GDP,histórico ou estimativa; consultar WEO,World Economic Outlook (April 2026)
Chile,CHL,2002,GGXCNL_NGDP,-1.2,Percent of GDP,histórico ou estimativa; consultar WEO,World Economic Outlook (April 2026)
Chile,CHL,2003,GGXCNL_NGDP,-0.4,Percent of GDP,histórico ou estimativa; consultar WEO,World Economic Outlook (April 2026)
Chile,CHL,2004,GGXCNL_NGDP,2.1,Percent of GDP,histórico ou estimativa; consultar WEO,World Economic Outlook (April 2026)
Chile,CHL,2005,GGXCNL_NGDP,4.6,Percent of GDP,histórico ou estimativa; consultar WEO,World Economic Outlook (April 2026)
Chile,CHL,2006,GGXCNL_NGDP,7.5,Percent of GDP,histórico ou estimativa; consultar WEO,World Economic Outlook (April 2026)
Chile,CHL,2007,GGXCNL_NGDP,8,Percent of GDP,histórico ou estimativa; consultar WEO,World Economic Outlook (April 2026)
Chile,CHL,2008,GGXCNL_NGDP,3.9,Percent of GDP,histórico ou estimativa; consultar WEO,World Economic Outlook (April 2026)
Chile,CHL,2009,GGXCNL_NGDP,-4.3,Percent of GDP,histórico ou estimativa; consultar WEO,World Economic Outlook (April 2026)
Chile,CHL,2010,GGXCNL_NGDP,-0.4,Percent of GDP,histórico ou estimativa; consultar WEO,World Economic Outlook (April 2026)
Chile,CHL,2011,GGXCNL_NGDP,1.4,Percent of GDP,histórico ou estimativa; consultar WEO,World Economic Outlook (April 2026)
Chile,CHL,2012,GGXCNL_NGDP,0.7,Percent of GDP,histórico ou estimativa; consultar WEO,World Economic Outlook (April 2026)
Chile,CHL,2013,GGXCNL_NGDP,-0.5,Percent of GDP,histórico ou estimativa; consultar WEO,World Economic Outlook (April 2026)
Chile,CHL,2014,GGXCNL_NGDP,-1.5,Percent of GDP,histórico ou estimativa; consultar WEO,World Economic Outlook (April 2026)
Chile,CHL,2015,GGXCNL_NGDP,-2.1,Percent of GDP,histórico ou estimativa; consultar WEO,World Economic Outlook (April 2026)
Chile,CHL,2016,GGXCNL_NGDP,-2.7,Percent of GDP,histórico ou estimativa; consultar WEO,World Economic Outlook (April 2026)
Chile,CHL,2017,GGXCNL_NGDP,-2.6,Percent of GDP,histórico ou estimativa; consultar WEO,World Economic Outlook (April 2026)
Chile,CHL,2018,GGXCNL_NGDP,-1.5,Percent of GDP,histórico ou estimativa; consultar WEO,World Economic Outlook (April 2026)
Chile,CHL,2019,GGXCNL_NGDP,-2.7,Percent of GDP,histórico ou estimativa; consultar WEO,World Economic Outlook (April 2026)
Chile,CHL,2020,GGXCNL_NGDP,-7.1,Percent of GDP,histórico ou estimativa; consultar WEO,World Economic Outlook (April 2026)
Chile,CHL,2021,GGXCNL_NGDP,-7.5,Percent of GDP,histórico ou estimativa; consultar WEO,World Economic Outlook (April 2026)
Chile,CHL,2022,GGXCNL_NGDP,1.4,Percent of GDP,histórico ou estimativa; consultar WEO,World Economic Outlook (April 2026)
Chile,CHL,2023,GGXCNL_NGDP,-2.3,Percent of GDP,histórico ou estimativa; consultar WEO,World Economic Outlook (April 2026)
Chile,CHL,2024,GGXCNL_NGDP,-2.8,Percent of GDP,histórico ou estimativa; consultar WEO,World Economic Outlook (April 2026)
Chile,CHL,2025,GGXCNL_NGDP,-2.8,Percent of GDP,histórico ou estimativa; consultar WEO,World Economic Outlook (April 2026)
Chile,CHL,2026,GGXCNL_NGDP,-2.5,Percent of GDP,projeção,World Economic Outlook (April 2026)
México,MEX,2000,GGXCNL_NGDP,-2.7,Percent of GDP,histórico ou estimativa; consultar WEO,World Economic Outlook (April 2026)
México,MEX,2001,GGXCNL_NGDP,-2.6,Percent of GDP,histórico ou estimativa; consultar WEO,World Economic Outlook (April 2026)
México,MEX,2002,GGXCNL_NGDP,-2.2,Percent of GDP,histórico ou estimativa; consultar WEO,World Economic Outlook (April 2026)
México,MEX,2003,GGXCNL_NGDP,-2.2,Percent of GDP,histórico ou estimativa; consultar WEO,World Economic Outlook (April 2026)
México,MEX,2004,GGXCNL_NGDP,-1.3,Percent of GDP,histórico ou estimativa; consultar WEO,World Economic Outlook (April 2026)
México,MEX,2005,GGXCNL_NGDP,-1.4,Percent of GDP,histórico ou estimativa; consultar WEO,World Economic Outlook (April 2026)
México,MEX,2006,GGXCNL_NGDP,-1.2,Percent of GDP,histórico ou estimativa; consultar WEO,World Economic Outlook (April 2026)
México,MEX,2007,GGXCNL_NGDP,-1.5,Percent of GDP,histórico ou estimativa; consultar WEO,World Economic Outlook (April 2026)
México,MEX,2008,GGXCNL_NGDP,-0.7,Percent of GDP,histórico ou estimativa; consultar WEO,World Economic Outlook (April 2026)
México,MEX,2009,GGXCNL_NGDP,-3.9,Percent of GDP,histórico ou estimativa; consultar WEO,World Economic Outlook (April 2026)
México,MEX,2010,GGXCNL_NGDP,-3.8,Percent of GDP,histórico ou estimativa; consultar WEO,World Economic Outlook (April 2026)
México,MEX,2011,GGXCNL_NGDP,-3.2,Percent of GDP,histórico ou estimativa; consultar WEO,World Economic Outlook (April 2026)
México,MEX,2012,GGXCNL_NGDP,-3.6,Percent of GDP,histórico ou estimativa; consultar WEO,World Economic Outlook (April 2026)
México,MEX,2013,GGXCNL_NGDP,-3.6,Percent of GDP,histórico ou estimativa; consultar WEO,World Economic Outlook (April 2026)
México,MEX,2014,GGXCNL_NGDP,-4.4,Percent of GDP,histórico ou estimativa; consultar WEO,World Economic Outlook (April 2026)
México,MEX,2015,GGXCNL_NGDP,-3.9,Percent of GDP,histórico ou estimativa; consultar WEO,World Economic Outlook (April 2026)
México,MEX,2016,GGXCNL_NGDP,-2.7,Percent of GDP,histórico ou estimativa; consultar WEO,World Economic Outlook (April 2026)
México,MEX,2017,GGXCNL_NGDP,-1,Percent of GDP,histórico ou estimativa; consultar WEO,World Economic Outlook (April 2026)
México,MEX,2018,GGXCNL_NGDP,-2.1,Percent of GDP,histórico ou estimativa; consultar WEO,World Economic Outlook (April 2026)
México,MEX,2019,GGXCNL_NGDP,-2.3,Percent of GDP,histórico ou estimativa; consultar WEO,World Economic Outlook (April 2026)
México,MEX,2020,GGXCNL_NGDP,-4.3,Percent of GDP,histórico ou estimativa; consultar WEO,World Economic Outlook (April 2026)
México,MEX,2021,GGXCNL_NGDP,-3.7,Percent of GDP,histórico ou estimativa; consultar WEO,World Economic Outlook (April 2026)
México,MEX,2022,GGXCNL_NGDP,-4.3,Percent of GDP,histórico ou estimativa; consultar WEO,World Economic Outlook (April 2026)
México,MEX,2023,GGXCNL_NGDP,-4.3,Percent of GDP,histórico ou estimativa; consultar WEO,World Economic Outlook (April 2026)
México,MEX,2024,GGXCNL_NGDP,-5.8,Percent of GDP,histórico ou estimativa; consultar WEO,World Economic Outlook (April 2026)
México,MEX,2025,GGXCNL_NGDP,-4.9,Percent of GDP,histórico ou estimativa; consultar WEO,World Economic Outlook (April 2026)
México,MEX,2026,GGXCNL_NGDP,-4.4,Percent of GDP,projeção,World Economic Outlook (April 2026)
Peru,PER,2000,GGXCNL_NGDP,-2.1,Percent of GDP,histórico ou estimativa; consultar WEO,World Economic Outlook (April 2026)
Peru,PER,2001,GGXCNL_NGDP,-2.2,Percent of GDP,histórico ou estimativa; consultar WEO,World Economic Outlook (April 2026)
Peru,PER,2002,GGXCNL_NGDP,-1.4,Percent of GDP,histórico ou estimativa; consultar WEO,World Economic Outlook (April 2026)
Peru,PER,2003,GGXCNL_NGDP,-1.6,Percent of GDP,histórico ou estimativa; consultar WEO,World Economic Outlook (April 2026)
Peru,PER,2004,GGXCNL_NGDP,-1,Percent of GDP,histórico ou estimativa; consultar WEO,World Economic Outlook (April 2026)
Peru,PER,2005,GGXCNL_NGDP,-0.4,Percent of GDP,histórico ou estimativa; consultar WEO,World Economic Outlook (April 2026)
Peru,PER,2006,GGXCNL_NGDP,2,Percent of GDP,histórico ou estimativa; consultar WEO,World Economic Outlook (April 2026)
Peru,PER,2007,GGXCNL_NGDP,3.3,Percent of GDP,histórico ou estimativa; consultar WEO,World Economic Outlook (April 2026)
Peru,PER,2008,GGXCNL_NGDP,2.5,Percent of GDP,histórico ou estimativa; consultar WEO,World Economic Outlook (April 2026)
Peru,PER,2009,GGXCNL_NGDP,-1.5,Percent of GDP,histórico ou estimativa; consultar WEO,World Economic Outlook (April 2026)
Peru,PER,2010,GGXCNL_NGDP,0,Percent of GDP,histórico ou estimativa; consultar WEO,World Economic Outlook (April 2026)
Peru,PER,2011,GGXCNL_NGDP,2.1,Percent of GDP,histórico ou estimativa; consultar WEO,World Economic Outlook (April 2026)
Peru,PER,2012,GGXCNL_NGDP,2.1,Percent of GDP,histórico ou estimativa; consultar WEO,World Economic Outlook (April 2026)
Peru,PER,2013,GGXCNL_NGDP,0.8,Percent of GDP,histórico ou estimativa; consultar WEO,World Economic Outlook (April 2026)
Peru,PER,2014,GGXCNL_NGDP,-0.2,Percent of GDP,histórico ou estimativa; consultar WEO,World Economic Outlook (April 2026)
Peru,PER,2015,GGXCNL_NGDP,-2,Percent of GDP,histórico ou estimativa; consultar WEO,World Economic Outlook (April 2026)
Peru,PER,2016,GGXCNL_NGDP,-2.1,Percent of GDP,histórico ou estimativa; consultar WEO,World Economic Outlook (April 2026)
Peru,PER,2017,GGXCNL_NGDP,-2.8,Percent of GDP,histórico ou estimativa; consultar WEO,World Economic Outlook (April 2026)
Peru,PER,2018,GGXCNL_NGDP,-1.9,Percent of GDP,histórico ou estimativa; consultar WEO,World Economic Outlook (April 2026)
Peru,PER,2019,GGXCNL_NGDP,-1.4,Percent of GDP,histórico ou estimativa; consultar WEO,World Economic Outlook (April 2026)
Peru,PER,2020,GGXCNL_NGDP,-8.2,Percent of GDP,histórico ou estimativa; consultar WEO,World Economic Outlook (April 2026)
Peru,PER,2021,GGXCNL_NGDP,-2.5,Percent of GDP,histórico ou estimativa; consultar WEO,World Economic Outlook (April 2026)
Peru,PER,2022,GGXCNL_NGDP,-1.4,Percent of GDP,histórico ou estimativa; consultar WEO,World Economic Outlook (April 2026)
Peru,PER,2023,GGXCNL_NGDP,-2.7,Percent of GDP,histórico ou estimativa; consultar WEO,World Economic Outlook (April 2026)
Peru,PER,2024,GGXCNL_NGDP,-3.5,Percent of GDP,histórico ou estimativa; consultar WEO,World Economic Outlook (April 2026)
Peru,PER,2025,GGXCNL_NGDP,-2.4,Percent of GDP,histórico ou estimativa; consultar WEO,World Economic Outlook (April 2026)
Peru,PER,2026,GGXCNL_NGDP,-2,Percent of GDP,projeção,World Economic Outlook (April 2026)
Uruguai,URY,2000,GGXCNL_NGDP,-2.8,Percent of GDP,histórico ou estimativa; consultar WEO,World Economic Outlook (April 2026)
Uruguai,URY,2001,GGXCNL_NGDP,-2.9,Percent of GDP,histórico ou estimativa; consultar WEO,World Economic Outlook (April 2026)
Uruguai,URY,2002,GGXCNL_NGDP,-3.2,Percent of GDP,histórico ou estimativa; consultar WEO,World Economic Outlook (April 2026)
Uruguai,URY,2003,GGXCNL_NGDP,-2.2,Percent of GDP,histórico ou estimativa; consultar WEO,World Economic Outlook (April 2026)
Uruguai,URY,2004,GGXCNL_NGDP,-0.9,Percent of GDP,histórico ou estimativa; consultar WEO,World Economic Outlook (April 2026)
Uruguai,URY,2005,GGXCNL_NGDP,-0.3,Percent of GDP,histórico ou estimativa; consultar WEO,World Economic Outlook (April 2026)
Uruguai,URY,2006,GGXCNL_NGDP,-0.6,Percent of GDP,histórico ou estimativa; consultar WEO,World Economic Outlook (April 2026)
Uruguai,URY,2007,GGXCNL_NGDP,-0.2,Percent of GDP,histórico ou estimativa; consultar WEO,World Economic Outlook (April 2026)
Uruguai,URY,2008,GGXCNL_NGDP,-1.3,Percent of GDP,histórico ou estimativa; consultar WEO,World Economic Outlook (April 2026)
Uruguai,URY,2009,GGXCNL_NGDP,-1.4,Percent of GDP,histórico ou estimativa; consultar WEO,World Economic Outlook (April 2026)
Uruguai,URY,2010,GGXCNL_NGDP,-0.4,Percent of GDP,histórico ou estimativa; consultar WEO,World Economic Outlook (April 2026)
Uruguai,URY,2011,GGXCNL_NGDP,-0.3,Percent of GDP,histórico ou estimativa; consultar WEO,World Economic Outlook (April 2026)
Uruguai,URY,2012,GGXCNL_NGDP,-2.2,Percent of GDP,histórico ou estimativa; consultar WEO,World Economic Outlook (April 2026)
Uruguai,URY,2013,GGXCNL_NGDP,-1.7,Percent of GDP,histórico ou estimativa; consultar WEO,World Economic Outlook (April 2026)
Uruguai,URY,2014,GGXCNL_NGDP,-2.6,Percent of GDP,histórico ou estimativa; consultar WEO,World Economic Outlook (April 2026)
Uruguai,URY,2015,GGXCNL_NGDP,-1.9,Percent of GDP,histórico ou estimativa; consultar WEO,World Economic Outlook (April 2026)
Uruguai,URY,2016,GGXCNL_NGDP,-2.7,Percent of GDP,histórico ou estimativa; consultar WEO,World Economic Outlook (April 2026)
Uruguai,URY,2017,GGXCNL_NGDP,-2.5,Percent of GDP,histórico ou estimativa; consultar WEO,World Economic Outlook (April 2026)
Uruguai,URY,2018,GGXCNL_NGDP,-1.9,Percent of GDP,histórico ou estimativa; consultar WEO,World Economic Outlook (April 2026)
Uruguai,URY,2019,GGXCNL_NGDP,-2.7,Percent of GDP,histórico ou estimativa; consultar WEO,World Economic Outlook (April 2026)
Uruguai,URY,2020,GGXCNL_NGDP,-4.6,Percent of GDP,histórico ou estimativa; consultar WEO,World Economic Outlook (April 2026)
Uruguai,URY,2021,GGXCNL_NGDP,-2.6,Percent of GDP,histórico ou estimativa; consultar WEO,World Economic Outlook (April 2026)
Uruguai,URY,2022,GGXCNL_NGDP,-2.5,Percent of GDP,histórico ou estimativa; consultar WEO,World Economic Outlook (April 2026)
Uruguai,URY,2023,GGXCNL_NGDP,-3.1,Percent of GDP,histórico ou estimativa; consultar WEO,World Economic Outlook (April 2026)
Uruguai,URY,2024,GGXCNL_NGDP,-3.2,Percent of GDP,histórico ou estimativa; consultar WEO,World Economic Outlook (April 2026)
Uruguai,URY,2025,GGXCNL_NGDP,-3.4,Percent of GDP,histórico ou estimativa; consultar WEO,World Economic Outlook (April 2026)
Uruguai,URY,2026,GGXCNL_NGDP,-3.8,Percent of GDP,projeção,World Economic Outlook (April 2026)
Canadá,CAN,2000,GGXCNL_NGDP,2.6,Percent of GDP,histórico ou estimativa; consultar WEO,World Economic Outlook (April 2026)
Canadá,CAN,2001,GGXCNL_NGDP,0.5,Percent of GDP,histórico ou estimativa; consultar WEO,World Economic Outlook (April 2026)
Canadá,CAN,2002,GGXCNL_NGDP,-0.2,Percent of GDP,histórico ou estimativa; consultar WEO,World Economic Outlook (April 2026)
Canadá,CAN,2003,GGXCNL_NGDP,-0.1,Percent of GDP,histórico ou estimativa; consultar WEO,World Economic Outlook (April 2026)
Canadá,CAN,2004,GGXCNL_NGDP,0.8,Percent of GDP,histórico ou estimativa; consultar WEO,World Economic Outlook (April 2026)
Canadá,CAN,2005,GGXCNL_NGDP,1.6,Percent of GDP,histórico ou estimativa; consultar WEO,World Economic Outlook (April 2026)
Canadá,CAN,2006,GGXCNL_NGDP,1.8,Percent of GDP,histórico ou estimativa; consultar WEO,World Economic Outlook (April 2026)
Canadá,CAN,2007,GGXCNL_NGDP,1.8,Percent of GDP,histórico ou estimativa; consultar WEO,World Economic Outlook (April 2026)
Canadá,CAN,2008,GGXCNL_NGDP,0.2,Percent of GDP,histórico ou estimativa; consultar WEO,World Economic Outlook (April 2026)
Canadá,CAN,2009,GGXCNL_NGDP,-3.9,Percent of GDP,histórico ou estimativa; consultar WEO,World Economic Outlook (April 2026)
Canadá,CAN,2010,GGXCNL_NGDP,-4.7,Percent of GDP,histórico ou estimativa; consultar WEO,World Economic Outlook (April 2026)
Canadá,CAN,2011,GGXCNL_NGDP,-3.3,Percent of GDP,histórico ou estimativa; consultar WEO,World Economic Outlook (April 2026)
Canadá,CAN,2012,GGXCNL_NGDP,-2.5,Percent of GDP,histórico ou estimativa; consultar WEO,World Economic Outlook (April 2026)
Canadá,CAN,2013,GGXCNL_NGDP,-1.5,Percent of GDP,histórico ou estimativa; consultar WEO,World Economic Outlook (April 2026)
Canadá,CAN,2014,GGXCNL_NGDP,0.2,Percent of GDP,histórico ou estimativa; consultar WEO,World Economic Outlook (April 2026)
Canadá,CAN,2015,GGXCNL_NGDP,-0.1,Percent of GDP,histórico ou estimativa; consultar WEO,World Economic Outlook (April 2026)
Canadá,CAN,2016,GGXCNL_NGDP,-0.5,Percent of GDP,histórico ou estimativa; consultar WEO,World Economic Outlook (April 2026)
Canadá,CAN,2017,GGXCNL_NGDP,-0.1,Percent of GDP,histórico ou estimativa; consultar WEO,World Economic Outlook (April 2026)
Canadá,CAN,2018,GGXCNL_NGDP,0.4,Percent of GDP,histórico ou estimativa; consultar WEO,World Economic Outlook (April 2026)
Canadá,CAN,2019,GGXCNL_NGDP,0,Percent of GDP,histórico ou estimativa; consultar WEO,World Economic Outlook (April 2026)
Canadá,CAN,2020,GGXCNL_NGDP,-10.9,Percent of GDP,histórico ou estimativa; consultar WEO,World Economic Outlook (April 2026)
Canadá,CAN,2021,GGXCNL_NGDP,-3.1,Percent of GDP,histórico ou estimativa; consultar WEO,World Economic Outlook (April 2026)
Canadá,CAN,2022,GGXCNL_NGDP,0.6,Percent of GDP,histórico ou estimativa; consultar WEO,World Economic Outlook (April 2026)
Canadá,CAN,2023,GGXCNL_NGDP,-0.2,Percent of GDP,histórico ou estimativa; consultar WEO,World Economic Outlook (April 2026)
Canadá,CAN,2024,GGXCNL_NGDP,-2.1,Percent of GDP,histórico ou estimativa; consultar WEO,World Economic Outlook (April 2026)
Canadá,CAN,2025,GGXCNL_NGDP,-1.8,Percent of GDP,histórico ou estimativa; consultar WEO,World Economic Outlook (April 2026)
Canadá,CAN,2026,GGXCNL_NGDP,-2.7,Percent of GDP,projeção,World Economic Outlook (April 2026)
Reino Unido,GBR,2000,GGXCNL_NGDP,1.4,Percent of GDP,histórico ou estimativa; consultar WEO,World Economic Outlook (April 2026)
Reino Unido,GBR,2001,GGXCNL_NGDP,0.3,Percent of GDP,histórico ou estimativa; consultar WEO,World Economic Outlook (April 2026)
Reino Unido,GBR,2002,GGXCNL_NGDP,-1.9,Percent of GDP,histórico ou estimativa; consultar WEO,World Economic Outlook (April 2026)
Reino Unido,GBR,2003,GGXCNL_NGDP,-3.2,Percent of GDP,histórico ou estimativa; consultar WEO,World Economic Outlook (April 2026)
Reino Unido,GBR,2004,GGXCNL_NGDP,-3.1,Percent of GDP,histórico ou estimativa; consultar WEO,World Economic Outlook (April 2026)
Reino Unido,GBR,2005,GGXCNL_NGDP,-3.1,Percent of GDP,histórico ou estimativa; consultar WEO,World Economic Outlook (April 2026)
Reino Unido,GBR,2006,GGXCNL_NGDP,-2.7,Percent of GDP,histórico ou estimativa; consultar WEO,World Economic Outlook (April 2026)
Reino Unido,GBR,2007,GGXCNL_NGDP,-2.6,Percent of GDP,histórico ou estimativa; consultar WEO,World Economic Outlook (April 2026)
Reino Unido,GBR,2008,GGXCNL_NGDP,-5,Percent of GDP,histórico ou estimativa; consultar WEO,World Economic Outlook (April 2026)
Reino Unido,GBR,2009,GGXCNL_NGDP,-10,Percent of GDP,histórico ou estimativa; consultar WEO,World Economic Outlook (April 2026)
Reino Unido,GBR,2010,GGXCNL_NGDP,-9.2,Percent of GDP,histórico ou estimativa; consultar WEO,World Economic Outlook (April 2026)
Reino Unido,GBR,2011,GGXCNL_NGDP,-7.4,Percent of GDP,histórico ou estimativa; consultar WEO,World Economic Outlook (April 2026)
Reino Unido,GBR,2012,GGXCNL_NGDP,-8,Percent of GDP,histórico ou estimativa; consultar WEO,World Economic Outlook (April 2026)
Reino Unido,GBR,2013,GGXCNL_NGDP,-5.3,Percent of GDP,histórico ou estimativa; consultar WEO,World Economic Outlook (April 2026)
Reino Unido,GBR,2014,GGXCNL_NGDP,-5.5,Percent of GDP,histórico ou estimativa; consultar WEO,World Economic Outlook (April 2026)
Reino Unido,GBR,2015,GGXCNL_NGDP,-4.5,Percent of GDP,histórico ou estimativa; consultar WEO,World Economic Outlook (April 2026)
Reino Unido,GBR,2016,GGXCNL_NGDP,-3.3,Percent of GDP,histórico ou estimativa; consultar WEO,World Economic Outlook (April 2026)
Reino Unido,GBR,2017,GGXCNL_NGDP,-2.5,Percent of GDP,histórico ou estimativa; consultar WEO,World Economic Outlook (April 2026)
Reino Unido,GBR,2018,GGXCNL_NGDP,-2.2,Percent of GDP,histórico ou estimativa; consultar WEO,World Economic Outlook (April 2026)
Reino Unido,GBR,2019,GGXCNL_NGDP,-2.4,Percent of GDP,histórico ou estimativa; consultar WEO,World Economic Outlook (April 2026)
Reino Unido,GBR,2020,GGXCNL_NGDP,-12.9,Percent of GDP,histórico ou estimativa; consultar WEO,World Economic Outlook (April 2026)
Reino Unido,GBR,2021,GGXCNL_NGDP,-7.5,Percent of GDP,histórico ou estimativa; consultar WEO,World Economic Outlook (April 2026)
Reino Unido,GBR,2022,GGXCNL_NGDP,-4.6,Percent of GDP,histórico ou estimativa; consultar WEO,World Economic Outlook (April 2026)
Reino Unido,GBR,2023,GGXCNL_NGDP,-6,Percent of GDP,histórico ou estimativa; consultar WEO,World Economic Outlook (April 2026)
Reino Unido,GBR,2024,GGXCNL_NGDP,-6.1,Percent of GDP,histórico ou estimativa; consultar WEO,World Economic Outlook (April 2026)
Reino Unido,GBR,2025,GGXCNL_NGDP,-5.4,Percent of GDP,histórico ou estimativa; consultar WEO,World Economic Outlook (April 2026)
Reino Unido,GBR,2026,GGXCNL_NGDP,-3.9,Percent of GDP,projeção,World Economic Outlook (April 2026)
Alemanha,DEU,2000,GGXCNL_NGDP,-1.7,Percent of GDP,histórico ou estimativa; consultar WEO,World Economic Outlook (April 2026)
Alemanha,DEU,2001,GGXCNL_NGDP,-3.1,Percent of GDP,histórico ou estimativa; consultar WEO,World Economic Outlook (April 2026)
Alemanha,DEU,2002,GGXCNL_NGDP,-4.1,Percent of GDP,histórico ou estimativa; consultar WEO,World Economic Outlook (April 2026)
Alemanha,DEU,2003,GGXCNL_NGDP,-3.8,Percent of GDP,histórico ou estimativa; consultar WEO,World Economic Outlook (April 2026)
Alemanha,DEU,2004,GGXCNL_NGDP,-3.4,Percent of GDP,histórico ou estimativa; consultar WEO,World Economic Outlook (April 2026)
Alemanha,DEU,2005,GGXCNL_NGDP,-3.4,Percent of GDP,histórico ou estimativa; consultar WEO,World Economic Outlook (April 2026)
Alemanha,DEU,2006,GGXCNL_NGDP,-1.8,Percent of GDP,histórico ou estimativa; consultar WEO,World Economic Outlook (April 2026)
Alemanha,DEU,2007,GGXCNL_NGDP,0.2,Percent of GDP,histórico ou estimativa; consultar WEO,World Economic Outlook (April 2026)
Alemanha,DEU,2008,GGXCNL_NGDP,-0.3,Percent of GDP,histórico ou estimativa; consultar WEO,World Economic Outlook (April 2026)
Alemanha,DEU,2009,GGXCNL_NGDP,-3.2,Percent of GDP,histórico ou estimativa; consultar WEO,World Economic Outlook (April 2026)
Alemanha,DEU,2010,GGXCNL_NGDP,-4.4,Percent of GDP,histórico ou estimativa; consultar WEO,World Economic Outlook (April 2026)
Alemanha,DEU,2011,GGXCNL_NGDP,-0.8,Percent of GDP,histórico ou estimativa; consultar WEO,World Economic Outlook (April 2026)
Alemanha,DEU,2012,GGXCNL_NGDP,-0.1,Percent of GDP,histórico ou estimativa; consultar WEO,World Economic Outlook (April 2026)
Alemanha,DEU,2013,GGXCNL_NGDP,0.1,Percent of GDP,histórico ou estimativa; consultar WEO,World Economic Outlook (April 2026)
Alemanha,DEU,2014,GGXCNL_NGDP,0.7,Percent of GDP,histórico ou estimativa; consultar WEO,World Economic Outlook (April 2026)
Alemanha,DEU,2015,GGXCNL_NGDP,0.9,Percent of GDP,histórico ou estimativa; consultar WEO,World Economic Outlook (April 2026)
Alemanha,DEU,2016,GGXCNL_NGDP,1.1,Percent of GDP,histórico ou estimativa; consultar WEO,World Economic Outlook (April 2026)
Alemanha,DEU,2017,GGXCNL_NGDP,1.3,Percent of GDP,histórico ou estimativa; consultar WEO,World Economic Outlook (April 2026)
Alemanha,DEU,2018,GGXCNL_NGDP,1.9,Percent of GDP,histórico ou estimativa; consultar WEO,World Economic Outlook (April 2026)
Alemanha,DEU,2019,GGXCNL_NGDP,1.3,Percent of GDP,histórico ou estimativa; consultar WEO,World Economic Outlook (April 2026)
Alemanha,DEU,2020,GGXCNL_NGDP,-4.4,Percent of GDP,histórico ou estimativa; consultar WEO,World Economic Outlook (April 2026)
Alemanha,DEU,2021,GGXCNL_NGDP,-3.2,Percent of GDP,histórico ou estimativa; consultar WEO,World Economic Outlook (April 2026)
Alemanha,DEU,2022,GGXCNL_NGDP,-1.9,Percent of GDP,histórico ou estimativa; consultar WEO,World Economic Outlook (April 2026)
Alemanha,DEU,2023,GGXCNL_NGDP,-2.5,Percent of GDP,histórico ou estimativa; consultar WEO,World Economic Outlook (April 2026)
Alemanha,DEU,2024,GGXCNL_NGDP,-2.7,Percent of GDP,histórico ou estimativa; consultar WEO,World Economic Outlook (April 2026)
Alemanha,DEU,2025,GGXCNL_NGDP,-2.7,Percent of GDP,histórico ou estimativa; consultar WEO,World Economic Outlook (April 2026)
Alemanha,DEU,2026,GGXCNL_NGDP,-3.8,Percent of GDP,projeção,World Economic Outlook (April 2026)
França,FRA,2000,GGXCNL_NGDP,-1.3,Percent of GDP,histórico ou estimativa; consultar WEO,World Economic Outlook (April 2026)
França,FRA,2001,GGXCNL_NGDP,-1.4,Percent of GDP,histórico ou estimativa; consultar WEO,World Economic Outlook (April 2026)
França,FRA,2002,GGXCNL_NGDP,-3.2,Percent of GDP,histórico ou estimativa; consultar WEO,World Economic Outlook (April 2026)
França,FRA,2003,GGXCNL_NGDP,-4.1,Percent of GDP,histórico ou estimativa; consultar WEO,World Economic Outlook (April 2026)
França,FRA,2004,GGXCNL_NGDP,-3.6,Percent of GDP,histórico ou estimativa; consultar WEO,World Economic Outlook (April 2026)
França,FRA,2005,GGXCNL_NGDP,-3.5,Percent of GDP,histórico ou estimativa; consultar WEO,World Economic Outlook (April 2026)
França,FRA,2006,GGXCNL_NGDP,-2.7,Percent of GDP,histórico ou estimativa; consultar WEO,World Economic Outlook (April 2026)
França,FRA,2007,GGXCNL_NGDP,-3,Percent of GDP,histórico ou estimativa; consultar WEO,World Economic Outlook (April 2026)
França,FRA,2008,GGXCNL_NGDP,-3.5,Percent of GDP,histórico ou estimativa; consultar WEO,World Economic Outlook (April 2026)
França,FRA,2009,GGXCNL_NGDP,-7.4,Percent of GDP,histórico ou estimativa; consultar WEO,World Economic Outlook (April 2026)
França,FRA,2010,GGXCNL_NGDP,-7.2,Percent of GDP,histórico ou estimativa; consultar WEO,World Economic Outlook (April 2026)
França,FRA,2011,GGXCNL_NGDP,-5.3,Percent of GDP,histórico ou estimativa; consultar WEO,World Economic Outlook (April 2026)
França,FRA,2012,GGXCNL_NGDP,-5.2,Percent of GDP,histórico ou estimativa; consultar WEO,World Economic Outlook (April 2026)
França,FRA,2013,GGXCNL_NGDP,-4.9,Percent of GDP,histórico ou estimativa; consultar WEO,World Economic Outlook (April 2026)
França,FRA,2014,GGXCNL_NGDP,-4.6,Percent of GDP,histórico ou estimativa; consultar WEO,World Economic Outlook (April 2026)
França,FRA,2015,GGXCNL_NGDP,-3.9,Percent of GDP,histórico ou estimativa; consultar WEO,World Economic Outlook (April 2026)
França,FRA,2016,GGXCNL_NGDP,-3.8,Percent of GDP,histórico ou estimativa; consultar WEO,World Economic Outlook (April 2026)
França,FRA,2017,GGXCNL_NGDP,-3.4,Percent of GDP,histórico ou estimativa; consultar WEO,World Economic Outlook (April 2026)
França,FRA,2018,GGXCNL_NGDP,-2.3,Percent of GDP,histórico ou estimativa; consultar WEO,World Economic Outlook (April 2026)
França,FRA,2019,GGXCNL_NGDP,-2.4,Percent of GDP,histórico ou estimativa; consultar WEO,World Economic Outlook (April 2026)
França,FRA,2020,GGXCNL_NGDP,-8.9,Percent of GDP,histórico ou estimativa; consultar WEO,World Economic Outlook (April 2026)
França,FRA,2021,GGXCNL_NGDP,-6.6,Percent of GDP,histórico ou estimativa; consultar WEO,World Economic Outlook (April 2026)
França,FRA,2022,GGXCNL_NGDP,-4.7,Percent of GDP,histórico ou estimativa; consultar WEO,World Economic Outlook (April 2026)
França,FRA,2023,GGXCNL_NGDP,-5.4,Percent of GDP,histórico ou estimativa; consultar WEO,World Economic Outlook (April 2026)
França,FRA,2024,GGXCNL_NGDP,-5.8,Percent of GDP,histórico ou estimativa; consultar WEO,World Economic Outlook (April 2026)
França,FRA,2025,GGXCNL_NGDP,-5.1,Percent of GDP,histórico ou estimativa; consultar WEO,World Economic Outlook (April 2026)
França,FRA,2026,GGXCNL_NGDP,-4.9,Percent of GDP,projeção,World Economic Outlook (April 2026)
África do Sul,ZAF,2000,GGXCNL_NGDP,-1.4,Percent of GDP,histórico ou estimativa; consultar WEO,World Economic Outlook (April 2026)
África do Sul,ZAF,2001,GGXCNL_NGDP,-1,Percent of GDP,histórico ou estimativa; consultar WEO,World Economic Outlook (April 2026)
África do Sul,ZAF,2002,GGXCNL_NGDP,-1,Percent of GDP,histórico ou estimativa; consultar WEO,World Economic Outlook (April 2026)
África do Sul,ZAF,2003,GGXCNL_NGDP,-1.6,Percent of GDP,histórico ou estimativa; consultar WEO,World Economic Outlook (April 2026)
África do Sul,ZAF,2004,GGXCNL_NGDP,-1,Percent of GDP,histórico ou estimativa; consultar WEO,World Economic Outlook (April 2026)
África do Sul,ZAF,2005,GGXCNL_NGDP,-0.1,Percent of GDP,histórico ou estimativa; consultar WEO,World Economic Outlook (April 2026)
África do Sul,ZAF,2006,GGXCNL_NGDP,0.8,Percent of GDP,histórico ou estimativa; consultar WEO,World Economic Outlook (April 2026)
África do Sul,ZAF,2007,GGXCNL_NGDP,1.2,Percent of GDP,histórico ou estimativa; consultar WEO,World Economic Outlook (April 2026)
África do Sul,ZAF,2008,GGXCNL_NGDP,-0.5,Percent of GDP,histórico ou estimativa; consultar WEO,World Economic Outlook (April 2026)
África do Sul,ZAF,2009,GGXCNL_NGDP,-4.7,Percent of GDP,histórico ou estimativa; consultar WEO,World Economic Outlook (April 2026)
África do Sul,ZAF,2010,GGXCNL_NGDP,-4.5,Percent of GDP,histórico ou estimativa; consultar WEO,World Economic Outlook (April 2026)
África do Sul,ZAF,2011,GGXCNL_NGDP,-3.7,Percent of GDP,histórico ou estimativa; consultar WEO,World Economic Outlook (April 2026)
África do Sul,ZAF,2012,GGXCNL_NGDP,-4,Percent of GDP,histórico ou estimativa; consultar WEO,World Economic Outlook (April 2026)
África do Sul,ZAF,2013,GGXCNL_NGDP,-3.9,Percent of GDP,histórico ou estimativa; consultar WEO,World Economic Outlook (April 2026)
África do Sul,ZAF,2014,GGXCNL_NGDP,-3.9,Percent of GDP,histórico ou estimativa; consultar WEO,World Economic Outlook (April 2026)
África do Sul,ZAF,2015,GGXCNL_NGDP,-4.4,Percent of GDP,histórico ou estimativa; consultar WEO,World Economic Outlook (April 2026)
África do Sul,ZAF,2016,GGXCNL_NGDP,-3.7,Percent of GDP,histórico ou estimativa; consultar WEO,World Economic Outlook (April 2026)
África do Sul,ZAF,2017,GGXCNL_NGDP,-4,Percent of GDP,histórico ou estimativa; consultar WEO,World Economic Outlook (April 2026)
África do Sul,ZAF,2018,GGXCNL_NGDP,-3.7,Percent of GDP,histórico ou estimativa; consultar WEO,World Economic Outlook (April 2026)
África do Sul,ZAF,2019,GGXCNL_NGDP,-5.1,Percent of GDP,histórico ou estimativa; consultar WEO,World Economic Outlook (April 2026)
África do Sul,ZAF,2020,GGXCNL_NGDP,-9.6,Percent of GDP,histórico ou estimativa; consultar WEO,World Economic Outlook (April 2026)
África do Sul,ZAF,2021,GGXCNL_NGDP,-5.5,Percent of GDP,histórico ou estimativa; consultar WEO,World Economic Outlook (April 2026)
África do Sul,ZAF,2022,GGXCNL_NGDP,-4.2,Percent of GDP,histórico ou estimativa; consultar WEO,World Economic Outlook (April 2026)
África do Sul,ZAF,2023,GGXCNL_NGDP,-5.6,Percent of GDP,histórico ou estimativa; consultar WEO,World Economic Outlook (April 2026)
África do Sul,ZAF,2024,GGXCNL_NGDP,-5.7,Percent of GDP,histórico ou estimativa; consultar WEO,World Economic Outlook (April 2026)
África do Sul,ZAF,2025,GGXCNL_NGDP,-5.8,Percent of GDP,histórico ou estimativa; consultar WEO,World Economic Outlook (April 2026)
África do Sul,ZAF,2026,GGXCNL_NGDP,-4.9,Percent of GDP,projeção,World Economic Outlook (April 2026)
Índia,IND,2000,GGXCNL_NGDP,-8.4,Percent of GDP,histórico ou estimativa; consultar WEO,World Economic Outlook (April 2026)
Índia,IND,2001,GGXCNL_NGDP,-11,Percent of GDP,histórico ou estimativa; consultar WEO,World Economic Outlook (April 2026)
Índia,IND,2002,GGXCNL_NGDP,-11.1,Percent of GDP,histórico ou estimativa; consultar WEO,World Economic Outlook (April 2026)
Índia,IND,2003,GGXCNL_NGDP,-11.4,Percent of GDP,histórico ou estimativa; consultar WEO,World Economic Outlook (April 2026)
Índia,IND,2004,GGXCNL_NGDP,-9.2,Percent of GDP,histórico ou estimativa; consultar WEO,World Economic Outlook (April 2026)
Índia,IND,2005,GGXCNL_NGDP,-6.6,Percent of GDP,histórico ou estimativa; consultar WEO,World Economic Outlook (April 2026)
Índia,IND,2006,GGXCNL_NGDP,-5.1,Percent of GDP,histórico ou estimativa; consultar WEO,World Economic Outlook (April 2026)
Índia,IND,2007,GGXCNL_NGDP,-3.7,Percent of GDP,histórico ou estimativa; consultar WEO,World Economic Outlook (April 2026)
Índia,IND,2008,GGXCNL_NGDP,-8.1,Percent of GDP,histórico ou estimativa; consultar WEO,World Economic Outlook (April 2026)
Índia,IND,2009,GGXCNL_NGDP,-9.3,Percent of GDP,histórico ou estimativa; consultar WEO,World Economic Outlook (April 2026)
Índia,IND,2010,GGXCNL_NGDP,-8.5,Percent of GDP,histórico ou estimativa; consultar WEO,World Economic Outlook (April 2026)
Índia,IND,2011,GGXCNL_NGDP,-8,Percent of GDP,histórico ou estimativa; consultar WEO,World Economic Outlook (April 2026)
Índia,IND,2012,GGXCNL_NGDP,-7.3,Percent of GDP,histórico ou estimativa; consultar WEO,World Economic Outlook (April 2026)
Índia,IND,2013,GGXCNL_NGDP,-6.8,Percent of GDP,histórico ou estimativa; consultar WEO,World Economic Outlook (April 2026)
Índia,IND,2014,GGXCNL_NGDP,-6.9,Percent of GDP,histórico ou estimativa; consultar WEO,World Economic Outlook (April 2026)
Índia,IND,2015,GGXCNL_NGDP,-7.3,Percent of GDP,histórico ou estimativa; consultar WEO,World Economic Outlook (April 2026)
Índia,IND,2016,GGXCNL_NGDP,-7.2,Percent of GDP,histórico ou estimativa; consultar WEO,World Economic Outlook (April 2026)
Índia,IND,2017,GGXCNL_NGDP,-6.3,Percent of GDP,histórico ou estimativa; consultar WEO,World Economic Outlook (April 2026)
Índia,IND,2018,GGXCNL_NGDP,-6.5,Percent of GDP,histórico ou estimativa; consultar WEO,World Economic Outlook (April 2026)
Índia,IND,2019,GGXCNL_NGDP,-7.9,Percent of GDP,histórico ou estimativa; consultar WEO,World Economic Outlook (April 2026)
Índia,IND,2020,GGXCNL_NGDP,-13.2,Percent of GDP,histórico ou estimativa; consultar WEO,World Economic Outlook (April 2026)
Índia,IND,2021,GGXCNL_NGDP,-9.7,Percent of GDP,histórico ou estimativa; consultar WEO,World Economic Outlook (April 2026)
Índia,IND,2022,GGXCNL_NGDP,-9.2,Percent of GDP,histórico ou estimativa; consultar WEO,World Economic Outlook (April 2026)
Índia,IND,2023,GGXCNL_NGDP,-8.4,Percent of GDP,histórico ou estimativa; consultar WEO,World Economic Outlook (April 2026)
Índia,IND,2024,GGXCNL_NGDP,-7.9,Percent of GDP,histórico ou estimativa; consultar WEO,World Economic Outlook (April 2026)
Índia,IND,2025,GGXCNL_NGDP,-7.4,Percent of GDP,histórico ou estimativa; consultar WEO,World Economic Outlook (April 2026)
Índia,IND,2026,GGXCNL_NGDP,-7.4,Percent of GDP,projeção,World Economic Outlook (April 2026)
Brasil,BRA,2000,BCA_NGDPD,-4,Percent of GDP,histórico ou estimativa; consultar WEO,World Economic Outlook (April 2026)
Brasil,BRA,2001,BCA_NGDPD,-4.4,Percent of GDP,histórico ou estimativa; consultar WEO,World Economic Outlook (April 2026)
Brasil,BRA,2002,BCA_NGDPD,-1.8,Percent of GDP,histórico ou estimativa; consultar WEO,World Economic Outlook (April 2026)
Brasil,BRA,2003,BCA_NGDPD,0.4,Percent of GDP,histórico ou estimativa; consultar WEO,World Economic Outlook (April 2026)
Brasil,BRA,2004,BCA_NGDPD,1.3,Percent of GDP,histórico ou estimativa; consultar WEO,World Economic Outlook (April 2026)
Brasil,BRA,2005,BCA_NGDPD,1.3,Percent of GDP,histórico ou estimativa; consultar WEO,World Economic Outlook (April 2026)
Brasil,BRA,2006,BCA_NGDPD,1,Percent of GDP,histórico ou estimativa; consultar WEO,World Economic Outlook (April 2026)
Brasil,BRA,2007,BCA_NGDPD,-0.2,Percent of GDP,histórico ou estimativa; consultar WEO,World Economic Outlook (April 2026)
Brasil,BRA,2008,BCA_NGDPD,-2.1,Percent of GDP,histórico ou estimativa; consultar WEO,World Economic Outlook (April 2026)
Brasil,BRA,2009,BCA_NGDPD,-1.8,Percent of GDP,histórico ou estimativa; consultar WEO,World Economic Outlook (April 2026)
Brasil,BRA,2010,BCA_NGDPD,-3.9,Percent of GDP,histórico ou estimativa; consultar WEO,World Economic Outlook (April 2026)
Brasil,BRA,2011,BCA_NGDPD,-3.2,Percent of GDP,histórico ou estimativa; consultar WEO,World Economic Outlook (April 2026)
Brasil,BRA,2012,BCA_NGDPD,-3.8,Percent of GDP,histórico ou estimativa; consultar WEO,World Economic Outlook (April 2026)
Brasil,BRA,2013,BCA_NGDPD,-3.6,Percent of GDP,histórico ou estimativa; consultar WEO,World Economic Outlook (April 2026)
Brasil,BRA,2014,BCA_NGDPD,-4.5,Percent of GDP,histórico ou estimativa; consultar WEO,World Economic Outlook (April 2026)
Brasil,BRA,2015,BCA_NGDPD,-3.5,Percent of GDP,histórico ou estimativa; consultar WEO,World Economic Outlook (April 2026)
Brasil,BRA,2016,BCA_NGDPD,-1.7,Percent of GDP,histórico ou estimativa; consultar WEO,World Economic Outlook (April 2026)
Brasil,BRA,2017,BCA_NGDPD,-1.2,Percent of GDP,histórico ou estimativa; consultar WEO,World Economic Outlook (April 2026)
Brasil,BRA,2018,BCA_NGDPD,-2.8,Percent of GDP,histórico ou estimativa; consultar WEO,World Economic Outlook (April 2026)
Brasil,BRA,2019,BCA_NGDPD,-3.4,Percent of GDP,histórico ou estimativa; consultar WEO,World Economic Outlook (April 2026)
Brasil,BRA,2020,BCA_NGDPD,-1.6,Percent of GDP,histórico ou estimativa; consultar WEO,World Economic Outlook (April 2026)
Brasil,BRA,2021,BCA_NGDPD,-2.4,Percent of GDP,histórico ou estimativa; consultar WEO,World Economic Outlook (April 2026)
Brasil,BRA,2022,BCA_NGDPD,-2.1,Percent of GDP,histórico ou estimativa; consultar WEO,World Economic Outlook (April 2026)
Brasil,BRA,2023,BCA_NGDPD,-1.2,Percent of GDP,histórico ou estimativa; consultar WEO,World Economic Outlook (April 2026)
Brasil,BRA,2024,BCA_NGDPD,-3,Percent of GDP,histórico ou estimativa; consultar WEO,World Economic Outlook (April 2026)
Brasil,BRA,2025,BCA_NGDPD,-3,Percent of GDP,histórico ou estimativa; consultar WEO,World Economic Outlook (April 2026)
Brasil,BRA,2026,BCA_NGDPD,-2.7,Percent of GDP,projeção,World Economic Outlook (April 2026)
Estados Unidos,USA,2000,BCA_NGDPD,-3.9,Percent of GDP,histórico ou estimativa; consultar WEO,World Economic Outlook (April 2026)
Estados Unidos,USA,2001,BCA_NGDPD,-3.7,Percent of GDP,histórico ou estimativa; consultar WEO,World Economic Outlook (April 2026)
Estados Unidos,USA,2002,BCA_NGDPD,-4.2,Percent of GDP,histórico ou estimativa; consultar WEO,World Economic Outlook (April 2026)
Estados Unidos,USA,2003,BCA_NGDPD,-4.6,Percent of GDP,histórico ou estimativa; consultar WEO,World Economic Outlook (April 2026)
Estados Unidos,USA,2004,BCA_NGDPD,-5.2,Percent of GDP,histórico ou estimativa; consultar WEO,World Economic Outlook (April 2026)
Estados Unidos,USA,2005,BCA_NGDPD,-5.7,Percent of GDP,histórico ou estimativa; consultar WEO,World Economic Outlook (April 2026)
Estados Unidos,USA,2006,BCA_NGDPD,-5.9,Percent of GDP,histórico ou estimativa; consultar WEO,World Economic Outlook (April 2026)
Estados Unidos,USA,2007,BCA_NGDPD,-5.1,Percent of GDP,histórico ou estimativa; consultar WEO,World Economic Outlook (April 2026)
Estados Unidos,USA,2008,BCA_NGDPD,-4.7,Percent of GDP,histórico ou estimativa; consultar WEO,World Economic Outlook (April 2026)
Estados Unidos,USA,2009,BCA_NGDPD,-2.6,Percent of GDP,histórico ou estimativa; consultar WEO,World Economic Outlook (April 2026)
Estados Unidos,USA,2010,BCA_NGDPD,-2.9,Percent of GDP,histórico ou estimativa; consultar WEO,World Economic Outlook (April 2026)
Estados Unidos,USA,2011,BCA_NGDPD,-2.9,Percent of GDP,histórico ou estimativa; consultar WEO,World Economic Outlook (April 2026)
Estados Unidos,USA,2012,BCA_NGDPD,-2.6,Percent of GDP,histórico ou estimativa; consultar WEO,World Economic Outlook (April 2026)
Estados Unidos,USA,2013,BCA_NGDPD,-2,Percent of GDP,histórico ou estimativa; consultar WEO,World Economic Outlook (April 2026)
Estados Unidos,USA,2014,BCA_NGDPD,-2.1,Percent of GDP,histórico ou estimativa; consultar WEO,World Economic Outlook (April 2026)
Estados Unidos,USA,2015,BCA_NGDPD,-2.2,Percent of GDP,histórico ou estimativa; consultar WEO,World Economic Outlook (April 2026)
Estados Unidos,USA,2016,BCA_NGDPD,-2.1,Percent of GDP,histórico ou estimativa; consultar WEO,World Economic Outlook (April 2026)
Estados Unidos,USA,2017,BCA_NGDPD,-1.9,Percent of GDP,histórico ou estimativa; consultar WEO,World Economic Outlook (April 2026)
Estados Unidos,USA,2018,BCA_NGDPD,-2.1,Percent of GDP,histórico ou estimativa; consultar WEO,World Economic Outlook (April 2026)
Estados Unidos,USA,2019,BCA_NGDPD,-2.1,Percent of GDP,histórico ou estimativa; consultar WEO,World Economic Outlook (April 2026)
Estados Unidos,USA,2020,BCA_NGDPD,-2.8,Percent of GDP,histórico ou estimativa; consultar WEO,World Economic Outlook (April 2026)
Estados Unidos,USA,2021,BCA_NGDPD,-3.6,Percent of GDP,histórico ou estimativa; consultar WEO,World Economic Outlook (April 2026)
Estados Unidos,USA,2022,BCA_NGDPD,-3.8,Percent of GDP,histórico ou estimativa; consultar WEO,World Economic Outlook (April 2026)
Estados Unidos,USA,2023,BCA_NGDPD,-3.3,Percent of GDP,histórico ou estimativa; consultar WEO,World Economic Outlook (April 2026)
Estados Unidos,USA,2024,BCA_NGDPD,-4,Percent of GDP,histórico ou estimativa; consultar WEO,World Economic Outlook (April 2026)
Estados Unidos,USA,2025,BCA_NGDPD,-3.6,Percent of GDP,histórico ou estimativa; consultar WEO,World Economic Outlook (April 2026)
Estados Unidos,USA,2026,BCA_NGDPD,-3.7,Percent of GDP,projeção,World Economic Outlook (April 2026)
Colômbia,COL,2000,BCA_NGDPD,0.9,Percent of GDP,histórico ou estimativa; consultar WEO,World Economic Outlook (April 2026)
Colômbia,COL,2001,BCA_NGDPD,-1.1,Percent of GDP,histórico ou estimativa; consultar WEO,World Economic Outlook (April 2026)
Colômbia,COL,2002,BCA_NGDPD,-1.3,Percent of GDP,histórico ou estimativa; consultar WEO,World Economic Outlook (April 2026)
Colômbia,COL,2003,BCA_NGDPD,-1,Percent of GDP,histórico ou estimativa; consultar WEO,World Economic Outlook (April 2026)
Colômbia,COL,2004,BCA_NGDPD,-0.7,Percent of GDP,histórico ou estimativa; consultar WEO,World Economic Outlook (April 2026)
Colômbia,COL,2005,BCA_NGDPD,-1.3,Percent of GDP,histórico ou estimativa; consultar WEO,World Economic Outlook (April 2026)
Colômbia,COL,2006,BCA_NGDPD,-1.8,Percent of GDP,histórico ou estimativa; consultar WEO,World Economic Outlook (April 2026)
Colômbia,COL,2007,BCA_NGDPD,-3,Percent of GDP,histórico ou estimativa; consultar WEO,World Economic Outlook (April 2026)
Colômbia,COL,2008,BCA_NGDPD,-2.7,Percent of GDP,histórico ou estimativa; consultar WEO,World Economic Outlook (April 2026)
Colômbia,COL,2009,BCA_NGDPD,-1.9,Percent of GDP,histórico ou estimativa; consultar WEO,World Economic Outlook (April 2026)
Colômbia,COL,2010,BCA_NGDPD,-3,Percent of GDP,histórico ou estimativa; consultar WEO,World Economic Outlook (April 2026)
Colômbia,COL,2011,BCA_NGDPD,-2.9,Percent of GDP,histórico ou estimativa; consultar WEO,World Economic Outlook (April 2026)
Colômbia,COL,2012,BCA_NGDPD,-3.1,Percent of GDP,histórico ou estimativa; consultar WEO,World Economic Outlook (April 2026)
Colômbia,COL,2013,BCA_NGDPD,-3.2,Percent of GDP,histórico ou estimativa; consultar WEO,World Economic Outlook (April 2026)
Colômbia,COL,2014,BCA_NGDPD,-5.2,Percent of GDP,histórico ou estimativa; consultar WEO,World Economic Outlook (April 2026)
Colômbia,COL,2015,BCA_NGDPD,-6.4,Percent of GDP,histórico ou estimativa; consultar WEO,World Economic Outlook (April 2026)
Colômbia,COL,2016,BCA_NGDPD,-4.5,Percent of GDP,histórico ou estimativa; consultar WEO,World Economic Outlook (April 2026)
Colômbia,COL,2017,BCA_NGDPD,-3.2,Percent of GDP,histórico ou estimativa; consultar WEO,World Economic Outlook (April 2026)
Colômbia,COL,2018,BCA_NGDPD,-4.2,Percent of GDP,histórico ou estimativa; consultar WEO,World Economic Outlook (April 2026)
Colômbia,COL,2019,BCA_NGDPD,-4.6,Percent of GDP,histórico ou estimativa; consultar WEO,World Economic Outlook (April 2026)
Colômbia,COL,2020,BCA_NGDPD,-3.4,Percent of GDP,histórico ou estimativa; consultar WEO,World Economic Outlook (April 2026)
Colômbia,COL,2021,BCA_NGDPD,-5.6,Percent of GDP,histórico ou estimativa; consultar WEO,World Economic Outlook (April 2026)
Colômbia,COL,2022,BCA_NGDPD,-6,Percent of GDP,histórico ou estimativa; consultar WEO,World Economic Outlook (April 2026)
Colômbia,COL,2023,BCA_NGDPD,-2.3,Percent of GDP,histórico ou estimativa; consultar WEO,World Economic Outlook (April 2026)
Colômbia,COL,2024,BCA_NGDPD,-1.7,Percent of GDP,histórico ou estimativa; consultar WEO,World Economic Outlook (April 2026)
Colômbia,COL,2025,BCA_NGDPD,-2.4,Percent of GDP,histórico ou estimativa; consultar WEO,World Economic Outlook (April 2026)
Colômbia,COL,2026,BCA_NGDPD,-2.5,Percent of GDP,projeção,World Economic Outlook (April 2026)
Argentina,ARG,2000,BCA_NGDPD,-2.9,Percent of GDP,histórico ou estimativa; consultar WEO,World Economic Outlook (April 2026)
Argentina,ARG,2001,BCA_NGDPD,-1.3,Percent of GDP,histórico ou estimativa; consultar WEO,World Economic Outlook (April 2026)
Argentina,ARG,2002,BCA_NGDPD,7.7,Percent of GDP,histórico ou estimativa; consultar WEO,World Economic Outlook (April 2026)
Argentina,ARG,2003,BCA_NGDPD,5.6,Percent of GDP,histórico ou estimativa; consultar WEO,World Economic Outlook (April 2026)
Argentina,ARG,2004,BCA_NGDPD,1.8,Percent of GDP,histórico ou estimativa; consultar WEO,World Economic Outlook (April 2026)
Argentina,ARG,2005,BCA_NGDPD,2.5,Percent of GDP,histórico ou estimativa; consultar WEO,World Economic Outlook (April 2026)
Argentina,ARG,2006,BCA_NGDPD,2.8,Percent of GDP,histórico ou estimativa; consultar WEO,World Economic Outlook (April 2026)
Argentina,ARG,2007,BCA_NGDPD,2.1,Percent of GDP,histórico ou estimativa; consultar WEO,World Economic Outlook (April 2026)
Argentina,ARG,2008,BCA_NGDPD,1.5,Percent of GDP,histórico ou estimativa; consultar WEO,World Economic Outlook (April 2026)
Argentina,ARG,2009,BCA_NGDPD,2.2,Percent of GDP,histórico ou estimativa; consultar WEO,World Economic Outlook (April 2026)
Argentina,ARG,2010,BCA_NGDPD,-0.4,Percent of GDP,histórico ou estimativa; consultar WEO,World Economic Outlook (April 2026)
Argentina,ARG,2011,BCA_NGDPD,-1,Percent of GDP,histórico ou estimativa; consultar WEO,World Economic Outlook (April 2026)
Argentina,ARG,2012,BCA_NGDPD,-0.4,Percent of GDP,histórico ou estimativa; consultar WEO,World Economic Outlook (April 2026)
Argentina,ARG,2013,BCA_NGDPD,-2.1,Percent of GDP,histórico ou estimativa; consultar WEO,World Economic Outlook (April 2026)
Argentina,ARG,2014,BCA_NGDPD,-1.6,Percent of GDP,histórico ou estimativa; consultar WEO,World Economic Outlook (April 2026)
Argentina,ARG,2015,BCA_NGDPD,-2.7,Percent of GDP,histórico ou estimativa; consultar WEO,World Economic Outlook (April 2026)
Argentina,ARG,2016,BCA_NGDPD,-2.7,Percent of GDP,histórico ou estimativa; consultar WEO,World Economic Outlook (April 2026)
Argentina,ARG,2017,BCA_NGDPD,-4.8,Percent of GDP,histórico ou estimativa; consultar WEO,World Economic Outlook (April 2026)
Argentina,ARG,2018,BCA_NGDPD,-5.2,Percent of GDP,histórico ou estimativa; consultar WEO,World Economic Outlook (April 2026)
Argentina,ARG,2019,BCA_NGDPD,-0.8,Percent of GDP,histórico ou estimativa; consultar WEO,World Economic Outlook (April 2026)
Argentina,ARG,2020,BCA_NGDPD,0.7,Percent of GDP,histórico ou estimativa; consultar WEO,World Economic Outlook (April 2026)
Argentina,ARG,2021,BCA_NGDPD,1.4,Percent of GDP,histórico ou estimativa; consultar WEO,World Economic Outlook (April 2026)
Argentina,ARG,2022,BCA_NGDPD,-0.6,Percent of GDP,histórico ou estimativa; consultar WEO,World Economic Outlook (April 2026)
Argentina,ARG,2023,BCA_NGDPD,-3.2,Percent of GDP,histórico ou estimativa; consultar WEO,World Economic Outlook (April 2026)
Argentina,ARG,2024,BCA_NGDPD,0.9,Percent of GDP,histórico ou estimativa; consultar WEO,World Economic Outlook (April 2026)
Argentina,ARG,2025,BCA_NGDPD,-1.1,Percent of GDP,histórico ou estimativa; consultar WEO,World Economic Outlook (April 2026)
Argentina,ARG,2026,BCA_NGDPD,-0.8,Percent of GDP,projeção,World Economic Outlook (April 2026)
Chile,CHL,2000,BCA_NGDPD,-1,Percent of GDP,histórico ou estimativa; consultar WEO,World Economic Outlook (April 2026)
Chile,CHL,2001,BCA_NGDPD,-1.4,Percent of GDP,histórico ou estimativa; consultar WEO,World Economic Outlook (April 2026)
Chile,CHL,2002,BCA_NGDPD,-0.7,Percent of GDP,histórico ou estimativa; consultar WEO,World Economic Outlook (April 2026)
Chile,CHL,2003,BCA_NGDPD,0.2,Percent of GDP,histórico ou estimativa; consultar WEO,World Economic Outlook (April 2026)
Chile,CHL,2004,BCA_NGDPD,3.3,Percent of GDP,histórico ou estimativa; consultar WEO,World Economic Outlook (April 2026)
Chile,CHL,2005,BCA_NGDPD,1.9,Percent of GDP,histórico ou estimativa; consultar WEO,World Economic Outlook (April 2026)
Chile,CHL,2006,BCA_NGDPD,5.5,Percent of GDP,histórico ou estimativa; consultar WEO,World Economic Outlook (April 2026)
Chile,CHL,2007,BCA_NGDPD,5.1,Percent of GDP,histórico ou estimativa; consultar WEO,World Economic Outlook (April 2026)
Chile,CHL,2008,BCA_NGDPD,-4.2,Percent of GDP,histórico ou estimativa; consultar WEO,World Economic Outlook (April 2026)
Chile,CHL,2009,BCA_NGDPD,1.4,Percent of GDP,histórico ou estimativa; consultar WEO,World Economic Outlook (April 2026)
Chile,CHL,2010,BCA_NGDPD,0.9,Percent of GDP,histórico ou estimativa; consultar WEO,World Economic Outlook (April 2026)
Chile,CHL,2011,BCA_NGDPD,-4.9,Percent of GDP,histórico ou estimativa; consultar WEO,World Economic Outlook (April 2026)
Chile,CHL,2012,BCA_NGDPD,-5.3,Percent of GDP,histórico ou estimativa; consultar WEO,World Economic Outlook (April 2026)
Chile,CHL,2013,BCA_NGDPD,-4.8,Percent of GDP,histórico ou estimativa; consultar WEO,World Economic Outlook (April 2026)
Chile,CHL,2014,BCA_NGDPD,-3.5,Percent of GDP,histórico ou estimativa; consultar WEO,World Economic Outlook (April 2026)
Chile,CHL,2015,BCA_NGDPD,-2.7,Percent of GDP,histórico ou estimativa; consultar WEO,World Economic Outlook (April 2026)
Chile,CHL,2016,BCA_NGDPD,-2.6,Percent of GDP,histórico ou estimativa; consultar WEO,World Economic Outlook (April 2026)
Chile,CHL,2017,BCA_NGDPD,-2.8,Percent of GDP,histórico ou estimativa; consultar WEO,World Economic Outlook (April 2026)
Chile,CHL,2018,BCA_NGDPD,-4.5,Percent of GDP,histórico ou estimativa; consultar WEO,World Economic Outlook (April 2026)
Chile,CHL,2019,BCA_NGDPD,-5.2,Percent of GDP,histórico ou estimativa; consultar WEO,World Economic Outlook (April 2026)
Chile,CHL,2020,BCA_NGDPD,-1.9,Percent of GDP,histórico ou estimativa; consultar WEO,World Economic Outlook (April 2026)
Chile,CHL,2021,BCA_NGDPD,-7.3,Percent of GDP,histórico ou estimativa; consultar WEO,World Economic Outlook (April 2026)
Chile,CHL,2022,BCA_NGDPD,-8.8,Percent of GDP,histórico ou estimativa; consultar WEO,World Economic Outlook (April 2026)
Chile,CHL,2023,BCA_NGDPD,-3.1,Percent of GDP,histórico ou estimativa; consultar WEO,World Economic Outlook (April 2026)
Chile,CHL,2024,BCA_NGDPD,-1.5,Percent of GDP,histórico ou estimativa; consultar WEO,World Economic Outlook (April 2026)
Chile,CHL,2025,BCA_NGDPD,-2.3,Percent of GDP,histórico ou estimativa; consultar WEO,World Economic Outlook (April 2026)
Chile,CHL,2026,BCA_NGDPD,-0.8,Percent of GDP,projeção,World Economic Outlook (April 2026)
México,MEX,2000,BCA_NGDPD,-2.5,Percent of GDP,histórico ou estimativa; consultar WEO,World Economic Outlook (April 2026)
México,MEX,2001,BCA_NGDPD,-2.2,Percent of GDP,histórico ou estimativa; consultar WEO,World Economic Outlook (April 2026)
México,MEX,2002,BCA_NGDPD,-1.5,Percent of GDP,histórico ou estimativa; consultar WEO,World Economic Outlook (April 2026)
México,MEX,2003,BCA_NGDPD,-0.5,Percent of GDP,histórico ou estimativa; consultar WEO,World Economic Outlook (April 2026)
México,MEX,2004,BCA_NGDPD,-0.5,Percent of GDP,histórico ou estimativa; consultar WEO,World Economic Outlook (April 2026)
México,MEX,2005,BCA_NGDPD,-0.6,Percent of GDP,histórico ou estimativa; consultar WEO,World Economic Outlook (April 2026)
México,MEX,2006,BCA_NGDPD,-0.3,Percent of GDP,histórico ou estimativa; consultar WEO,World Economic Outlook (April 2026)
México,MEX,2007,BCA_NGDPD,-0.8,Percent of GDP,histórico ou estimativa; consultar WEO,World Economic Outlook (April 2026)
México,MEX,2008,BCA_NGDPD,-1.4,Percent of GDP,histórico ou estimativa; consultar WEO,World Economic Outlook (April 2026)
México,MEX,2009,BCA_NGDPD,-0.8,Percent of GDP,histórico ou estimativa; consultar WEO,World Economic Outlook (April 2026)
México,MEX,2010,BCA_NGDPD,-0.3,Percent of GDP,histórico ou estimativa; consultar WEO,World Economic Outlook (April 2026)
México,MEX,2011,BCA_NGDPD,-0.9,Percent of GDP,histórico ou estimativa; consultar WEO,World Economic Outlook (April 2026)
México,MEX,2012,BCA_NGDPD,-1.4,Percent of GDP,histórico ou estimativa; consultar WEO,World Economic Outlook (April 2026)
México,MEX,2013,BCA_NGDPD,-2.4,Percent of GDP,histórico ou estimativa; consultar WEO,World Economic Outlook (April 2026)
México,MEX,2014,BCA_NGDPD,-1.8,Percent of GDP,histórico ou estimativa; consultar WEO,World Economic Outlook (April 2026)
México,MEX,2015,BCA_NGDPD,-2.6,Percent of GDP,histórico ou estimativa; consultar WEO,World Economic Outlook (April 2026)
México,MEX,2016,BCA_NGDPD,-2.3,Percent of GDP,histórico ou estimativa; consultar WEO,World Economic Outlook (April 2026)
México,MEX,2017,BCA_NGDPD,-1.8,Percent of GDP,histórico ou estimativa; consultar WEO,World Economic Outlook (April 2026)
México,MEX,2018,BCA_NGDPD,-2.1,Percent of GDP,histórico ou estimativa; consultar WEO,World Economic Outlook (April 2026)
México,MEX,2019,BCA_NGDPD,-0.3,Percent of GDP,histórico ou estimativa; consultar WEO,World Economic Outlook (April 2026)
México,MEX,2020,BCA_NGDPD,2.4,Percent of GDP,histórico ou estimativa; consultar WEO,World Economic Outlook (April 2026)
México,MEX,2021,BCA_NGDPD,-0.3,Percent of GDP,histórico ou estimativa; consultar WEO,World Economic Outlook (April 2026)
México,MEX,2022,BCA_NGDPD,-1.3,Percent of GDP,histórico ou estimativa; consultar WEO,World Economic Outlook (April 2026)
México,MEX,2023,BCA_NGDPD,-0.7,Percent of GDP,histórico ou estimativa; consultar WEO,World Economic Outlook (April 2026)
México,MEX,2024,BCA_NGDPD,-0.9,Percent of GDP,histórico ou estimativa; consultar WEO,World Economic Outlook (April 2026)
México,MEX,2025,BCA_NGDPD,-0.4,Percent of GDP,histórico ou estimativa; consultar WEO,World Economic Outlook (April 2026)
México,MEX,2026,BCA_NGDPD,-0.4,Percent of GDP,projeção,World Economic Outlook (April 2026)
Peru,PER,2000,BCA_NGDPD,-3.1,Percent of GDP,histórico ou estimativa; consultar WEO,World Economic Outlook (April 2026)
Peru,PER,2001,BCA_NGDPD,-2.3,Percent of GDP,histórico ou estimativa; consultar WEO,World Economic Outlook (April 2026)
Peru,PER,2002,BCA_NGDPD,-2,Percent of GDP,histórico ou estimativa; consultar WEO,World Economic Outlook (April 2026)
Peru,PER,2003,BCA_NGDPD,-1.6,Percent of GDP,histórico ou estimativa; consultar WEO,World Economic Outlook (April 2026)
Peru,PER,2004,BCA_NGDPD,0.1,Percent of GDP,histórico ou estimativa; consultar WEO,World Economic Outlook (April 2026)
Peru,PER,2005,BCA_NGDPD,1.6,Percent of GDP,histórico ou estimativa; consultar WEO,World Economic Outlook (April 2026)
Peru,PER,2006,BCA_NGDPD,3.3,Percent of GDP,histórico ou estimativa; consultar WEO,World Economic Outlook (April 2026)
Peru,PER,2007,BCA_NGDPD,1.5,Percent of GDP,histórico ou estimativa; consultar WEO,World Economic Outlook (April 2026)
Peru,PER,2008,BCA_NGDPD,-4.4,Percent of GDP,histórico ou estimativa; consultar WEO,World Economic Outlook (April 2026)
Peru,PER,2009,BCA_NGDPD,-0.5,Percent of GDP,histórico ou estimativa; consultar WEO,World Economic Outlook (April 2026)
Peru,PER,2010,BCA_NGDPD,-2.4,Percent of GDP,histórico ou estimativa; consultar WEO,World Economic Outlook (April 2026)
Peru,PER,2011,BCA_NGDPD,-2,Percent of GDP,histórico ou estimativa; consultar WEO,World Economic Outlook (April 2026)
Peru,PER,2012,BCA_NGDPD,-2.9,Percent of GDP,histórico ou estimativa; consultar WEO,World Economic Outlook (April 2026)
Peru,PER,2013,BCA_NGDPD,-4.8,Percent of GDP,histórico ou estimativa; consultar WEO,World Economic Outlook (April 2026)
Peru,PER,2014,BCA_NGDPD,-4.3,Percent of GDP,histórico ou estimativa; consultar WEO,World Economic Outlook (April 2026)
Peru,PER,2015,BCA_NGDPD,-4.6,Percent of GDP,histórico ou estimativa; consultar WEO,World Economic Outlook (April 2026)
Peru,PER,2016,BCA_NGDPD,-2.2,Percent of GDP,histórico ou estimativa; consultar WEO,World Economic Outlook (April 2026)
Peru,PER,2017,BCA_NGDPD,-0.9,Percent of GDP,histórico ou estimativa; consultar WEO,World Economic Outlook (April 2026)
Peru,PER,2018,BCA_NGDPD,-1.2,Percent of GDP,histórico ou estimativa; consultar WEO,World Economic Outlook (April 2026)
Peru,PER,2019,BCA_NGDPD,-0.7,Percent of GDP,histórico ou estimativa; consultar WEO,World Economic Outlook (April 2026)
Peru,PER,2020,BCA_NGDPD,0.8,Percent of GDP,histórico ou estimativa; consultar WEO,World Economic Outlook (April 2026)
Peru,PER,2021,BCA_NGDPD,-2.2,Percent of GDP,histórico ou estimativa; consultar WEO,World Economic Outlook (April 2026)
Peru,PER,2022,BCA_NGDPD,-4,Percent of GDP,histórico ou estimativa; consultar WEO,World Economic Outlook (April 2026)
Peru,PER,2023,BCA_NGDPD,0.3,Percent of GDP,histórico ou estimativa; consultar WEO,World Economic Outlook (April 2026)
Peru,PER,2024,BCA_NGDPD,2.2,Percent of GDP,histórico ou estimativa; consultar WEO,World Economic Outlook (April 2026)
Peru,PER,2025,BCA_NGDPD,3.1,Percent of GDP,histórico ou estimativa; consultar WEO,World Economic Outlook (April 2026)
Peru,PER,2026,BCA_NGDPD,3.4,Percent of GDP,projeção,World Economic Outlook (April 2026)
Uruguai,URY,2000,BCA_NGDPD,,Percent of GDP,histórico ou estimativa; consultar WEO,World Economic Outlook (April 2026)
Uruguai,URY,2001,BCA_NGDPD,,Percent of GDP,histórico ou estimativa; consultar WEO,World Economic Outlook (April 2026)
Uruguai,URY,2002,BCA_NGDPD,,Percent of GDP,histórico ou estimativa; consultar WEO,World Economic Outlook (April 2026)
Uruguai,URY,2003,BCA_NGDPD,,Percent of GDP,histórico ou estimativa; consultar WEO,World Economic Outlook (April 2026)
Uruguai,URY,2004,BCA_NGDPD,,Percent of GDP,histórico ou estimativa; consultar WEO,World Economic Outlook (April 2026)
Uruguai,URY,2005,BCA_NGDPD,,Percent of GDP,histórico ou estimativa; consultar WEO,World Economic Outlook (April 2026)
Uruguai,URY,2006,BCA_NGDPD,,Percent of GDP,histórico ou estimativa; consultar WEO,World Economic Outlook (April 2026)
Uruguai,URY,2007,BCA_NGDPD,,Percent of GDP,histórico ou estimativa; consultar WEO,World Economic Outlook (April 2026)
Uruguai,URY,2008,BCA_NGDPD,,Percent of GDP,histórico ou estimativa; consultar WEO,World Economic Outlook (April 2026)
Uruguai,URY,2009,BCA_NGDPD,,Percent of GDP,histórico ou estimativa; consultar WEO,World Economic Outlook (April 2026)
Uruguai,URY,2010,BCA_NGDPD,,Percent of GDP,histórico ou estimativa; consultar WEO,World Economic Outlook (April 2026)
Uruguai,URY,2011,BCA_NGDPD,,Percent of GDP,histórico ou estimativa; consultar WEO,World Economic Outlook (April 2026)
Uruguai,URY,2012,BCA_NGDPD,-3.6,Percent of GDP,histórico ou estimativa; consultar WEO,World Economic Outlook (April 2026)
Uruguai,URY,2013,BCA_NGDPD,-3.2,Percent of GDP,histórico ou estimativa; consultar WEO,World Economic Outlook (April 2026)
Uruguai,URY,2014,BCA_NGDPD,-2.9,Percent of GDP,histórico ou estimativa; consultar WEO,World Economic Outlook (April 2026)
Uruguai,URY,2015,BCA_NGDPD,-0.3,Percent of GDP,histórico ou estimativa; consultar WEO,World Economic Outlook (April 2026)
Uruguai,URY,2016,BCA_NGDPD,0.8,Percent of GDP,histórico ou estimativa; consultar WEO,World Economic Outlook (April 2026)
Uruguai,URY,2017,BCA_NGDPD,0,Percent of GDP,histórico ou estimativa; consultar WEO,World Economic Outlook (April 2026)
Uruguai,URY,2018,BCA_NGDPD,-0.5,Percent of GDP,histórico ou estimativa; consultar WEO,World Economic Outlook (April 2026)
Uruguai,URY,2019,BCA_NGDPD,1.3,Percent of GDP,histórico ou estimativa; consultar WEO,World Economic Outlook (April 2026)
Uruguai,URY,2020,BCA_NGDPD,-0.6,Percent of GDP,histórico ou estimativa; consultar WEO,World Economic Outlook (April 2026)
Uruguai,URY,2021,BCA_NGDPD,-2.4,Percent of GDP,histórico ou estimativa; consultar WEO,World Economic Outlook (April 2026)
Uruguai,URY,2022,BCA_NGDPD,-3.5,Percent of GDP,histórico ou estimativa; consultar WEO,World Economic Outlook (April 2026)
Uruguai,URY,2023,BCA_NGDPD,-3,Percent of GDP,histórico ou estimativa; consultar WEO,World Economic Outlook (April 2026)
Uruguai,URY,2024,BCA_NGDPD,-0.8,Percent of GDP,histórico ou estimativa; consultar WEO,World Economic Outlook (April 2026)
Uruguai,URY,2025,BCA_NGDPD,-0.5,Percent of GDP,histórico ou estimativa; consultar WEO,World Economic Outlook (April 2026)
Uruguai,URY,2026,BCA_NGDPD,-0.8,Percent of GDP,projeção,World Economic Outlook (April 2026)
Canadá,CAN,2000,BCA_NGDPD,2.6,Percent of GDP,histórico ou estimativa; consultar WEO,World Economic Outlook (April 2026)
Canadá,CAN,2001,BCA_NGDPD,2.2,Percent of GDP,histórico ou estimativa; consultar WEO,World Economic Outlook (April 2026)
Canadá,CAN,2002,BCA_NGDPD,1.7,Percent of GDP,histórico ou estimativa; consultar WEO,World Economic Outlook (April 2026)
Canadá,CAN,2003,BCA_NGDPD,1.2,Percent of GDP,histórico ou estimativa; consultar WEO,World Economic Outlook (April 2026)
Canadá,CAN,2004,BCA_NGDPD,2.3,Percent of GDP,histórico ou estimativa; consultar WEO,World Economic Outlook (April 2026)
Canadá,CAN,2005,BCA_NGDPD,1.9,Percent of GDP,histórico ou estimativa; consultar WEO,World Economic Outlook (April 2026)
Canadá,CAN,2006,BCA_NGDPD,1.4,Percent of GDP,histórico ou estimativa; consultar WEO,World Economic Outlook (April 2026)
Canadá,CAN,2007,BCA_NGDPD,0.8,Percent of GDP,histórico ou estimativa; consultar WEO,World Economic Outlook (April 2026)
Canadá,CAN,2008,BCA_NGDPD,0.1,Percent of GDP,histórico ou estimativa; consultar WEO,World Economic Outlook (April 2026)
Canadá,CAN,2009,BCA_NGDPD,-2.9,Percent of GDP,histórico ou estimativa; consultar WEO,World Economic Outlook (April 2026)
Canadá,CAN,2010,BCA_NGDPD,-3.6,Percent of GDP,histórico ou estimativa; consultar WEO,World Economic Outlook (April 2026)
Canadá,CAN,2011,BCA_NGDPD,-2.7,Percent of GDP,histórico ou estimativa; consultar WEO,World Economic Outlook (April 2026)
Canadá,CAN,2012,BCA_NGDPD,-3.5,Percent of GDP,histórico ou estimativa; consultar WEO,World Economic Outlook (April 2026)
Canadá,CAN,2013,BCA_NGDPD,-3.1,Percent of GDP,histórico ou estimativa; consultar WEO,World Economic Outlook (April 2026)
Canadá,CAN,2014,BCA_NGDPD,-2.3,Percent of GDP,histórico ou estimativa; consultar WEO,World Economic Outlook (April 2026)
Canadá,CAN,2015,BCA_NGDPD,-3.5,Percent of GDP,histórico ou estimativa; consultar WEO,World Economic Outlook (April 2026)
Canadá,CAN,2016,BCA_NGDPD,-3.1,Percent of GDP,histórico ou estimativa; consultar WEO,World Economic Outlook (April 2026)
Canadá,CAN,2017,BCA_NGDPD,-2.8,Percent of GDP,histórico ou estimativa; consultar WEO,World Economic Outlook (April 2026)
Canadá,CAN,2018,BCA_NGDPD,-2.4,Percent of GDP,histórico ou estimativa; consultar WEO,World Economic Outlook (April 2026)
Canadá,CAN,2019,BCA_NGDPD,-2,Percent of GDP,histórico ou estimativa; consultar WEO,World Economic Outlook (April 2026)
Canadá,CAN,2020,BCA_NGDPD,-2,Percent of GDP,histórico ou estimativa; consultar WEO,World Economic Outlook (April 2026)
Canadá,CAN,2021,BCA_NGDPD,0,Percent of GDP,histórico ou estimativa; consultar WEO,World Economic Outlook (April 2026)
Canadá,CAN,2022,BCA_NGDPD,-0.5,Percent of GDP,histórico ou estimativa; consultar WEO,World Economic Outlook (April 2026)
Canadá,CAN,2023,BCA_NGDPD,-0.7,Percent of GDP,histórico ou estimativa; consultar WEO,World Economic Outlook (April 2026)
Canadá,CAN,2024,BCA_NGDPD,-0.5,Percent of GDP,histórico ou estimativa; consultar WEO,World Economic Outlook (April 2026)
Canadá,CAN,2025,BCA_NGDPD,-0.9,Percent of GDP,histórico ou estimativa; consultar WEO,World Economic Outlook (April 2026)
Canadá,CAN,2026,BCA_NGDPD,-0.2,Percent of GDP,projeção,World Economic Outlook (April 2026)
Reino Unido,GBR,2000,BCA_NGDPD,-1.9,Percent of GDP,histórico ou estimativa; consultar WEO,World Economic Outlook (April 2026)
Reino Unido,GBR,2001,BCA_NGDPD,-1.8,Percent of GDP,histórico ou estimativa; consultar WEO,World Economic Outlook (April 2026)
Reino Unido,GBR,2002,BCA_NGDPD,-2,Percent of GDP,histórico ou estimativa; consultar WEO,World Economic Outlook (April 2026)
Reino Unido,GBR,2003,BCA_NGDPD,-1.8,Percent of GDP,histórico ou estimativa; consultar WEO,World Economic Outlook (April 2026)
Reino Unido,GBR,2004,BCA_NGDPD,-2.3,Percent of GDP,histórico ou estimativa; consultar WEO,World Economic Outlook (April 2026)
Reino Unido,GBR,2005,BCA_NGDPD,-2,Percent of GDP,histórico ou estimativa; consultar WEO,World Economic Outlook (April 2026)
Reino Unido,GBR,2006,BCA_NGDPD,-3.1,Percent of GDP,histórico ou estimativa; consultar WEO,World Economic Outlook (April 2026)
Reino Unido,GBR,2007,BCA_NGDPD,-3.7,Percent of GDP,histórico ou estimativa; consultar WEO,World Economic Outlook (April 2026)
Reino Unido,GBR,2008,BCA_NGDPD,-3.8,Percent of GDP,histórico ou estimativa; consultar WEO,World Economic Outlook (April 2026)
Reino Unido,GBR,2009,BCA_NGDPD,-3.1,Percent of GDP,histórico ou estimativa; consultar WEO,World Economic Outlook (April 2026)
Reino Unido,GBR,2010,BCA_NGDPD,-2.8,Percent of GDP,histórico ou estimativa; consultar WEO,World Economic Outlook (April 2026)
Reino Unido,GBR,2011,BCA_NGDPD,-1.6,Percent of GDP,histórico ou estimativa; consultar WEO,World Economic Outlook (April 2026)
Reino Unido,GBR,2012,BCA_NGDPD,-3.1,Percent of GDP,histórico ou estimativa; consultar WEO,World Economic Outlook (April 2026)
Reino Unido,GBR,2013,BCA_NGDPD,-4.5,Percent of GDP,histórico ou estimativa; consultar WEO,World Economic Outlook (April 2026)
Reino Unido,GBR,2014,BCA_NGDPD,-4.8,Percent of GDP,histórico ou estimativa; consultar WEO,World Economic Outlook (April 2026)
Reino Unido,GBR,2015,BCA_NGDPD,-4.8,Percent of GDP,histórico ou estimativa; consultar WEO,World Economic Outlook (April 2026)
Reino Unido,GBR,2016,BCA_NGDPD,-5.2,Percent of GDP,histórico ou estimativa; consultar WEO,World Economic Outlook (April 2026)
Reino Unido,GBR,2017,BCA_NGDPD,-3.4,Percent of GDP,histórico ou estimativa; consultar WEO,World Economic Outlook (April 2026)
Reino Unido,GBR,2018,BCA_NGDPD,-3.7,Percent of GDP,histórico ou estimativa; consultar WEO,World Economic Outlook (April 2026)
Reino Unido,GBR,2019,BCA_NGDPD,-2.5,Percent of GDP,histórico ou estimativa; consultar WEO,World Economic Outlook (April 2026)
Reino Unido,GBR,2020,BCA_NGDPD,-2.7,Percent of GDP,histórico ou estimativa; consultar WEO,World Economic Outlook (April 2026)
Reino Unido,GBR,2021,BCA_NGDPD,-0.8,Percent of GDP,histórico ou estimativa; consultar WEO,World Economic Outlook (April 2026)
Reino Unido,GBR,2022,BCA_NGDPD,-1.9,Percent of GDP,histórico ou estimativa; consultar WEO,World Economic Outlook (April 2026)
Reino Unido,GBR,2023,BCA_NGDPD,-3.6,Percent of GDP,histórico ou estimativa; consultar WEO,World Economic Outlook (April 2026)
Reino Unido,GBR,2024,BCA_NGDPD,-3,Percent of GDP,histórico ou estimativa; consultar WEO,World Economic Outlook (April 2026)
Reino Unido,GBR,2025,BCA_NGDPD,-3.1,Percent of GDP,histórico ou estimativa; consultar WEO,World Economic Outlook (April 2026)
Reino Unido,GBR,2026,BCA_NGDPD,-3.4,Percent of GDP,projeção,World Economic Outlook (April 2026)
Alemanha,DEU,2000,BCA_NGDPD,-1.5,Percent of GDP,histórico ou estimativa; consultar WEO,World Economic Outlook (April 2026)
Alemanha,DEU,2001,BCA_NGDPD,-0.2,Percent of GDP,histórico ou estimativa; consultar WEO,World Economic Outlook (April 2026)
Alemanha,DEU,2002,BCA_NGDPD,2,Percent of GDP,histórico ou estimativa; consultar WEO,World Economic Outlook (April 2026)
Alemanha,DEU,2003,BCA_NGDPD,1.5,Percent of GDP,histórico ou estimativa; consultar WEO,World Economic Outlook (April 2026)
Alemanha,DEU,2004,BCA_NGDPD,4.5,Percent of GDP,histórico ou estimativa; consultar WEO,World Economic Outlook (April 2026)
Alemanha,DEU,2005,BCA_NGDPD,4.7,Percent of GDP,histórico ou estimativa; consultar WEO,World Economic Outlook (April 2026)
Alemanha,DEU,2006,BCA_NGDPD,5.8,Percent of GDP,histórico ou estimativa; consultar WEO,World Economic Outlook (April 2026)
Alemanha,DEU,2007,BCA_NGDPD,6.7,Percent of GDP,histórico ou estimativa; consultar WEO,World Economic Outlook (April 2026)
Alemanha,DEU,2008,BCA_NGDPD,5.6,Percent of GDP,histórico ou estimativa; consultar WEO,World Economic Outlook (April 2026)
Alemanha,DEU,2009,BCA_NGDPD,5.8,Percent of GDP,histórico ou estimativa; consultar WEO,World Economic Outlook (April 2026)
Alemanha,DEU,2010,BCA_NGDPD,5.7,Percent of GDP,histórico ou estimativa; consultar WEO,World Economic Outlook (April 2026)
Alemanha,DEU,2011,BCA_NGDPD,6.3,Percent of GDP,histórico ou estimativa; consultar WEO,World Economic Outlook (April 2026)
Alemanha,DEU,2012,BCA_NGDPD,7.2,Percent of GDP,histórico ou estimativa; consultar WEO,World Economic Outlook (April 2026)
Alemanha,DEU,2013,BCA_NGDPD,6.7,Percent of GDP,histórico ou estimativa; consultar WEO,World Economic Outlook (April 2026)
Alemanha,DEU,2014,BCA_NGDPD,7.2,Percent of GDP,histórico ou estimativa; consultar WEO,World Economic Outlook (April 2026)
Alemanha,DEU,2015,BCA_NGDPD,8.1,Percent of GDP,histórico ou estimativa; consultar WEO,World Economic Outlook (April 2026)
Alemanha,DEU,2016,BCA_NGDPD,8.9,Percent of GDP,histórico ou estimativa; consultar WEO,World Economic Outlook (April 2026)
Alemanha,DEU,2017,BCA_NGDPD,8.1,Percent of GDP,histórico ou estimativa; consultar WEO,World Economic Outlook (April 2026)
Alemanha,DEU,2018,BCA_NGDPD,8.4,Percent of GDP,histórico ou estimativa; consultar WEO,World Economic Outlook (April 2026)
Alemanha,DEU,2019,BCA_NGDPD,7.9,Percent of GDP,histórico ou estimativa; consultar WEO,World Economic Outlook (April 2026)
Alemanha,DEU,2020,BCA_NGDPD,6.3,Percent of GDP,histórico ou estimativa; consultar WEO,World Economic Outlook (April 2026)
Alemanha,DEU,2021,BCA_NGDPD,6.9,Percent of GDP,histórico ou estimativa; consultar WEO,World Economic Outlook (April 2026)
Alemanha,DEU,2022,BCA_NGDPD,3.8,Percent of GDP,histórico ou estimativa; consultar WEO,World Economic Outlook (April 2026)
Alemanha,DEU,2023,BCA_NGDPD,5.5,Percent of GDP,histórico ou estimativa; consultar WEO,World Economic Outlook (April 2026)
Alemanha,DEU,2024,BCA_NGDPD,5.8,Percent of GDP,histórico ou estimativa; consultar WEO,World Economic Outlook (April 2026)
Alemanha,DEU,2025,BCA_NGDPD,4.4,Percent of GDP,histórico ou estimativa; consultar WEO,World Economic Outlook (April 2026)
Alemanha,DEU,2026,BCA_NGDPD,3.9,Percent of GDP,projeção,World Economic Outlook (April 2026)
França,FRA,2000,BCA_NGDPD,1.1,Percent of GDP,histórico ou estimativa; consultar WEO,World Economic Outlook (April 2026)
França,FRA,2001,BCA_NGDPD,1.6,Percent of GDP,histórico ou estimativa; consultar WEO,World Economic Outlook (April 2026)
França,FRA,2002,BCA_NGDPD,1.2,Percent of GDP,histórico ou estimativa; consultar WEO,World Economic Outlook (April 2026)
França,FRA,2003,BCA_NGDPD,0.8,Percent of GDP,histórico ou estimativa; consultar WEO,World Economic Outlook (April 2026)
França,FRA,2004,BCA_NGDPD,0.5,Percent of GDP,histórico ou estimativa; consultar WEO,World Economic Outlook (April 2026)
França,FRA,2005,BCA_NGDPD,0.1,Percent of GDP,histórico ou estimativa; consultar WEO,World Economic Outlook (April 2026)
França,FRA,2006,BCA_NGDPD,0.3,Percent of GDP,histórico ou estimativa; consultar WEO,World Economic Outlook (April 2026)
França,FRA,2007,BCA_NGDPD,-0.1,Percent of GDP,histórico ou estimativa; consultar WEO,World Economic Outlook (April 2026)
França,FRA,2008,BCA_NGDPD,-0.7,Percent of GDP,histórico ou estimativa; consultar WEO,World Economic Outlook (April 2026)
França,FRA,2009,BCA_NGDPD,-0.6,Percent of GDP,histórico ou estimativa; consultar WEO,World Economic Outlook (April 2026)
França,FRA,2010,BCA_NGDPD,-0.6,Percent of GDP,histórico ou estimativa; consultar WEO,World Economic Outlook (April 2026)
França,FRA,2011,BCA_NGDPD,-0.9,Percent of GDP,histórico ou estimativa; consultar WEO,World Economic Outlook (April 2026)
França,FRA,2012,BCA_NGDPD,-2.1,Percent of GDP,histórico ou estimativa; consultar WEO,World Economic Outlook (April 2026)
França,FRA,2013,BCA_NGDPD,-0.6,Percent of GDP,histórico ou estimativa; consultar WEO,World Economic Outlook (April 2026)
França,FRA,2014,BCA_NGDPD,-0.9,Percent of GDP,histórico ou estimativa; consultar WEO,World Economic Outlook (April 2026)
França,FRA,2015,BCA_NGDPD,-0.3,Percent of GDP,histórico ou estimativa; consultar WEO,World Economic Outlook (April 2026)
França,FRA,2016,BCA_NGDPD,-0.5,Percent of GDP,histórico ou estimativa; consultar WEO,World Economic Outlook (April 2026)
França,FRA,2017,BCA_NGDPD,-0.5,Percent of GDP,histórico ou estimativa; consultar WEO,World Economic Outlook (April 2026)
França,FRA,2018,BCA_NGDPD,-0.7,Percent of GDP,histórico ou estimativa; consultar WEO,World Economic Outlook (April 2026)
França,FRA,2019,BCA_NGDPD,0.6,Percent of GDP,histórico ou estimativa; consultar WEO,World Economic Outlook (April 2026)
França,FRA,2020,BCA_NGDPD,-2.1,Percent of GDP,histórico ou estimativa; consultar WEO,World Economic Outlook (April 2026)
França,FRA,2021,BCA_NGDPD,0.3,Percent of GDP,histórico ou estimativa; consultar WEO,World Economic Outlook (April 2026)
França,FRA,2022,BCA_NGDPD,-1.4,Percent of GDP,histórico ou estimativa; consultar WEO,World Economic Outlook (April 2026)
França,FRA,2023,BCA_NGDPD,-1,Percent of GDP,histórico ou estimativa; consultar WEO,World Economic Outlook (April 2026)
França,FRA,2024,BCA_NGDPD,0.1,Percent of GDP,histórico ou estimativa; consultar WEO,World Economic Outlook (April 2026)
França,FRA,2025,BCA_NGDPD,-0.4,Percent of GDP,histórico ou estimativa; consultar WEO,World Economic Outlook (April 2026)
França,FRA,2026,BCA_NGDPD,-0.3,Percent of GDP,projeção,World Economic Outlook (April 2026)
África do Sul,ZAF,2000,BCA_NGDPD,-0.1,Percent of GDP,histórico ou estimativa; consultar WEO,World Economic Outlook (April 2026)
África do Sul,ZAF,2001,BCA_NGDPD,0.2,Percent of GDP,histórico ou estimativa; consultar WEO,World Economic Outlook (April 2026)
África do Sul,ZAF,2002,BCA_NGDPD,0.8,Percent of GDP,histórico ou estimativa; consultar WEO,World Economic Outlook (April 2026)
África do Sul,ZAF,2003,BCA_NGDPD,-0.7,Percent of GDP,histórico ou estimativa; consultar WEO,World Economic Outlook (April 2026)
África do Sul,ZAF,2004,BCA_NGDPD,-2.5,Percent of GDP,histórico ou estimativa; consultar WEO,World Economic Outlook (April 2026)
África do Sul,ZAF,2005,BCA_NGDPD,-2.8,Percent of GDP,histórico ou estimativa; consultar WEO,World Economic Outlook (April 2026)
África do Sul,ZAF,2006,BCA_NGDPD,-4,Percent of GDP,histórico ou estimativa; consultar WEO,World Economic Outlook (April 2026)
África do Sul,ZAF,2007,BCA_NGDPD,-4.8,Percent of GDP,histórico ou estimativa; consultar WEO,World Economic Outlook (April 2026)
África do Sul,ZAF,2008,BCA_NGDPD,-5,Percent of GDP,histórico ou estimativa; consultar WEO,World Economic Outlook (April 2026)
África do Sul,ZAF,2009,BCA_NGDPD,-2.4,Percent of GDP,histórico ou estimativa; consultar WEO,World Economic Outlook (April 2026)
África do Sul,ZAF,2010,BCA_NGDPD,-1.3,Percent of GDP,histórico ou estimativa; consultar WEO,World Economic Outlook (April 2026)
África do Sul,ZAF,2011,BCA_NGDPD,-2,Percent of GDP,histórico ou estimativa; consultar WEO,World Economic Outlook (April 2026)
África do Sul,ZAF,2012,BCA_NGDPD,-4.7,Percent of GDP,histórico ou estimativa; consultar WEO,World Economic Outlook (April 2026)
África do Sul,ZAF,2013,BCA_NGDPD,-5.3,Percent of GDP,histórico ou estimativa; consultar WEO,World Economic Outlook (April 2026)
África do Sul,ZAF,2014,BCA_NGDPD,-4.8,Percent of GDP,histórico ou estimativa; consultar WEO,World Economic Outlook (April 2026)
África do Sul,ZAF,2015,BCA_NGDPD,-4.3,Percent of GDP,histórico ou estimativa; consultar WEO,World Economic Outlook (April 2026)
África do Sul,ZAF,2016,BCA_NGDPD,-2.7,Percent of GDP,histórico ou estimativa; consultar WEO,World Economic Outlook (April 2026)
África do Sul,ZAF,2017,BCA_NGDPD,-2.4,Percent of GDP,histórico ou estimativa; consultar WEO,World Economic Outlook (April 2026)
África do Sul,ZAF,2018,BCA_NGDPD,-2.9,Percent of GDP,histórico ou estimativa; consultar WEO,World Economic Outlook (April 2026)
África do Sul,ZAF,2019,BCA_NGDPD,-2.6,Percent of GDP,histórico ou estimativa; consultar WEO,World Economic Outlook (April 2026)
África do Sul,ZAF,2020,BCA_NGDPD,2,Percent of GDP,histórico ou estimativa; consultar WEO,World Economic Outlook (April 2026)
África do Sul,ZAF,2021,BCA_NGDPD,3.7,Percent of GDP,histórico ou estimativa; consultar WEO,World Economic Outlook (April 2026)
África do Sul,ZAF,2022,BCA_NGDPD,-0.3,Percent of GDP,histórico ou estimativa; consultar WEO,World Economic Outlook (April 2026)
África do Sul,ZAF,2023,BCA_NGDPD,-1.1,Percent of GDP,histórico ou estimativa; consultar WEO,World Economic Outlook (April 2026)
África do Sul,ZAF,2024,BCA_NGDPD,-0.7,Percent of GDP,histórico ou estimativa; consultar WEO,World Economic Outlook (April 2026)
África do Sul,ZAF,2025,BCA_NGDPD,-0.5,Percent of GDP,histórico ou estimativa; consultar WEO,World Economic Outlook (April 2026)
África do Sul,ZAF,2026,BCA_NGDPD,-0.9,Percent of GDP,projeção,World Economic Outlook (April 2026)
Índia,IND,2000,BCA_NGDPD,-0.6,Percent of GDP,histórico ou estimativa; consultar WEO,World Economic Outlook (April 2026)
Índia,IND,2001,BCA_NGDPD,0.7,Percent of GDP,histórico ou estimativa; consultar WEO,World Economic Outlook (April 2026)
Índia,IND,2002,BCA_NGDPD,1.2,Percent of GDP,histórico ou estimativa; consultar WEO,World Economic Outlook (April 2026)
Índia,IND,2003,BCA_NGDPD,2.3,Percent of GDP,histórico ou estimativa; consultar WEO,World Economic Outlook (April 2026)
Índia,IND,2004,BCA_NGDPD,-0.3,Percent of GDP,histórico ou estimativa; consultar WEO,World Economic Outlook (April 2026)
Índia,IND,2005,BCA_NGDPD,-1.2,Percent of GDP,histórico ou estimativa; consultar WEO,World Economic Outlook (April 2026)
Índia,IND,2006,BCA_NGDPD,-1,Percent of GDP,histórico ou estimativa; consultar WEO,World Economic Outlook (April 2026)
Índia,IND,2007,BCA_NGDPD,-1.3,Percent of GDP,histórico ou estimativa; consultar WEO,World Economic Outlook (April 2026)
Índia,IND,2008,BCA_NGDPD,-2.3,Percent of GDP,histórico ou estimativa; consultar WEO,World Economic Outlook (April 2026)
Índia,IND,2009,BCA_NGDPD,-2.9,Percent of GDP,histórico ou estimativa; consultar WEO,World Economic Outlook (April 2026)
Índia,IND,2010,BCA_NGDPD,-2.9,Percent of GDP,histórico ou estimativa; consultar WEO,World Economic Outlook (April 2026)
Índia,IND,2011,BCA_NGDPD,-4.3,Percent of GDP,histórico ou estimativa; consultar WEO,World Economic Outlook (April 2026)
Índia,IND,2012,BCA_NGDPD,-4.8,Percent of GDP,histórico ou estimativa; consultar WEO,World Economic Outlook (April 2026)
Índia,IND,2013,BCA_NGDPD,-1.7,Percent of GDP,histórico ou estimativa; consultar WEO,World Economic Outlook (April 2026)
Índia,IND,2014,BCA_NGDPD,-1.3,Percent of GDP,histórico ou estimativa; consultar WEO,World Economic Outlook (April 2026)
Índia,IND,2015,BCA_NGDPD,-1.1,Percent of GDP,histórico ou estimativa; consultar WEO,World Economic Outlook (April 2026)
Índia,IND,2016,BCA_NGDPD,-0.6,Percent of GDP,histórico ou estimativa; consultar WEO,World Economic Outlook (April 2026)
Índia,IND,2017,BCA_NGDPD,-1.9,Percent of GDP,histórico ou estimativa; consultar WEO,World Economic Outlook (April 2026)
Índia,IND,2018,BCA_NGDPD,-2.2,Percent of GDP,histórico ou estimativa; consultar WEO,World Economic Outlook (April 2026)
Índia,IND,2019,BCA_NGDPD,-0.9,Percent of GDP,histórico ou estimativa; consultar WEO,World Economic Outlook (April 2026)
Índia,IND,2020,BCA_NGDPD,0.9,Percent of GDP,histórico ou estimativa; consultar WEO,World Economic Outlook (April 2026)
Índia,IND,2021,BCA_NGDPD,-1.3,Percent of GDP,histórico ou estimativa; consultar WEO,World Economic Outlook (April 2026)
Índia,IND,2022,BCA_NGDPD,-2.1,Percent of GDP,histórico ou estimativa; consultar WEO,World Economic Outlook (April 2026)
Índia,IND,2023,BCA_NGDPD,-0.7,Percent of GDP,histórico ou estimativa; consultar WEO,World Economic Outlook (April 2026)
Índia,IND,2024,BCA_NGDPD,-0.6,Percent of GDP,histórico ou estimativa; consultar WEO,World Economic Outlook (April 2026)
Índia,IND,2025,BCA_NGDPD,-0.9,Percent of GDP,histórico ou estimativa; consultar WEO,World Economic Outlook (April 2026)
Índia,IND,2026,BCA_NGDPD,-2,Percent of GDP,projeção,World Economic Outlook (April 2026)
Brasil,BRA,2000,LUR,10.5,Percent,histórico ou estimativa; consultar WEO,World Economic Outlook (April 2026)
Brasil,BRA,2001,LUR,10.6,Percent,histórico ou estimativa; consultar WEO,World Economic Outlook (April 2026)
Brasil,BRA,2002,LUR,10.6,Percent,histórico ou estimativa; consultar WEO,World Economic Outlook (April 2026)
Brasil,BRA,2003,LUR,11.2,Percent,histórico ou estimativa; consultar WEO,World Economic Outlook (April 2026)
Brasil,BRA,2004,LUR,10.1,Percent,histórico ou estimativa; consultar WEO,World Economic Outlook (April 2026)
Brasil,BRA,2005,LUR,10.6,Percent,histórico ou estimativa; consultar WEO,World Economic Outlook (April 2026)
Brasil,BRA,2006,LUR,9.7,Percent,histórico ou estimativa; consultar WEO,World Economic Outlook (April 2026)
Brasil,BRA,2007,LUR,9.3,Percent,histórico ou estimativa; consultar WEO,World Economic Outlook (April 2026)
Brasil,BRA,2008,LUR,8.3,Percent,histórico ou estimativa; consultar WEO,World Economic Outlook (April 2026)
Brasil,BRA,2009,LUR,9.4,Percent,histórico ou estimativa; consultar WEO,World Economic Outlook (April 2026)
Brasil,BRA,2010,LUR,8,Percent,histórico ou estimativa; consultar WEO,World Economic Outlook (April 2026)
Brasil,BRA,2011,LUR,7.6,Percent,histórico ou estimativa; consultar WEO,World Economic Outlook (April 2026)
Brasil,BRA,2012,LUR,6.9,Percent,histórico ou estimativa; consultar WEO,World Economic Outlook (April 2026)
Brasil,BRA,2013,LUR,7.2,Percent,histórico ou estimativa; consultar WEO,World Economic Outlook (April 2026)
Brasil,BRA,2014,LUR,6.9,Percent,histórico ou estimativa; consultar WEO,World Economic Outlook (April 2026)
Brasil,BRA,2015,LUR,8.6,Percent,histórico ou estimativa; consultar WEO,World Economic Outlook (April 2026)
Brasil,BRA,2016,LUR,11.6,Percent,histórico ou estimativa; consultar WEO,World Economic Outlook (April 2026)
Brasil,BRA,2017,LUR,12.9,Percent,histórico ou estimativa; consultar WEO,World Economic Outlook (April 2026)
Brasil,BRA,2018,LUR,12.4,Percent,histórico ou estimativa; consultar WEO,World Economic Outlook (April 2026)
Brasil,BRA,2019,LUR,12,Percent,histórico ou estimativa; consultar WEO,World Economic Outlook (April 2026)
Brasil,BRA,2020,LUR,13.8,Percent,histórico ou estimativa; consultar WEO,World Economic Outlook (April 2026)
Brasil,BRA,2021,LUR,13.2,Percent,histórico ou estimativa; consultar WEO,World Economic Outlook (April 2026)
Brasil,BRA,2022,LUR,9.3,Percent,histórico ou estimativa; consultar WEO,World Economic Outlook (April 2026)
Brasil,BRA,2023,LUR,8,Percent,histórico ou estimativa; consultar WEO,World Economic Outlook (April 2026)
Brasil,BRA,2024,LUR,6.9,Percent,histórico ou estimativa; consultar WEO,World Economic Outlook (April 2026)
Brasil,BRA,2025,LUR,6,Percent,histórico ou estimativa; consultar WEO,World Economic Outlook (April 2026)
Brasil,BRA,2026,LUR,6.8,Percent,projeção,World Economic Outlook (April 2026)
Estados Unidos,USA,2000,LUR,4,Percent,histórico ou estimativa; consultar WEO,World Economic Outlook (April 2026)
Estados Unidos,USA,2001,LUR,4.7,Percent,histórico ou estimativa; consultar WEO,World Economic Outlook (April 2026)
Estados Unidos,USA,2002,LUR,5.8,Percent,histórico ou estimativa; consultar WEO,World Economic Outlook (April 2026)
Estados Unidos,USA,2003,LUR,6,Percent,histórico ou estimativa; consultar WEO,World Economic Outlook (April 2026)
Estados Unidos,USA,2004,LUR,5.5,Percent,histórico ou estimativa; consultar WEO,World Economic Outlook (April 2026)
Estados Unidos,USA,2005,LUR,5.1,Percent,histórico ou estimativa; consultar WEO,World Economic Outlook (April 2026)
Estados Unidos,USA,2006,LUR,4.6,Percent,histórico ou estimativa; consultar WEO,World Economic Outlook (April 2026)
Estados Unidos,USA,2007,LUR,4.6,Percent,histórico ou estimativa; consultar WEO,World Economic Outlook (April 2026)
Estados Unidos,USA,2008,LUR,5.8,Percent,histórico ou estimativa; consultar WEO,World Economic Outlook (April 2026)
Estados Unidos,USA,2009,LUR,9.3,Percent,histórico ou estimativa; consultar WEO,World Economic Outlook (April 2026)
Estados Unidos,USA,2010,LUR,9.6,Percent,histórico ou estimativa; consultar WEO,World Economic Outlook (April 2026)
Estados Unidos,USA,2011,LUR,8.9,Percent,histórico ou estimativa; consultar WEO,World Economic Outlook (April 2026)
Estados Unidos,USA,2012,LUR,8.1,Percent,histórico ou estimativa; consultar WEO,World Economic Outlook (April 2026)
Estados Unidos,USA,2013,LUR,7.4,Percent,histórico ou estimativa; consultar WEO,World Economic Outlook (April 2026)
Estados Unidos,USA,2014,LUR,6.2,Percent,histórico ou estimativa; consultar WEO,World Economic Outlook (April 2026)
Estados Unidos,USA,2015,LUR,5.3,Percent,histórico ou estimativa; consultar WEO,World Economic Outlook (April 2026)
Estados Unidos,USA,2016,LUR,4.9,Percent,histórico ou estimativa; consultar WEO,World Economic Outlook (April 2026)
Estados Unidos,USA,2017,LUR,4.4,Percent,histórico ou estimativa; consultar WEO,World Economic Outlook (April 2026)
Estados Unidos,USA,2018,LUR,3.9,Percent,histórico ou estimativa; consultar WEO,World Economic Outlook (April 2026)
Estados Unidos,USA,2019,LUR,3.7,Percent,histórico ou estimativa; consultar WEO,World Economic Outlook (April 2026)
Estados Unidos,USA,2020,LUR,8.1,Percent,histórico ou estimativa; consultar WEO,World Economic Outlook (April 2026)
Estados Unidos,USA,2021,LUR,5.4,Percent,histórico ou estimativa; consultar WEO,World Economic Outlook (April 2026)
Estados Unidos,USA,2022,LUR,3.7,Percent,histórico ou estimativa; consultar WEO,World Economic Outlook (April 2026)
Estados Unidos,USA,2023,LUR,3.6,Percent,histórico ou estimativa; consultar WEO,World Economic Outlook (April 2026)
Estados Unidos,USA,2024,LUR,4,Percent,histórico ou estimativa; consultar WEO,World Economic Outlook (April 2026)
Estados Unidos,USA,2025,LUR,4.3,Percent,histórico ou estimativa; consultar WEO,World Economic Outlook (April 2026)
Estados Unidos,USA,2026,LUR,4.4,Percent,projeção,World Economic Outlook (April 2026)
Colômbia,COL,2000,LUR,13.3,Percent,histórico ou estimativa; consultar WEO,World Economic Outlook (April 2026)
Colômbia,COL,2001,LUR,15,Percent,histórico ou estimativa; consultar WEO,World Economic Outlook (April 2026)
Colômbia,COL,2002,LUR,15.6,Percent,histórico ou estimativa; consultar WEO,World Economic Outlook (April 2026)
Colômbia,COL,2003,LUR,14.1,Percent,histórico ou estimativa; consultar WEO,World Economic Outlook (April 2026)
Colômbia,COL,2004,LUR,13.7,Percent,histórico ou estimativa; consultar WEO,World Economic Outlook (April 2026)
Colômbia,COL,2005,LUR,11.8,Percent,histórico ou estimativa; consultar WEO,World Economic Outlook (April 2026)
Colômbia,COL,2006,LUR,12,Percent,histórico ou estimativa; consultar WEO,World Economic Outlook (April 2026)
Colômbia,COL,2007,LUR,11.2,Percent,histórico ou estimativa; consultar WEO,World Economic Outlook (April 2026)
Colômbia,COL,2008,LUR,11.3,Percent,histórico ou estimativa; consultar WEO,World Economic Outlook (April 2026)
Colômbia,COL,2009,LUR,11.3,Percent,histórico ou estimativa; consultar WEO,World Economic Outlook (April 2026)
Colômbia,COL,2010,LUR,11.2,Percent,histórico ou estimativa; consultar WEO,World Economic Outlook (April 2026)
Colômbia,COL,2011,LUR,10.1,Percent,histórico ou estimativa; consultar WEO,World Economic Outlook (April 2026)
Colômbia,COL,2012,LUR,9.9,Percent,histórico ou estimativa; consultar WEO,World Economic Outlook (April 2026)
Colômbia,COL,2013,LUR,8.6,Percent,histórico ou estimativa; consultar WEO,World Economic Outlook (April 2026)
Colômbia,COL,2014,LUR,9,Percent,histórico ou estimativa; consultar WEO,World Economic Outlook (April 2026)
Colômbia,COL,2015,LUR,8.8,Percent,histórico ou estimativa; consultar WEO,World Economic Outlook (April 2026)
Colômbia,COL,2016,LUR,9.1,Percent,histórico ou estimativa; consultar WEO,World Economic Outlook (April 2026)
Colômbia,COL,2017,LUR,8.9,Percent,histórico ou estimativa; consultar WEO,World Economic Outlook (April 2026)
Colômbia,COL,2018,LUR,10,Percent,histórico ou estimativa; consultar WEO,World Economic Outlook (April 2026)
Colômbia,COL,2019,LUR,9.9,Percent,histórico ou estimativa; consultar WEO,World Economic Outlook (April 2026)
Colômbia,COL,2020,LUR,13.9,Percent,histórico ou estimativa; consultar WEO,World Economic Outlook (April 2026)
Colômbia,COL,2021,LUR,11.1,Percent,histórico ou estimativa; consultar WEO,World Economic Outlook (April 2026)
Colômbia,COL,2022,LUR,10.3,Percent,histórico ou estimativa; consultar WEO,World Economic Outlook (April 2026)
Colômbia,COL,2023,LUR,10,Percent,histórico ou estimativa; consultar WEO,World Economic Outlook (April 2026)
Colômbia,COL,2024,LUR,9.1,Percent,histórico ou estimativa; consultar WEO,World Economic Outlook (April 2026)
Colômbia,COL,2025,LUR,8,Percent,histórico ou estimativa; consultar WEO,World Economic Outlook (April 2026)
Colômbia,COL,2026,LUR,9,Percent,projeção,World Economic Outlook (April 2026)
Argentina,ARG,2000,LUR,17.1,Percent,histórico ou estimativa; consultar WEO,World Economic Outlook (April 2026)
Argentina,ARG,2001,LUR,19.2,Percent,histórico ou estimativa; consultar WEO,World Economic Outlook (April 2026)
Argentina,ARG,2002,LUR,22.5,Percent,histórico ou estimativa; consultar WEO,World Economic Outlook (April 2026)
Argentina,ARG,2003,LUR,17.3,Percent,histórico ou estimativa; consultar WEO,World Economic Outlook (April 2026)
Argentina,ARG,2004,LUR,13.6,Percent,histórico ou estimativa; consultar WEO,World Economic Outlook (April 2026)
Argentina,ARG,2005,LUR,11.6,Percent,histórico ou estimativa; consultar WEO,World Economic Outlook (April 2026)
Argentina,ARG,2006,LUR,10.2,Percent,histórico ou estimativa; consultar WEO,World Economic Outlook (April 2026)
Argentina,ARG,2007,LUR,8.5,Percent,histórico ou estimativa; consultar WEO,World Economic Outlook (April 2026)
Argentina,ARG,2008,LUR,7.9,Percent,histórico ou estimativa; consultar WEO,World Economic Outlook (April 2026)
Argentina,ARG,2009,LUR,8.7,Percent,histórico ou estimativa; consultar WEO,World Economic Outlook (April 2026)
Argentina,ARG,2010,LUR,7.8,Percent,histórico ou estimativa; consultar WEO,World Economic Outlook (April 2026)
Argentina,ARG,2011,LUR,7.2,Percent,histórico ou estimativa; consultar WEO,World Economic Outlook (April 2026)
Argentina,ARG,2012,LUR,7.2,Percent,histórico ou estimativa; consultar WEO,World Economic Outlook (April 2026)
Argentina,ARG,2013,LUR,7.1,Percent,histórico ou estimativa; consultar WEO,World Economic Outlook (April 2026)
Argentina,ARG,2014,LUR,7.3,Percent,histórico ou estimativa; consultar WEO,World Economic Outlook (April 2026)
Argentina,ARG,2015,LUR,6.5,Percent,histórico ou estimativa; consultar WEO,World Economic Outlook (April 2026)
Argentina,ARG,2016,LUR,8.5,Percent,histórico ou estimativa; consultar WEO,World Economic Outlook (April 2026)
Argentina,ARG,2017,LUR,8.4,Percent,histórico ou estimativa; consultar WEO,World Economic Outlook (April 2026)
Argentina,ARG,2018,LUR,9.2,Percent,histórico ou estimativa; consultar WEO,World Economic Outlook (April 2026)
Argentina,ARG,2019,LUR,9.8,Percent,histórico ou estimativa; consultar WEO,World Economic Outlook (April 2026)
Argentina,ARG,2020,LUR,11.6,Percent,histórico ou estimativa; consultar WEO,World Economic Outlook (April 2026)
Argentina,ARG,2021,LUR,8.8,Percent,histórico ou estimativa; consultar WEO,World Economic Outlook (April 2026)
Argentina,ARG,2022,LUR,6.8,Percent,histórico ou estimativa; consultar WEO,World Economic Outlook (April 2026)
Argentina,ARG,2023,LUR,6.1,Percent,histórico ou estimativa; consultar WEO,World Economic Outlook (April 2026)
Argentina,ARG,2024,LUR,7.2,Percent,histórico ou estimativa; consultar WEO,World Economic Outlook (April 2026)
Argentina,ARG,2025,LUR,7.4,Percent,histórico ou estimativa; consultar WEO,World Economic Outlook (April 2026)
Argentina,ARG,2026,LUR,7.2,Percent,projeção,World Economic Outlook (April 2026)
Chile,CHL,2000,LUR,9.7,Percent,histórico ou estimativa; consultar WEO,World Economic Outlook (April 2026)
Chile,CHL,2001,LUR,9.9,Percent,histórico ou estimativa; consultar WEO,World Economic Outlook (April 2026)
Chile,CHL,2002,LUR,9.8,Percent,histórico ou estimativa; consultar WEO,World Economic Outlook (April 2026)
Chile,CHL,2003,LUR,9.5,Percent,histórico ou estimativa; consultar WEO,World Economic Outlook (April 2026)
Chile,CHL,2004,LUR,10,Percent,histórico ou estimativa; consultar WEO,World Economic Outlook (April 2026)
Chile,CHL,2005,LUR,9.3,Percent,histórico ou estimativa; consultar WEO,World Economic Outlook (April 2026)
Chile,CHL,2006,LUR,8,Percent,histórico ou estimativa; consultar WEO,World Economic Outlook (April 2026)
Chile,CHL,2007,LUR,7,Percent,histórico ou estimativa; consultar WEO,World Economic Outlook (April 2026)
Chile,CHL,2008,LUR,7.8,Percent,histórico ou estimativa; consultar WEO,World Economic Outlook (April 2026)
Chile,CHL,2009,LUR,11.1,Percent,histórico ou estimativa; consultar WEO,World Economic Outlook (April 2026)
Chile,CHL,2010,LUR,8.3,Percent,histórico ou estimativa; consultar WEO,World Economic Outlook (April 2026)
Chile,CHL,2011,LUR,7.3,Percent,histórico ou estimativa; consultar WEO,World Economic Outlook (April 2026)
Chile,CHL,2012,LUR,6.6,Percent,histórico ou estimativa; consultar WEO,World Economic Outlook (April 2026)
Chile,CHL,2013,LUR,6.1,Percent,histórico ou estimativa; consultar WEO,World Economic Outlook (April 2026)
Chile,CHL,2014,LUR,6.5,Percent,histórico ou estimativa; consultar WEO,World Economic Outlook (April 2026)
Chile,CHL,2015,LUR,6.3,Percent,histórico ou estimativa; consultar WEO,World Economic Outlook (April 2026)
Chile,CHL,2016,LUR,6.7,Percent,histórico ou estimativa; consultar WEO,World Economic Outlook (April 2026)
Chile,CHL,2017,LUR,7,Percent,histórico ou estimativa; consultar WEO,World Economic Outlook (April 2026)
Chile,CHL,2018,LUR,7.4,Percent,histórico ou estimativa; consultar WEO,World Economic Outlook (April 2026)
Chile,CHL,2019,LUR,7.2,Percent,histórico ou estimativa; consultar WEO,World Economic Outlook (April 2026)
Chile,CHL,2020,LUR,10.8,Percent,histórico ou estimativa; consultar WEO,World Economic Outlook (April 2026)
Chile,CHL,2021,LUR,8.9,Percent,histórico ou estimativa; consultar WEO,World Economic Outlook (April 2026)
Chile,CHL,2022,LUR,7.9,Percent,histórico ou estimativa; consultar WEO,World Economic Outlook (April 2026)
Chile,CHL,2023,LUR,8.7,Percent,histórico ou estimativa; consultar WEO,World Economic Outlook (April 2026)
Chile,CHL,2024,LUR,8.5,Percent,histórico ou estimativa; consultar WEO,World Economic Outlook (April 2026)
Chile,CHL,2025,LUR,8.5,Percent,histórico ou estimativa; consultar WEO,World Economic Outlook (April 2026)
Chile,CHL,2026,LUR,8.1,Percent,projeção,World Economic Outlook (April 2026)
México,MEX,2000,LUR,2.2,Percent,histórico ou estimativa; consultar WEO,World Economic Outlook (April 2026)
México,MEX,2001,LUR,2.8,Percent,histórico ou estimativa; consultar WEO,World Economic Outlook (April 2026)
México,MEX,2002,LUR,3,Percent,histórico ou estimativa; consultar WEO,World Economic Outlook (April 2026)
México,MEX,2003,LUR,3.4,Percent,histórico ou estimativa; consultar WEO,World Economic Outlook (April 2026)
México,MEX,2004,LUR,3.9,Percent,histórico ou estimativa; consultar WEO,World Economic Outlook (April 2026)
México,MEX,2005,LUR,3.5,Percent,histórico ou estimativa; consultar WEO,World Economic Outlook (April 2026)
México,MEX,2006,LUR,3.6,Percent,histórico ou estimativa; consultar WEO,World Economic Outlook (April 2026)
México,MEX,2007,LUR,3.7,Percent,histórico ou estimativa; consultar WEO,World Economic Outlook (April 2026)
México,MEX,2008,LUR,3.9,Percent,histórico ou estimativa; consultar WEO,World Economic Outlook (April 2026)
México,MEX,2009,LUR,5.4,Percent,histórico ou estimativa; consultar WEO,World Economic Outlook (April 2026)
México,MEX,2010,LUR,5.3,Percent,histórico ou estimativa; consultar WEO,World Economic Outlook (April 2026)
México,MEX,2011,LUR,5.2,Percent,histórico ou estimativa; consultar WEO,World Economic Outlook (April 2026)
México,MEX,2012,LUR,4.9,Percent,histórico ou estimativa; consultar WEO,World Economic Outlook (April 2026)
México,MEX,2013,LUR,4.9,Percent,histórico ou estimativa; consultar WEO,World Economic Outlook (April 2026)
México,MEX,2014,LUR,4.8,Percent,histórico ou estimativa; consultar WEO,World Economic Outlook (April 2026)
México,MEX,2015,LUR,4.3,Percent,histórico ou estimativa; consultar WEO,World Economic Outlook (April 2026)
México,MEX,2016,LUR,3.9,Percent,histórico ou estimativa; consultar WEO,World Economic Outlook (April 2026)
México,MEX,2017,LUR,3.4,Percent,histórico ou estimativa; consultar WEO,World Economic Outlook (April 2026)
México,MEX,2018,LUR,3.3,Percent,histórico ou estimativa; consultar WEO,World Economic Outlook (April 2026)
México,MEX,2019,LUR,3.5,Percent,histórico ou estimativa; consultar WEO,World Economic Outlook (April 2026)
México,MEX,2020,LUR,4.4,Percent,histórico ou estimativa; consultar WEO,World Economic Outlook (April 2026)
México,MEX,2021,LUR,4.1,Percent,histórico ou estimativa; consultar WEO,World Economic Outlook (April 2026)
México,MEX,2022,LUR,3.3,Percent,histórico ou estimativa; consultar WEO,World Economic Outlook (April 2026)
México,MEX,2023,LUR,2.8,Percent,histórico ou estimativa; consultar WEO,World Economic Outlook (April 2026)
México,MEX,2024,LUR,2.7,Percent,histórico ou estimativa; consultar WEO,World Economic Outlook (April 2026)
México,MEX,2025,LUR,2.6,Percent,histórico ou estimativa; consultar WEO,World Economic Outlook (April 2026)
México,MEX,2026,LUR,2.7,Percent,projeção,World Economic Outlook (April 2026)
Peru,PER,2000,LUR,7.8,Percent,histórico ou estimativa; consultar WEO,World Economic Outlook (April 2026)
Peru,PER,2001,LUR,9.2,Percent,histórico ou estimativa; consultar WEO,World Economic Outlook (April 2026)
Peru,PER,2002,LUR,9.4,Percent,histórico ou estimativa; consultar WEO,World Economic Outlook (April 2026)
Peru,PER,2003,LUR,9.4,Percent,histórico ou estimativa; consultar WEO,World Economic Outlook (April 2026)
Peru,PER,2004,LUR,9.4,Percent,histórico ou estimativa; consultar WEO,World Economic Outlook (April 2026)
Peru,PER,2005,LUR,9.6,Percent,histórico ou estimativa; consultar WEO,World Economic Outlook (April 2026)
Peru,PER,2006,LUR,8.5,Percent,histórico ou estimativa; consultar WEO,World Economic Outlook (April 2026)
Peru,PER,2007,LUR,8.4,Percent,histórico ou estimativa; consultar WEO,World Economic Outlook (April 2026)
Peru,PER,2008,LUR,8.4,Percent,histórico ou estimativa; consultar WEO,World Economic Outlook (April 2026)
Peru,PER,2009,LUR,8.4,Percent,histórico ou estimativa; consultar WEO,World Economic Outlook (April 2026)
Peru,PER,2010,LUR,7.9,Percent,histórico ou estimativa; consultar WEO,World Economic Outlook (April 2026)
Peru,PER,2011,LUR,7.7,Percent,histórico ou estimativa; consultar WEO,World Economic Outlook (April 2026)
Peru,PER,2012,LUR,6.8,Percent,histórico ou estimativa; consultar WEO,World Economic Outlook (April 2026)
Peru,PER,2013,LUR,6,Percent,histórico ou estimativa; consultar WEO,World Economic Outlook (April 2026)
Peru,PER,2014,LUR,5.6,Percent,histórico ou estimativa; consultar WEO,World Economic Outlook (April 2026)
Peru,PER,2015,LUR,6.5,Percent,histórico ou estimativa; consultar WEO,World Economic Outlook (April 2026)
Peru,PER,2016,LUR,6.8,Percent,histórico ou estimativa; consultar WEO,World Economic Outlook (April 2026)
Peru,PER,2017,LUR,6.9,Percent,histórico ou estimativa; consultar WEO,World Economic Outlook (April 2026)
Peru,PER,2018,LUR,6.7,Percent,histórico ou estimativa; consultar WEO,World Economic Outlook (April 2026)
Peru,PER,2019,LUR,6.6,Percent,histórico ou estimativa; consultar WEO,World Economic Outlook (April 2026)
Peru,PER,2020,LUR,13,Percent,histórico ou estimativa; consultar WEO,World Economic Outlook (April 2026)
Peru,PER,2021,LUR,10.7,Percent,histórico ou estimativa; consultar WEO,World Economic Outlook (April 2026)
Peru,PER,2022,LUR,7.8,Percent,histórico ou estimativa; consultar WEO,World Economic Outlook (April 2026)
Peru,PER,2023,LUR,6.8,Percent,histórico ou estimativa; consultar WEO,World Economic Outlook (April 2026)
Peru,PER,2024,LUR,6.4,Percent,histórico ou estimativa; consultar WEO,World Economic Outlook (April 2026)
Peru,PER,2025,LUR,5.9,Percent,histórico ou estimativa; consultar WEO,World Economic Outlook (April 2026)
Peru,PER,2026,LUR,6.3,Percent,projeção,World Economic Outlook (April 2026)
Uruguai,URY,2000,LUR,13.4,Percent,histórico ou estimativa; consultar WEO,World Economic Outlook (April 2026)
Uruguai,URY,2001,LUR,15.2,Percent,histórico ou estimativa; consultar WEO,World Economic Outlook (April 2026)
Uruguai,URY,2002,LUR,16.8,Percent,histórico ou estimativa; consultar WEO,World Economic Outlook (April 2026)
Uruguai,URY,2003,LUR,17.2,Percent,histórico ou estimativa; consultar WEO,World Economic Outlook (April 2026)
Uruguai,URY,2004,LUR,13.3,Percent,histórico ou estimativa; consultar WEO,World Economic Outlook (April 2026)
Uruguai,URY,2005,LUR,12.1,Percent,histórico ou estimativa; consultar WEO,World Economic Outlook (April 2026)
Uruguai,URY,2006,LUR,10.8,Percent,histórico ou estimativa; consultar WEO,World Economic Outlook (April 2026)
Uruguai,URY,2007,LUR,9.4,Percent,histórico ou estimativa; consultar WEO,World Economic Outlook (April 2026)
Uruguai,URY,2008,LUR,7.9,Percent,histórico ou estimativa; consultar WEO,World Economic Outlook (April 2026)
Uruguai,URY,2009,LUR,7.8,Percent,histórico ou estimativa; consultar WEO,World Economic Outlook (April 2026)
Uruguai,URY,2010,LUR,7,Percent,histórico ou estimativa; consultar WEO,World Economic Outlook (April 2026)
Uruguai,URY,2011,LUR,6.3,Percent,histórico ou estimativa; consultar WEO,World Economic Outlook (April 2026)
Uruguai,URY,2012,LUR,6.3,Percent,histórico ou estimativa; consultar WEO,World Economic Outlook (April 2026)
Uruguai,URY,2013,LUR,6.5,Percent,histórico ou estimativa; consultar WEO,World Economic Outlook (April 2026)
Uruguai,URY,2014,LUR,6.6,Percent,histórico ou estimativa; consultar WEO,World Economic Outlook (April 2026)
Uruguai,URY,2015,LUR,7.5,Percent,histórico ou estimativa; consultar WEO,World Economic Outlook (April 2026)
Uruguai,URY,2016,LUR,7.9,Percent,histórico ou estimativa; consultar WEO,World Economic Outlook (April 2026)
Uruguai,URY,2017,LUR,7.9,Percent,histórico ou estimativa; consultar WEO,World Economic Outlook (April 2026)
Uruguai,URY,2018,LUR,8.4,Percent,histórico ou estimativa; consultar WEO,World Economic Outlook (April 2026)
Uruguai,URY,2019,LUR,8.9,Percent,histórico ou estimativa; consultar WEO,World Economic Outlook (April 2026)
Uruguai,URY,2020,LUR,10.4,Percent,histórico ou estimativa; consultar WEO,World Economic Outlook (April 2026)
Uruguai,URY,2021,LUR,9.4,Percent,histórico ou estimativa; consultar WEO,World Economic Outlook (April 2026)
Uruguai,URY,2022,LUR,7.9,Percent,histórico ou estimativa; consultar WEO,World Economic Outlook (April 2026)
Uruguai,URY,2023,LUR,8.3,Percent,histórico ou estimativa; consultar WEO,World Economic Outlook (April 2026)
Uruguai,URY,2024,LUR,8.2,Percent,histórico ou estimativa; consultar WEO,World Economic Outlook (April 2026)
Uruguai,URY,2025,LUR,7.5,Percent,histórico ou estimativa; consultar WEO,World Economic Outlook (April 2026)
Uruguai,URY,2026,LUR,8,Percent,projeção,World Economic Outlook (April 2026)
Canadá,CAN,2000,LUR,6.8,Percent,histórico ou estimativa; consultar WEO,World Economic Outlook (April 2026)
Canadá,CAN,2001,LUR,7.2,Percent,histórico ou estimativa; consultar WEO,World Economic Outlook (April 2026)
Canadá,CAN,2002,LUR,7.7,Percent,histórico ou estimativa; consultar WEO,World Economic Outlook (April 2026)
Canadá,CAN,2003,LUR,7.6,Percent,histórico ou estimativa; consultar WEO,World Economic Outlook (April 2026)
Canadá,CAN,2004,LUR,7.2,Percent,histórico ou estimativa; consultar WEO,World Economic Outlook (April 2026)
Canadá,CAN,2005,LUR,6.8,Percent,histórico ou estimativa; consultar WEO,World Economic Outlook (April 2026)
Canadá,CAN,2006,LUR,6.5,Percent,histórico ou estimativa; consultar WEO,World Economic Outlook (April 2026)
Canadá,CAN,2007,LUR,6.2,Percent,histórico ou estimativa; consultar WEO,World Economic Outlook (April 2026)
Canadá,CAN,2008,LUR,6.3,Percent,histórico ou estimativa; consultar WEO,World Economic Outlook (April 2026)
Canadá,CAN,2009,LUR,8.5,Percent,histórico ou estimativa; consultar WEO,World Economic Outlook (April 2026)
Canadá,CAN,2010,LUR,8.2,Percent,histórico ou estimativa; consultar WEO,World Economic Outlook (April 2026)
Canadá,CAN,2011,LUR,7.6,Percent,histórico ou estimativa; consultar WEO,World Economic Outlook (April 2026)
Canadá,CAN,2012,LUR,7.4,Percent,histórico ou estimativa; consultar WEO,World Economic Outlook (April 2026)
Canadá,CAN,2013,LUR,7.2,Percent,histórico ou estimativa; consultar WEO,World Economic Outlook (April 2026)
Canadá,CAN,2014,LUR,7.1,Percent,histórico ou estimativa; consultar WEO,World Economic Outlook (April 2026)
Canadá,CAN,2015,LUR,7,Percent,histórico ou estimativa; consultar WEO,World Economic Outlook (April 2026)
Canadá,CAN,2016,LUR,7.1,Percent,histórico ou estimativa; consultar WEO,World Economic Outlook (April 2026)
Canadá,CAN,2017,LUR,6.4,Percent,histórico ou estimativa; consultar WEO,World Economic Outlook (April 2026)
Canadá,CAN,2018,LUR,5.8,Percent,histórico ou estimativa; consultar WEO,World Economic Outlook (April 2026)
Canadá,CAN,2019,LUR,5.7,Percent,histórico ou estimativa; consultar WEO,World Economic Outlook (April 2026)
Canadá,CAN,2020,LUR,9.7,Percent,histórico ou estimativa; consultar WEO,World Economic Outlook (April 2026)
Canadá,CAN,2021,LUR,7.5,Percent,histórico ou estimativa; consultar WEO,World Economic Outlook (April 2026)
Canadá,CAN,2022,LUR,5.3,Percent,histórico ou estimativa; consultar WEO,World Economic Outlook (April 2026)
Canadá,CAN,2023,LUR,5.4,Percent,histórico ou estimativa; consultar WEO,World Economic Outlook (April 2026)
Canadá,CAN,2024,LUR,6.4,Percent,histórico ou estimativa; consultar WEO,World Economic Outlook (April 2026)
Canadá,CAN,2025,LUR,6.9,Percent,histórico ou estimativa; consultar WEO,World Economic Outlook (April 2026)
Canadá,CAN,2026,LUR,6.5,Percent,projeção,World Economic Outlook (April 2026)
Reino Unido,GBR,2000,LUR,5.5,Percent,histórico ou estimativa; consultar WEO,World Economic Outlook (April 2026)
Reino Unido,GBR,2001,LUR,5.1,Percent,histórico ou estimativa; consultar WEO,World Economic Outlook (April 2026)
Reino Unido,GBR,2002,LUR,5.2,Percent,histórico ou estimativa; consultar WEO,World Economic Outlook (April 2026)
Reino Unido,GBR,2003,LUR,5,Percent,histórico ou estimativa; consultar WEO,World Economic Outlook (April 2026)
Reino Unido,GBR,2004,LUR,4.8,Percent,histórico ou estimativa; consultar WEO,World Economic Outlook (April 2026)
Reino Unido,GBR,2005,LUR,4.8,Percent,histórico ou estimativa; consultar WEO,World Economic Outlook (April 2026)
Reino Unido,GBR,2006,LUR,5.4,Percent,histórico ou estimativa; consultar WEO,World Economic Outlook (April 2026)
Reino Unido,GBR,2007,LUR,5.4,Percent,histórico ou estimativa; consultar WEO,World Economic Outlook (April 2026)
Reino Unido,GBR,2008,LUR,5.7,Percent,histórico ou estimativa; consultar WEO,World Economic Outlook (April 2026)
Reino Unido,GBR,2009,LUR,7.6,Percent,histórico ou estimativa; consultar WEO,World Economic Outlook (April 2026)
Reino Unido,GBR,2010,LUR,7.9,Percent,histórico ou estimativa; consultar WEO,World Economic Outlook (April 2026)
Reino Unido,GBR,2011,LUR,8.1,Percent,histórico ou estimativa; consultar WEO,World Economic Outlook (April 2026)
Reino Unido,GBR,2012,LUR,8,Percent,histórico ou estimativa; consultar WEO,World Economic Outlook (April 2026)
Reino Unido,GBR,2013,LUR,7.6,Percent,histórico ou estimativa; consultar WEO,World Economic Outlook (April 2026)
Reino Unido,GBR,2014,LUR,6.2,Percent,histórico ou estimativa; consultar WEO,World Economic Outlook (April 2026)
Reino Unido,GBR,2015,LUR,5.4,Percent,histórico ou estimativa; consultar WEO,World Economic Outlook (April 2026)
Reino Unido,GBR,2016,LUR,4.9,Percent,histórico ou estimativa; consultar WEO,World Economic Outlook (April 2026)
Reino Unido,GBR,2017,LUR,4.4,Percent,histórico ou estimativa; consultar WEO,World Economic Outlook (April 2026)
Reino Unido,GBR,2018,LUR,4.1,Percent,histórico ou estimativa; consultar WEO,World Economic Outlook (April 2026)
Reino Unido,GBR,2019,LUR,3.8,Percent,histórico ou estimativa; consultar WEO,World Economic Outlook (April 2026)
Reino Unido,GBR,2020,LUR,4.6,Percent,histórico ou estimativa; consultar WEO,World Economic Outlook (April 2026)
Reino Unido,GBR,2021,LUR,4.6,Percent,histórico ou estimativa; consultar WEO,World Economic Outlook (April 2026)
Reino Unido,GBR,2022,LUR,3.8,Percent,histórico ou estimativa; consultar WEO,World Economic Outlook (April 2026)
Reino Unido,GBR,2023,LUR,4.1,Percent,histórico ou estimativa; consultar WEO,World Economic Outlook (April 2026)
Reino Unido,GBR,2024,LUR,4.3,Percent,histórico ou estimativa; consultar WEO,World Economic Outlook (April 2026)
Reino Unido,GBR,2025,LUR,4.9,Percent,histórico ou estimativa; consultar WEO,World Economic Outlook (April 2026)
Reino Unido,GBR,2026,LUR,5.6,Percent,projeção,World Economic Outlook (April 2026)
Alemanha,DEU,2000,LUR,8,Percent,histórico ou estimativa; consultar WEO,World Economic Outlook (April 2026)
Alemanha,DEU,2001,LUR,7.8,Percent,histórico ou estimativa; consultar WEO,World Economic Outlook (April 2026)
Alemanha,DEU,2002,LUR,8.6,Percent,histórico ou estimativa; consultar WEO,World Economic Outlook (April 2026)
Alemanha,DEU,2003,LUR,9.7,Percent,histórico ou estimativa; consultar WEO,World Economic Outlook (April 2026)
Alemanha,DEU,2004,LUR,10.3,Percent,histórico ou estimativa; consultar WEO,World Economic Outlook (April 2026)
Alemanha,DEU,2005,LUR,11,Percent,histórico ou estimativa; consultar WEO,World Economic Outlook (April 2026)
Alemanha,DEU,2006,LUR,10,Percent,histórico ou estimativa; consultar WEO,World Economic Outlook (April 2026)
Alemanha,DEU,2007,LUR,8.5,Percent,histórico ou estimativa; consultar WEO,World Economic Outlook (April 2026)
Alemanha,DEU,2008,LUR,7.4,Percent,histórico ou estimativa; consultar WEO,World Economic Outlook (April 2026)
Alemanha,DEU,2009,LUR,7.3,Percent,histórico ou estimativa; consultar WEO,World Economic Outlook (April 2026)
Alemanha,DEU,2010,LUR,6.6,Percent,histórico ou estimativa; consultar WEO,World Economic Outlook (April 2026)
Alemanha,DEU,2011,LUR,5.5,Percent,histórico ou estimativa; consultar WEO,World Economic Outlook (April 2026)
Alemanha,DEU,2012,LUR,5.1,Percent,histórico ou estimativa; consultar WEO,World Economic Outlook (April 2026)
Alemanha,DEU,2013,LUR,4.9,Percent,histórico ou estimativa; consultar WEO,World Economic Outlook (April 2026)
Alemanha,DEU,2014,LUR,4.7,Percent,histórico ou estimativa; consultar WEO,World Economic Outlook (April 2026)
Alemanha,DEU,2015,LUR,4.4,Percent,histórico ou estimativa; consultar WEO,World Economic Outlook (April 2026)
Alemanha,DEU,2016,LUR,3.9,Percent,histórico ou estimativa; consultar WEO,World Economic Outlook (April 2026)
Alemanha,DEU,2017,LUR,3.5,Percent,histórico ou estimativa; consultar WEO,World Economic Outlook (April 2026)
Alemanha,DEU,2018,LUR,3.2,Percent,histórico ou estimativa; consultar WEO,World Economic Outlook (April 2026)
Alemanha,DEU,2019,LUR,3,Percent,histórico ou estimativa; consultar WEO,World Economic Outlook (April 2026)
Alemanha,DEU,2020,LUR,3.6,Percent,histórico ou estimativa; consultar WEO,World Economic Outlook (April 2026)
Alemanha,DEU,2021,LUR,3.6,Percent,histórico ou estimativa; consultar WEO,World Economic Outlook (April 2026)
Alemanha,DEU,2022,LUR,3.1,Percent,histórico ou estimativa; consultar WEO,World Economic Outlook (April 2026)
Alemanha,DEU,2023,LUR,3.1,Percent,histórico ou estimativa; consultar WEO,World Economic Outlook (April 2026)
Alemanha,DEU,2024,LUR,3.4,Percent,histórico ou estimativa; consultar WEO,World Economic Outlook (April 2026)
Alemanha,DEU,2025,LUR,3.8,Percent,histórico ou estimativa; consultar WEO,World Economic Outlook (April 2026)
Alemanha,DEU,2026,LUR,3.9,Percent,projeção,World Economic Outlook (April 2026)
França,FRA,2000,LUR,9.2,Percent,histórico ou estimativa; consultar WEO,World Economic Outlook (April 2026)
França,FRA,2001,LUR,8.5,Percent,histórico ou estimativa; consultar WEO,World Economic Outlook (April 2026)
França,FRA,2002,LUR,8.3,Percent,histórico ou estimativa; consultar WEO,World Economic Outlook (April 2026)
França,FRA,2003,LUR,8.5,Percent,histórico ou estimativa; consultar WEO,World Economic Outlook (April 2026)
França,FRA,2004,LUR,8.9,Percent,histórico ou estimativa; consultar WEO,World Economic Outlook (April 2026)
França,FRA,2005,LUR,8.9,Percent,histórico ou estimativa; consultar WEO,World Economic Outlook (April 2026)
França,FRA,2006,LUR,8.8,Percent,histórico ou estimativa; consultar WEO,World Economic Outlook (April 2026)
França,FRA,2007,LUR,8,Percent,histórico ou estimativa; consultar WEO,World Economic Outlook (April 2026)
França,FRA,2008,LUR,7.4,Percent,histórico ou estimativa; consultar WEO,World Economic Outlook (April 2026)
França,FRA,2009,LUR,9.1,Percent,histórico ou estimativa; consultar WEO,World Economic Outlook (April 2026)
França,FRA,2010,LUR,9.3,Percent,histórico ou estimativa; consultar WEO,World Economic Outlook (April 2026)
França,FRA,2011,LUR,9.2,Percent,histórico ou estimativa; consultar WEO,World Economic Outlook (April 2026)
França,FRA,2012,LUR,9.8,Percent,histórico ou estimativa; consultar WEO,World Economic Outlook (April 2026)
França,FRA,2013,LUR,10.3,Percent,histórico ou estimativa; consultar WEO,World Economic Outlook (April 2026)
França,FRA,2014,LUR,10.3,Percent,histórico ou estimativa; consultar WEO,World Economic Outlook (April 2026)
França,FRA,2015,LUR,10.3,Percent,histórico ou estimativa; consultar WEO,World Economic Outlook (April 2026)
França,FRA,2016,LUR,10.1,Percent,histórico ou estimativa; consultar WEO,World Economic Outlook (April 2026)
França,FRA,2017,LUR,9.4,Percent,histórico ou estimativa; consultar WEO,World Economic Outlook (April 2026)
França,FRA,2018,LUR,9,Percent,histórico ou estimativa; consultar WEO,World Economic Outlook (April 2026)
França,FRA,2019,LUR,8.4,Percent,histórico ou estimativa; consultar WEO,World Economic Outlook (April 2026)
França,FRA,2020,LUR,8,Percent,histórico ou estimativa; consultar WEO,World Economic Outlook (April 2026)
França,FRA,2021,LUR,7.9,Percent,histórico ou estimativa; consultar WEO,World Economic Outlook (April 2026)
França,FRA,2022,LUR,7.3,Percent,histórico ou estimativa; consultar WEO,World Economic Outlook (April 2026)
França,FRA,2023,LUR,7.3,Percent,histórico ou estimativa; consultar WEO,World Economic Outlook (April 2026)
França,FRA,2024,LUR,7.4,Percent,histórico ou estimativa; consultar WEO,World Economic Outlook (April 2026)
França,FRA,2025,LUR,7.6,Percent,histórico ou estimativa; consultar WEO,World Economic Outlook (April 2026)
França,FRA,2026,LUR,7.9,Percent,projeção,World Economic Outlook (April 2026)
África do Sul,ZAF,2000,LUR,23,Percent,histórico ou estimativa; consultar WEO,World Economic Outlook (April 2026)
África do Sul,ZAF,2001,LUR,26,Percent,histórico ou estimativa; consultar WEO,World Economic Outlook (April 2026)
África do Sul,ZAF,2002,LUR,27.8,Percent,histórico ou estimativa; consultar WEO,World Economic Outlook (April 2026)
África do Sul,ZAF,2003,LUR,27.7,Percent,histórico ou estimativa; consultar WEO,World Economic Outlook (April 2026)
África do Sul,ZAF,2004,LUR,25.2,Percent,histórico ou estimativa; consultar WEO,World Economic Outlook (April 2026)
África do Sul,ZAF,2005,LUR,24.7,Percent,histórico ou estimativa; consultar WEO,World Economic Outlook (April 2026)
África do Sul,ZAF,2006,LUR,23.6,Percent,histórico ou estimativa; consultar WEO,World Economic Outlook (April 2026)
África do Sul,ZAF,2007,LUR,23,Percent,histórico ou estimativa; consultar WEO,World Economic Outlook (April 2026)
África do Sul,ZAF,2008,LUR,22.5,Percent,histórico ou estimativa; consultar WEO,World Economic Outlook (April 2026)
África do Sul,ZAF,2009,LUR,23.7,Percent,histórico ou estimativa; consultar WEO,World Economic Outlook (April 2026)
África do Sul,ZAF,2010,LUR,24.9,Percent,histórico ou estimativa; consultar WEO,World Economic Outlook (April 2026)
África do Sul,ZAF,2011,LUR,24.8,Percent,histórico ou estimativa; consultar WEO,World Economic Outlook (April 2026)
África do Sul,ZAF,2012,LUR,24.9,Percent,histórico ou estimativa; consultar WEO,World Economic Outlook (April 2026)
África do Sul,ZAF,2013,LUR,24.7,Percent,histórico ou estimativa; consultar WEO,World Economic Outlook (April 2026)
África do Sul,ZAF,2014,LUR,25.1,Percent,histórico ou estimativa; consultar WEO,World Economic Outlook (April 2026)
África do Sul,ZAF,2015,LUR,25.4,Percent,histórico ou estimativa; consultar WEO,World Economic Outlook (April 2026)
África do Sul,ZAF,2016,LUR,26.7,Percent,histórico ou estimativa; consultar WEO,World Economic Outlook (April 2026)
África do Sul,ZAF,2017,LUR,27.5,Percent,histórico ou estimativa; consultar WEO,World Economic Outlook (April 2026)
África do Sul,ZAF,2018,LUR,27.1,Percent,histórico ou estimativa; consultar WEO,World Economic Outlook (April 2026)
África do Sul,ZAF,2019,LUR,28.7,Percent,histórico ou estimativa; consultar WEO,World Economic Outlook (April 2026)
África do Sul,ZAF,2020,LUR,29.2,Percent,histórico ou estimativa; consultar WEO,World Economic Outlook (April 2026)
África do Sul,ZAF,2021,LUR,34.3,Percent,histórico ou estimativa; consultar WEO,World Economic Outlook (April 2026)
África do Sul,ZAF,2022,LUR,33.5,Percent,histórico ou estimativa; consultar WEO,World Economic Outlook (April 2026)
África do Sul,ZAF,2023,LUR,32.4,Percent,histórico ou estimativa; consultar WEO,World Economic Outlook (April 2026)
África do Sul,ZAF,2024,LUR,32.6,Percent,histórico ou estimativa; consultar WEO,World Economic Outlook (April 2026)
África do Sul,ZAF,2025,LUR,32.4,Percent,histórico ou estimativa; consultar WEO,World Economic Outlook (April 2026)
África do Sul,ZAF,2026,LUR,32.5,Percent,projeção,World Economic Outlook (April 2026)
Índia,IND,2000,LUR,,Percent,histórico ou estimativa; consultar WEO,World Economic Outlook (April 2026)
Índia,IND,2001,LUR,,Percent,histórico ou estimativa; consultar WEO,World Economic Outlook (April 2026)
Índia,IND,2002,LUR,,Percent,histórico ou estimativa; consultar WEO,World Economic Outlook (April 2026)
Índia,IND,2003,LUR,,Percent,histórico ou estimativa; consultar WEO,World Economic Outlook (April 2026)
Índia,IND,2004,LUR,,Percent,histórico ou estimativa; consultar WEO,World Economic Outlook (April 2026)
Índia,IND,2005,LUR,,Percent,histórico ou estimativa; consultar WEO,World Economic Outlook (April 2026)
Índia,IND,2006,LUR,,Percent,histórico ou estimativa; consultar WEO,World Economic Outlook (April 2026)
Índia,IND,2007,LUR,,Percent,histórico ou estimativa; consultar WEO,World Economic Outlook (April 2026)
Índia,IND,2008,LUR,,Percent,histórico ou estimativa; consultar WEO,World Economic Outlook (April 2026)
Índia,IND,2009,LUR,,Percent,histórico ou estimativa; consultar WEO,World Economic Outlook (April 2026)
Índia,IND,2010,LUR,,Percent,histórico ou estimativa; consultar WEO,World Economic Outlook (April 2026)
Índia,IND,2011,LUR,,Percent,histórico ou estimativa; consultar WEO,World Economic Outlook (April 2026)
Índia,IND,2012,LUR,,Percent,histórico ou estimativa; consultar WEO,World Economic Outlook (April 2026)
Índia,IND,2013,LUR,,Percent,histórico ou estimativa; consultar WEO,World Economic Outlook (April 2026)
Índia,IND,2014,LUR,,Percent,histórico ou estimativa; consultar WEO,World Economic Outlook (April 2026)
Índia,IND,2015,LUR,,Percent,histórico ou estimativa; consultar WEO,World Economic Outlook (April 2026)
Índia,IND,2016,LUR,,Percent,histórico ou estimativa; consultar WEO,World Economic Outlook (April 2026)
Índia,IND,2017,LUR,,Percent,histórico ou estimativa; consultar WEO,World Economic Outlook (April 2026)
Índia,IND,2018,LUR,8.9,Percent,histórico ou estimativa; consultar WEO,World Economic Outlook (April 2026)
Índia,IND,2019,LUR,7.5,Percent,histórico ou estimativa; consultar WEO,World Economic Outlook (April 2026)
Índia,IND,2020,LUR,8.7,Percent,histórico ou estimativa; consultar WEO,World Economic Outlook (April 2026)
Índia,IND,2021,LUR,7.4,Percent,histórico ou estimativa; consultar WEO,World Economic Outlook (April 2026)
Índia,IND,2022,LUR,5.3,Percent,histórico ou estimativa; consultar WEO,World Economic Outlook (April 2026)
Índia,IND,2023,LUR,4.9,Percent,histórico ou estimativa; consultar WEO,World Economic Outlook (April 2026)
Índia,IND,2024,LUR,4.9,Percent,histórico ou estimativa; consultar WEO,World Economic Outlook (April 2026)
Índia,IND,2025,LUR,4.9,Percent,histórico ou estimativa; consultar WEO,World Economic Outlook (April 2026)
Índia,IND,2026,LUR,4.9,Percent,projeção,World Economic Outlook (April 2026)
Brasil,BRA,2000,NGDPDPC,3751.971,U.S. dollars per capita,histórico ou estimativa; consultar WEO,World Economic Outlook (April 2026)
Brasil,BRA,2001,NGDPDPC,3163.671,U.S. dollars per capita,histórico ou estimativa; consultar WEO,World Economic Outlook (April 2026)
Brasil,BRA,2002,NGDPDPC,2844.405,U.S. dollars per capita,histórico ou estimativa; consultar WEO,World Economic Outlook (April 2026)
Brasil,BRA,2003,NGDPDPC,3077.735,U.S. dollars per capita,histórico ou estimativa; consultar WEO,World Economic Outlook (April 2026)
Brasil,BRA,2004,NGDPDPC,3647.959,U.S. dollars per capita,histórico ou estimativa; consultar WEO,World Economic Outlook (April 2026)
Brasil,BRA,2005,NGDPDPC,4806.171,U.S. dollars per capita,histórico ou estimativa; consultar WEO,World Economic Outlook (April 2026)
Brasil,BRA,2006,NGDPDPC,5906.244,U.S. dollars per capita,histórico ou estimativa; consultar WEO,World Economic Outlook (April 2026)
Brasil,BRA,2007,NGDPDPC,7374.237,U.S. dollars per capita,histórico ou estimativa; consultar WEO,World Economic Outlook (April 2026)
Brasil,BRA,2008,NGDPDPC,8863.269,U.S. dollars per capita,histórico ou estimativa; consultar WEO,World Economic Outlook (April 2026)
Brasil,BRA,2009,NGDPDPC,8640.934,U.S. dollars per capita,histórico ou estimativa; consultar WEO,World Economic Outlook (April 2026)
Brasil,BRA,2010,NGDPDPC,11341.268,U.S. dollars per capita,histórico ou estimativa; consultar WEO,World Economic Outlook (April 2026)
Brasil,BRA,2011,NGDPDPC,13326.088,U.S. dollars per capita,histórico ou estimativa; consultar WEO,World Economic Outlook (April 2026)
Brasil,BRA,2012,NGDPDPC,12465.45,U.S. dollars per capita,histórico ou estimativa; consultar WEO,World Economic Outlook (April 2026)
Brasil,BRA,2013,NGDPDPC,12406.559,U.S. dollars per capita,histórico ou estimativa; consultar WEO,World Economic Outlook (April 2026)
Brasil,BRA,2014,NGDPDPC,12230.669,U.S. dollars per capita,histórico ou estimativa; consultar WEO,World Economic Outlook (April 2026)
Brasil,BRA,2015,NGDPDPC,8893.346,U.S. dollars per capita,histórico ou estimativa; consultar WEO,World Economic Outlook (April 2026)
Brasil,BRA,2016,NGDPDPC,8812.503,U.S. dollars per capita,histórico ou estimativa; consultar WEO,World Economic Outlook (April 2026)
Brasil,BRA,2017,NGDPDPC,10055.567,U.S. dollars per capita,histórico ou estimativa; consultar WEO,World Economic Outlook (April 2026)
Brasil,BRA,2018,NGDPDPC,9281.668,U.S. dollars per capita,histórico ou estimativa; consultar WEO,World Economic Outlook (April 2026)
Brasil,BRA,2019,NGDPDPC,9010.512,U.S. dollars per capita,histórico ou estimativa; consultar WEO,World Economic Outlook (April 2026)
Brasil,BRA,2020,NGDPDPC,7057.072,U.S. dollars per capita,histórico ou estimativa; consultar WEO,World Economic Outlook (April 2026)
Brasil,BRA,2021,NGDPDPC,7951.553,U.S. dollars per capita,histórico ou estimativa; consultar WEO,World Economic Outlook (April 2026)
Brasil,BRA,2022,NGDPDPC,9256.482,U.S. dollars per capita,histórico ou estimativa; consultar WEO,World Economic Outlook (April 2026)
Brasil,BRA,2023,NGDPDPC,10350.437,U.S. dollars per capita,histórico ou estimativa; consultar WEO,World Economic Outlook (April 2026)
Brasil,BRA,2024,NGDPDPC,10282.171,U.S. dollars per capita,histórico ou estimativa; consultar WEO,World Economic Outlook (April 2026)
Brasil,BRA,2025,NGDPDPC,10685.689,U.S. dollars per capita,histórico ou estimativa; consultar WEO,World Economic Outlook (April 2026)
Brasil,BRA,2026,NGDPDPC,12312.57,U.S. dollars per capita,projeção,World Economic Outlook (April 2026)
Estados Unidos,USA,2000,NGDPDPC,36312.782,U.S. dollars per capita,histórico ou estimativa; consultar WEO,World Economic Outlook (April 2026)
Estados Unidos,USA,2001,NGDPDPC,37101.453,U.S. dollars per capita,histórico ou estimativa; consultar WEO,World Economic Outlook (April 2026)
Estados Unidos,USA,2002,NGDPDPC,37945.761,U.S. dollars per capita,histórico ou estimativa; consultar WEO,World Economic Outlook (April 2026)
Estados Unidos,USA,2003,NGDPDPC,39405.354,U.S. dollars per capita,histórico ou estimativa; consultar WEO,World Economic Outlook (April 2026)
Estados Unidos,USA,2004,NGDPDPC,41641.617,U.S. dollars per capita,histórico ou estimativa; consultar WEO,World Economic Outlook (April 2026)
Estados Unidos,USA,2005,NGDPDPC,44034.256,U.S. dollars per capita,histórico ou estimativa; consultar WEO,World Economic Outlook (April 2026)
Estados Unidos,USA,2006,NGDPDPC,46216.853,U.S. dollars per capita,histórico ou estimativa; consultar WEO,World Economic Outlook (April 2026)
Estados Unidos,USA,2007,NGDPDPC,47943.353,U.S. dollars per capita,histórico ou estimativa; consultar WEO,World Economic Outlook (April 2026)
Estados Unidos,USA,2008,NGDPDPC,48470.553,U.S. dollars per capita,histórico ou estimativa; consultar WEO,World Economic Outlook (April 2026)
Estados Unidos,USA,2009,NGDPDPC,47102.428,U.S. dollars per capita,histórico ou estimativa; consultar WEO,World Economic Outlook (April 2026)
Estados Unidos,USA,2010,NGDPDPC,48586.288,U.S. dollars per capita,histórico ou estimativa; consultar WEO,World Economic Outlook (April 2026)
Estados Unidos,USA,2011,NGDPDPC,50008.108,U.S. dollars per capita,histórico ou estimativa; consultar WEO,World Economic Outlook (April 2026)
Estados Unidos,USA,2012,NGDPDPC,51736.738,U.S. dollars per capita,histórico ou estimativa; consultar WEO,World Economic Outlook (April 2026)
Estados Unidos,USA,2013,NGDPDPC,53363.904,U.S. dollars per capita,histórico ou estimativa; consultar WEO,World Economic Outlook (April 2026)
Estados Unidos,USA,2014,NGDPDPC,55263.817,U.S. dollars per capita,histórico ou estimativa; consultar WEO,World Economic Outlook (April 2026)
Estados Unidos,USA,2015,NGDPDPC,57006.926,U.S. dollars per capita,histórico ou estimativa; consultar WEO,World Economic Outlook (April 2026)
Estados Unidos,USA,2016,NGDPDPC,58179.697,U.S. dollars per capita,histórico ou estimativa; consultar WEO,World Economic Outlook (April 2026)
Estados Unidos,USA,2017,NGDPDPC,60292.978,U.S. dollars per capita,histórico ou estimativa; consultar WEO,World Economic Outlook (April 2026)
Estados Unidos,USA,2018,NGDPDPC,63165.278,U.S. dollars per capita,histórico ou estimativa; consultar WEO,World Economic Outlook (April 2026)
Estados Unidos,USA,2019,NGDPDPC,65561.32,U.S. dollars per capita,histórico ou estimativa; consultar WEO,World Economic Outlook (April 2026)
Estados Unidos,USA,2020,NGDPDPC,64517.998,U.S. dollars per capita,histórico ou estimativa; consultar WEO,World Economic Outlook (April 2026)
Estados Unidos,USA,2021,NGDPDPC,71365.73,U.S. dollars per capita,histórico ou estimativa; consultar WEO,World Economic Outlook (April 2026)
Estados Unidos,USA,2022,NGDPDPC,77948.992,U.S. dollars per capita,histórico ou estimativa; consultar WEO,World Economic Outlook (April 2026)
Estados Unidos,USA,2023,NGDPDPC,82536.095,U.S. dollars per capita,histórico ou estimativa; consultar WEO,World Economic Outlook (April 2026)
Estados Unidos,USA,2024,NGDPDPC,86173.365,U.S. dollars per capita,histórico ou estimativa; consultar WEO,World Economic Outlook (April 2026)
Estados Unidos,USA,2025,NGDPDPC,89991.152,U.S. dollars per capita,histórico ou estimativa; consultar WEO,World Economic Outlook (April 2026)
Estados Unidos,USA,2026,NGDPDPC,94429.753,U.S. dollars per capita,projeção,World Economic Outlook (April 2026)
Colômbia,COL,2000,NGDPDPC,2535.469,U.S. dollars per capita,histórico ou estimativa; consultar WEO,World Economic Outlook (April 2026)
Colômbia,COL,2001,NGDPDPC,2461.321,U.S. dollars per capita,histórico ou estimativa; consultar WEO,World Economic Outlook (April 2026)
Colômbia,COL,2002,NGDPDPC,2424.342,U.S. dollars per capita,histórico ou estimativa; consultar WEO,World Economic Outlook (April 2026)
Colômbia,COL,2003,NGDPDPC,2313.528,U.S. dollars per capita,histórico ou estimativa; consultar WEO,World Economic Outlook (April 2026)
Colômbia,COL,2004,NGDPDPC,2827.165,U.S. dollars per capita,histórico ou estimativa; consultar WEO,World Economic Outlook (April 2026)
Colômbia,COL,2005,NGDPDPC,3493.965,U.S. dollars per capita,histórico ou estimativa; consultar WEO,World Economic Outlook (April 2026)
Colômbia,COL,2006,NGDPDPC,3836.683,U.S. dollars per capita,histórico ou estimativa; consultar WEO,World Economic Outlook (April 2026)
Colômbia,COL,2007,NGDPDPC,4834.374,U.S. dollars per capita,histórico ou estimativa; consultar WEO,World Economic Outlook (April 2026)
Colômbia,COL,2008,NGDPDPC,5622.1,U.S. dollars per capita,histórico ou estimativa; consultar WEO,World Economic Outlook (April 2026)
Colômbia,COL,2009,NGDPDPC,5330.75,U.S. dollars per capita,histórico ou estimativa; consultar WEO,World Economic Outlook (April 2026)
Colômbia,COL,2010,NGDPDPC,6498.64,U.S. dollars per capita,histórico ou estimativa; consultar WEO,World Economic Outlook (April 2026)
Colômbia,COL,2011,NGDPDPC,7518.387,U.S. dollars per capita,histórico ou estimativa; consultar WEO,World Economic Outlook (April 2026)
Colômbia,COL,2012,NGDPDPC,8237.227,U.S. dollars per capita,histórico ou estimativa; consultar WEO,World Economic Outlook (April 2026)
Colômbia,COL,2013,NGDPDPC,8409.677,U.S. dollars per capita,histórico ou estimativa; consultar WEO,World Economic Outlook (April 2026)
Colômbia,COL,2014,NGDPDPC,8312.058,U.S. dollars per capita,histórico ou estimativa; consultar WEO,World Economic Outlook (April 2026)
Colômbia,COL,2015,NGDPDPC,6337.016,U.S. dollars per capita,histórico ou estimativa; consultar WEO,World Economic Outlook (April 2026)
Colômbia,COL,2016,NGDPDPC,6037.155,U.S. dollars per capita,histórico ou estimativa; consultar WEO,World Economic Outlook (April 2026)
Colômbia,COL,2017,NGDPDPC,6577.315,U.S. dollars per capita,histórico ou estimativa; consultar WEO,World Economic Outlook (April 2026)
Colômbia,COL,2018,NGDPDPC,6923.711,U.S. dollars per capita,histórico ou estimativa; consultar WEO,World Economic Outlook (April 2026)
Colômbia,COL,2019,NGDPDPC,6540.105,U.S. dollars per capita,histórico ou estimativa; consultar WEO,World Economic Outlook (April 2026)
Colômbia,COL,2020,NGDPDPC,5363.203,U.S. dollars per capita,histórico ou estimativa; consultar WEO,World Economic Outlook (April 2026)
Colômbia,COL,2021,NGDPDPC,6231.291,U.S. dollars per capita,histórico ou estimativa; consultar WEO,World Economic Outlook (April 2026)
Colômbia,COL,2022,NGDPDPC,6687.547,U.S. dollars per capita,histórico ou estimativa; consultar WEO,World Economic Outlook (April 2026)
Colômbia,COL,2023,NGDPDPC,7026.609,U.S. dollars per capita,histórico ou estimativa; consultar WEO,World Economic Outlook (April 2026)
Colômbia,COL,2024,NGDPDPC,7979.809,U.S. dollars per capita,histórico ou estimativa; consultar WEO,World Economic Outlook (April 2026)
Colômbia,COL,2025,NGDPDPC,8622.574,U.S. dollars per capita,histórico ou estimativa; consultar WEO,World Economic Outlook (April 2026)
Colômbia,COL,2026,NGDPDPC,10103.714,U.S. dollars per capita,projeção,World Economic Outlook (April 2026)
Argentina,ARG,2000,NGDPDPC,8638.543,U.S. dollars per capita,histórico ou estimativa; consultar WEO,World Economic Outlook (April 2026)
Argentina,ARG,2001,NGDPDPC,8085.356,U.S. dollars per capita,histórico ou estimativa; consultar WEO,World Economic Outlook (April 2026)
Argentina,ARG,2002,NGDPDPC,2997.621,U.S. dollars per capita,histórico ou estimativa; consultar WEO,World Economic Outlook (April 2026)
Argentina,ARG,2003,NGDPDPC,3761.088,U.S. dollars per capita,histórico ou estimativa; consultar WEO,World Economic Outlook (April 2026)
Argentina,ARG,2004,NGDPDPC,4314.098,U.S. dollars per capita,histórico ou estimativa; consultar WEO,World Economic Outlook (April 2026)
Argentina,ARG,2005,NGDPDPC,5163.55,U.S. dollars per capita,histórico ou estimativa; consultar WEO,World Economic Outlook (April 2026)
Argentina,ARG,2006,NGDPDPC,5976.082,U.S. dollars per capita,histórico ou estimativa; consultar WEO,World Economic Outlook (April 2026)
Argentina,ARG,2007,NGDPDPC,7315.726,U.S. dollars per capita,histórico ou estimativa; consultar WEO,World Economic Outlook (April 2026)
Argentina,ARG,2008,NGDPDPC,9146.79,U.S. dollars per capita,histórico ou estimativa; consultar WEO,World Economic Outlook (April 2026)
Argentina,ARG,2009,NGDPDPC,8337.811,U.S. dollars per capita,histórico ou estimativa; consultar WEO,World Economic Outlook (April 2026)
Argentina,ARG,2010,NGDPDPC,10412.974,U.S. dollars per capita,histórico ou estimativa; consultar WEO,World Economic Outlook (April 2026)
Argentina,ARG,2011,NGDPDPC,12787.806,U.S. dollars per capita,histórico ou estimativa; consultar WEO,World Economic Outlook (April 2026)
Argentina,ARG,2012,NGDPDPC,13889.792,U.S. dollars per capita,histórico ou estimativa; consultar WEO,World Economic Outlook (April 2026)
Argentina,ARG,2013,NGDPDPC,14488.829,U.S. dollars per capita,histórico ou estimativa; consultar WEO,World Economic Outlook (April 2026)
Argentina,ARG,2014,NGDPDPC,13208.831,U.S. dollars per capita,histórico ou estimativa; consultar WEO,World Economic Outlook (April 2026)
Argentina,ARG,2015,NGDPDPC,14895.316,U.S. dollars per capita,histórico ou estimativa; consultar WEO,World Economic Outlook (April 2026)
Argentina,ARG,2016,NGDPDPC,12772.868,U.S. dollars per capita,histórico ou estimativa; consultar WEO,World Economic Outlook (April 2026)
Argentina,ARG,2017,NGDPDPC,14618.327,U.S. dollars per capita,histórico ou estimativa; consultar WEO,World Economic Outlook (April 2026)
Argentina,ARG,2018,NGDPDPC,11786.433,U.S. dollars per capita,histórico ou estimativa; consultar WEO,World Economic Outlook (April 2026)
Argentina,ARG,2019,NGDPDPC,9941.59,U.S. dollars per capita,histórico ou estimativa; consultar WEO,World Economic Outlook (April 2026)
Argentina,ARG,2020,NGDPDPC,8489.332,U.S. dollars per capita,histórico ou estimativa; consultar WEO,World Economic Outlook (April 2026)
Argentina,ARG,2021,NGDPDPC,10610.191,U.S. dollars per capita,histórico ou estimativa; consultar WEO,World Economic Outlook (April 2026)
Argentina,ARG,2022,NGDPDPC,13702.23,U.S. dollars per capita,histórico ou estimativa; consultar WEO,World Economic Outlook (April 2026)
Argentina,ARG,2023,NGDPDPC,13908.489,U.S. dollars per capita,histórico ou estimativa; consultar WEO,World Economic Outlook (April 2026)
Argentina,ARG,2024,NGDPDPC,13538.693,U.S. dollars per capita,histórico ou estimativa; consultar WEO,World Economic Outlook (April 2026)
Argentina,ARG,2025,NGDPDPC,14354.988,U.S. dollars per capita,histórico ou estimativa; consultar WEO,World Economic Outlook (April 2026)
Argentina,ARG,2026,NGDPDPC,14356.619,U.S. dollars per capita,projeção,World Economic Outlook (April 2026)
Chile,CHL,2000,NGDPDPC,5092.521,U.S. dollars per capita,histórico ou estimativa; consultar WEO,World Economic Outlook (April 2026)
Chile,CHL,2001,NGDPDPC,4601.085,U.S. dollars per capita,histórico ou estimativa; consultar WEO,World Economic Outlook (April 2026)
Chile,CHL,2002,NGDPDPC,4472.867,U.S. dollars per capita,histórico ou estimativa; consultar WEO,World Economic Outlook (April 2026)
Chile,CHL,2003,NGDPDPC,4817.24,U.S. dollars per capita,histórico ou estimativa; consultar WEO,World Economic Outlook (April 2026)
Chile,CHL,2004,NGDPDPC,6176.397,U.S. dollars per capita,histórico ou estimativa; consultar WEO,World Economic Outlook (April 2026)
Chile,CHL,2005,NGDPDPC,7551.076,U.S. dollars per capita,histórico ou estimativa; consultar WEO,World Economic Outlook (April 2026)
Chile,CHL,2006,NGDPDPC,9405.301,U.S. dollars per capita,histórico ou estimativa; consultar WEO,World Economic Outlook (April 2026)
Chile,CHL,2007,NGDPDPC,10447.793,U.S. dollars per capita,histórico ou estimativa; consultar WEO,World Economic Outlook (April 2026)
Chile,CHL,2008,NGDPDPC,10769.752,U.S. dollars per capita,histórico ou estimativa; consultar WEO,World Economic Outlook (April 2026)
Chile,CHL,2009,NGDPDPC,10192.185,U.S. dollars per capita,histórico ou estimativa; consultar WEO,World Economic Outlook (April 2026)
Chile,CHL,2010,NGDPDPC,12748.117,U.S. dollars per capita,histórico ou estimativa; consultar WEO,World Economic Outlook (April 2026)
Chile,CHL,2011,NGDPDPC,14602.219,U.S. dollars per capita,histórico ou estimativa; consultar WEO,World Economic Outlook (April 2026)
Chile,CHL,2012,NGDPDPC,15371.433,U.S. dollars per capita,histórico ou estimativa; consultar WEO,World Economic Outlook (April 2026)
Chile,CHL,2013,NGDPDPC,15787.358,U.S. dollars per capita,histórico ou estimativa; consultar WEO,World Economic Outlook (April 2026)
Chile,CHL,2014,NGDPDPC,14614.282,U.S. dollars per capita,histórico ou estimativa; consultar WEO,World Economic Outlook (April 2026)
Chile,CHL,2015,NGDPDPC,13506.926,U.S. dollars per capita,histórico ou estimativa; consultar WEO,World Economic Outlook (April 2026)
Chile,CHL,2016,NGDPDPC,13704.911,U.S. dollars per capita,histórico ou estimativa; consultar WEO,World Economic Outlook (April 2026)
Chile,CHL,2017,NGDPDPC,14970.174,U.S. dollars per capita,histórico ou estimativa; consultar WEO,World Economic Outlook (April 2026)
Chile,CHL,2018,NGDPDPC,15752.408,U.S. dollars per capita,histórico ou estimativa; consultar WEO,World Economic Outlook (April 2026)
Chile,CHL,2019,NGDPDPC,14602.92,U.S. dollars per capita,histórico ou estimativa; consultar WEO,World Economic Outlook (April 2026)
Chile,CHL,2020,NGDPDPC,13207.85,U.S. dollars per capita,histórico ou estimativa; consultar WEO,World Economic Outlook (April 2026)
Chile,CHL,2021,NGDPDPC,16265.341,U.S. dollars per capita,histórico ou estimativa; consultar WEO,World Economic Outlook (April 2026)
Chile,CHL,2022,NGDPDPC,15385.381,U.S. dollars per capita,histórico ou estimativa; consultar WEO,World Economic Outlook (April 2026)
Chile,CHL,2023,NGDPDPC,16988.274,U.S. dollars per capita,histórico ou estimativa; consultar WEO,World Economic Outlook (April 2026)
Chile,CHL,2024,NGDPDPC,16589.838,U.S. dollars per capita,histórico ou estimativa; consultar WEO,World Economic Outlook (April 2026)
Chile,CHL,2025,NGDPDPC,17734.761,U.S. dollars per capita,histórico ou estimativa; consultar WEO,World Economic Outlook (April 2026)
Chile,CHL,2026,NGDPDPC,20239.757,U.S. dollars per capita,projeção,World Economic Outlook (April 2026)
México,MEX,2000,NGDPDPC,7467.739,U.S. dollars per capita,histórico ou estimativa; consultar WEO,World Economic Outlook (April 2026)
México,MEX,2001,NGDPDPC,7902.129,U.S. dollars per capita,histórico ou estimativa; consultar WEO,World Economic Outlook (April 2026)
México,MEX,2002,NGDPDPC,7934.694,U.S. dollars per capita,histórico ou estimativa; consultar WEO,World Economic Outlook (April 2026)
México,MEX,2003,NGDPDPC,7390.343,U.S. dollars per capita,histórico ou estimativa; consultar WEO,World Economic Outlook (April 2026)
México,MEX,2004,NGDPDPC,7806.561,U.S. dollars per capita,histórico ou estimativa; consultar WEO,World Economic Outlook (April 2026)
México,MEX,2005,NGDPDPC,8626.151,U.S. dollars per capita,histórico ou estimativa; consultar WEO,World Economic Outlook (April 2026)
México,MEX,2006,NGDPDPC,9456.912,U.S. dollars per capita,histórico ou estimativa; consultar WEO,World Economic Outlook (April 2026)
México,MEX,2007,NGDPDPC,10063.621,U.S. dollars per capita,histórico ou estimativa; consultar WEO,World Economic Outlook (April 2026)
México,MEX,2008,NGDPDPC,10438.499,U.S. dollars per capita,histórico ou estimativa; consultar WEO,World Economic Outlook (April 2026)
México,MEX,2009,NGDPDPC,8346.772,U.S. dollars per capita,histórico ou estimativa; consultar WEO,World Economic Outlook (April 2026)
México,MEX,2010,NGDPDPC,9632.818,U.S. dollars per capita,histórico ou estimativa; consultar WEO,World Economic Outlook (April 2026)
México,MEX,2011,NGDPDPC,10554.35,U.S. dollars per capita,histórico ou estimativa; consultar WEO,World Economic Outlook (April 2026)
México,MEX,2012,NGDPDPC,10631.077,U.S. dollars per capita,histórico ou estimativa; consultar WEO,World Economic Outlook (April 2026)
México,MEX,2013,NGDPDPC,11099.184,U.S. dollars per capita,histórico ou estimativa; consultar WEO,World Economic Outlook (April 2026)
México,MEX,2014,NGDPDPC,11272.395,U.S. dollars per capita,histórico ou estimativa; consultar WEO,World Economic Outlook (April 2026)
México,MEX,2015,NGDPDPC,9915.089,U.S. dollars per capita,histórico ou estimativa; consultar WEO,World Economic Outlook (April 2026)
México,MEX,2016,NGDPDPC,8999.57,U.S. dollars per capita,histórico ou estimativa; consultar WEO,World Economic Outlook (April 2026)
México,MEX,2017,NGDPDPC,9542.783,U.S. dollars per capita,histórico ou estimativa; consultar WEO,World Economic Outlook (April 2026)
México,MEX,2018,NGDPDPC,9970.967,U.S. dollars per capita,histórico ou estimativa; consultar WEO,World Economic Outlook (April 2026)
México,MEX,2019,NGDPDPC,10251.145,U.S. dollars per capita,histórico ou estimativa; consultar WEO,World Economic Outlook (April 2026)
México,MEX,2020,NGDPDPC,8744.029,U.S. dollars per capita,histórico ou estimativa; consultar WEO,World Economic Outlook (April 2026)
México,MEX,2021,NGDPDPC,10207.315,U.S. dollars per capita,histórico ou estimativa; consultar WEO,World Economic Outlook (April 2026)
México,MEX,2022,NGDPDPC,11287.534,U.S. dollars per capita,histórico ou estimativa; consultar WEO,World Economic Outlook (April 2026)
México,MEX,2023,NGDPDPC,13683.652,U.S. dollars per capita,histórico ou estimativa; consultar WEO,World Economic Outlook (April 2026)
México,MEX,2024,NGDPDPC,13838.574,U.S. dollars per capita,histórico ou estimativa; consultar WEO,World Economic Outlook (April 2026)
México,MEX,2025,NGDPDPC,13741.296,U.S. dollars per capita,histórico ou estimativa; consultar WEO,World Economic Outlook (April 2026)
México,MEX,2026,NGDPDPC,15779.319,U.S. dollars per capita,projeção,World Economic Outlook (April 2026)
Peru,PER,2000,NGDPDPC,1907.987,U.S. dollars per capita,histórico ou estimativa; consultar WEO,World Economic Outlook (April 2026)
Peru,PER,2001,NGDPDPC,1911.026,U.S. dollars per capita,histórico ou estimativa; consultar WEO,World Economic Outlook (April 2026)
Peru,PER,2002,NGDPDPC,1997.132,U.S. dollars per capita,histórico ou estimativa; consultar WEO,World Economic Outlook (April 2026)
Peru,PER,2003,NGDPDPC,2149.254,U.S. dollars per capita,histórico ou estimativa; consultar WEO,World Economic Outlook (April 2026)
Peru,PER,2004,NGDPDPC,2408.499,U.S. dollars per capita,histórico ou estimativa; consultar WEO,World Economic Outlook (April 2026)
Peru,PER,2005,NGDPDPC,2671.322,U.S. dollars per capita,histórico ou estimativa; consultar WEO,World Economic Outlook (April 2026)
Peru,PER,2006,NGDPDPC,3138.259,U.S. dollars per capita,histórico ou estimativa; consultar WEO,World Economic Outlook (April 2026)
Peru,PER,2007,NGDPDPC,3638.948,U.S. dollars per capita,histórico ou estimativa; consultar WEO,World Economic Outlook (April 2026)
Peru,PER,2008,NGDPDPC,4248.777,U.S. dollars per capita,histórico ou estimativa; consultar WEO,World Economic Outlook (April 2026)
Peru,PER,2009,NGDPDPC,4297.95,U.S. dollars per capita,histórico ou estimativa; consultar WEO,World Economic Outlook (April 2026)
Peru,PER,2010,NGDPDPC,5202.194,U.S. dollars per capita,histórico ou estimativa; consultar WEO,World Economic Outlook (April 2026)
Peru,PER,2011,NGDPDPC,5907.881,U.S. dollars per capita,histórico ou estimativa; consultar WEO,World Economic Outlook (April 2026)
Peru,PER,2012,NGDPDPC,6638.546,U.S. dollars per capita,histórico ou estimativa; consultar WEO,World Economic Outlook (April 2026)
Peru,PER,2013,NGDPDPC,6869.825,U.S. dollars per capita,histórico ou estimativa; consultar WEO,World Economic Outlook (April 2026)
Peru,PER,2014,NGDPDPC,6877.058,U.S. dollars per capita,histórico ou estimativa; consultar WEO,World Economic Outlook (April 2026)
Peru,PER,2015,NGDPDPC,6452.556,U.S. dollars per capita,histórico ou estimativa; consultar WEO,World Economic Outlook (April 2026)
Peru,PER,2016,NGDPDPC,6535.112,U.S. dollars per capita,histórico ou estimativa; consultar WEO,World Economic Outlook (April 2026)
Peru,PER,2017,NGDPDPC,7105.65,U.S. dollars per capita,histórico ou estimativa; consultar WEO,World Economic Outlook (April 2026)
Peru,PER,2018,NGDPDPC,7272.99,U.S. dollars per capita,histórico ou estimativa; consultar WEO,World Economic Outlook (April 2026)
Peru,PER,2019,NGDPDPC,7353.109,U.S. dollars per capita,histórico ou estimativa; consultar WEO,World Economic Outlook (April 2026)
Peru,PER,2020,NGDPDPC,6407.682,U.S. dollars per capita,histórico ou estimativa; consultar WEO,World Economic Outlook (April 2026)
Peru,PER,2021,NGDPDPC,6923.086,U.S. dollars per capita,histórico ou estimativa; consultar WEO,World Economic Outlook (April 2026)
Peru,PER,2022,NGDPDPC,7431.168,U.S. dollars per capita,histórico ou estimativa; consultar WEO,World Economic Outlook (April 2026)
Peru,PER,2023,NGDPDPC,8086.186,U.S. dollars per capita,histórico ou estimativa; consultar WEO,World Economic Outlook (April 2026)
Peru,PER,2024,NGDPDPC,8665.536,U.S. dollars per capita,histórico ou estimativa; consultar WEO,World Economic Outlook (April 2026)
Peru,PER,2025,NGDPDPC,9910.942,U.S. dollars per capita,histórico ou estimativa; consultar WEO,World Economic Outlook (April 2026)
Peru,PER,2026,NGDPDPC,10960.182,U.S. dollars per capita,projeção,World Economic Outlook (April 2026)
Uruguai,URY,2000,NGDPDPC,7432.339,U.S. dollars per capita,histórico ou estimativa; consultar WEO,World Economic Outlook (April 2026)
Uruguai,URY,2001,NGDPDPC,6803.597,U.S. dollars per capita,histórico ou estimativa; consultar WEO,World Economic Outlook (April 2026)
Uruguai,URY,2002,NGDPDPC,4441.095,U.S. dollars per capita,histórico ou estimativa; consultar WEO,World Economic Outlook (April 2026)
Uruguai,URY,2003,NGDPDPC,3941.678,U.S. dollars per capita,histórico ou estimativa; consultar WEO,World Economic Outlook (April 2026)
Uruguai,URY,2004,NGDPDPC,4476.943,U.S. dollars per capita,histórico ou estimativa; consultar WEO,World Economic Outlook (April 2026)
Uruguai,URY,2005,NGDPDPC,5663.5,U.S. dollars per capita,histórico ou estimativa; consultar WEO,World Economic Outlook (April 2026)
Uruguai,URY,2006,NGDPDPC,6377.451,U.S. dollars per capita,histórico ou estimativa; consultar WEO,World Economic Outlook (April 2026)
Uruguai,URY,2007,NGDPDPC,7622.824,U.S. dollars per capita,histórico ou estimativa; consultar WEO,World Economic Outlook (April 2026)
Uruguai,URY,2008,NGDPDPC,9857.305,U.S. dollars per capita,histórico ou estimativa; consultar WEO,World Economic Outlook (April 2026)
Uruguai,URY,2009,NGDPDPC,10232.122,U.S. dollars per capita,histórico ou estimativa; consultar WEO,World Economic Outlook (April 2026)
Uruguai,URY,2010,NGDPDPC,12943.943,U.S. dollars per capita,histórico ou estimativa; consultar WEO,World Economic Outlook (April 2026)
Uruguai,URY,2011,NGDPDPC,15341.308,U.S. dollars per capita,histórico ou estimativa; consultar WEO,World Economic Outlook (April 2026)
Uruguai,URY,2012,NGDPDPC,16320.248,U.S. dollars per capita,histórico ou estimativa; consultar WEO,World Economic Outlook (April 2026)
Uruguai,URY,2013,NGDPDPC,18261.568,U.S. dollars per capita,histórico ou estimativa; consultar WEO,World Economic Outlook (April 2026)
Uruguai,URY,2014,NGDPDPC,18090.949,U.S. dollars per capita,histórico ou estimativa; consultar WEO,World Economic Outlook (April 2026)
Uruguai,URY,2015,NGDPDPC,16765.142,U.S. dollars per capita,histórico ou estimativa; consultar WEO,World Economic Outlook (April 2026)
Uruguai,URY,2016,NGDPDPC,16516.668,U.S. dollars per capita,histórico ou estimativa; consultar WEO,World Economic Outlook (April 2026)
Uruguai,URY,2017,NGDPDPC,18608.285,U.S. dollars per capita,histórico ou estimativa; consultar WEO,World Economic Outlook (April 2026)
Uruguai,URY,2018,NGDPDPC,18656.026,U.S. dollars per capita,histórico ou estimativa; consultar WEO,World Economic Outlook (April 2026)
Uruguai,URY,2019,NGDPDPC,17740.46,U.S. dollars per capita,histórico ou estimativa; consultar WEO,World Economic Outlook (April 2026)
Uruguai,URY,2020,NGDPDPC,15256.948,U.S. dollars per capita,histórico ou estimativa; consultar WEO,World Economic Outlook (April 2026)
Uruguai,URY,2021,NGDPDPC,17313.507,U.S. dollars per capita,histórico ou estimativa; consultar WEO,World Economic Outlook (April 2026)
Uruguai,URY,2022,NGDPDPC,20347.456,U.S. dollars per capita,histórico ou estimativa; consultar WEO,World Economic Outlook (April 2026)
Uruguai,URY,2023,NGDPDPC,22655.825,U.S. dollars per capita,histórico ou estimativa; consultar WEO,World Economic Outlook (April 2026)
Uruguai,URY,2024,NGDPDPC,23576.271,U.S. dollars per capita,histórico ou estimativa; consultar WEO,World Economic Outlook (April 2026)
Uruguai,URY,2025,NGDPDPC,24548.8,U.S. dollars per capita,histórico ou estimativa; consultar WEO,World Economic Outlook (April 2026)
Uruguai,URY,2026,NGDPDPC,27608.009,U.S. dollars per capita,projeção,World Economic Outlook (April 2026)
Canadá,CAN,2000,NGDPDPC,24296.721,U.S. dollars per capita,histórico ou estimativa; consultar WEO,World Economic Outlook (April 2026)
Canadá,CAN,2001,NGDPDPC,23859.77,U.S. dollars per capita,histórico ou estimativa; consultar WEO,World Economic Outlook (April 2026)
Canadá,CAN,2002,NGDPDPC,24279.8,U.S. dollars per capita,histórico ou estimativa; consultar WEO,World Economic Outlook (April 2026)
Canadá,CAN,2003,NGDPDPC,28340.085,U.S. dollars per capita,histórico ou estimativa; consultar WEO,World Economic Outlook (April 2026)
Canadá,CAN,2004,NGDPDPC,32178.496,U.S. dollars per capita,histórico ou estimativa; consultar WEO,World Economic Outlook (April 2026)
Canadá,CAN,2005,NGDPDPC,36440.967,U.S. dollars per capita,histórico ou estimativa; consultar WEO,World Economic Outlook (April 2026)
Canadá,CAN,2006,NGDPDPC,40559.017,U.S. dollars per capita,histórico ou estimativa; consultar WEO,World Economic Outlook (April 2026)
Canadá,CAN,2007,NGDPDPC,44717.074,U.S. dollars per capita,histórico ou estimativa; consultar WEO,World Economic Outlook (April 2026)
Canadá,CAN,2008,NGDPDPC,46773.744,U.S. dollars per capita,histórico ou estimativa; consultar WEO,World Economic Outlook (April 2026)
Canadá,CAN,2009,NGDPDPC,40989.278,U.S. dollars per capita,histórico ou estimativa; consultar WEO,World Economic Outlook (April 2026)
Canadá,CAN,2010,NGDPDPC,47625.742,U.S. dollars per capita,histórico ou estimativa; consultar WEO,World Economic Outlook (April 2026)
Canadá,CAN,2011,NGDPDPC,52285.815,U.S. dollars per capita,histórico ou estimativa; consultar WEO,World Economic Outlook (April 2026)
Canadá,CAN,2012,NGDPDPC,52745.057,U.S. dollars per capita,histórico ou estimativa; consultar WEO,World Economic Outlook (April 2026)
Canadá,CAN,2013,NGDPDPC,52711.32,U.S. dollars per capita,histórico ou estimativa; consultar WEO,World Economic Outlook (April 2026)
Canadá,CAN,2014,NGDPDPC,51025.428,U.S. dollars per capita,histórico ou estimativa; consultar WEO,World Economic Outlook (April 2026)
Canadá,CAN,2015,NGDPDPC,43628.425,U.S. dollars per capita,histórico ou estimativa; consultar WEO,World Economic Outlook (April 2026)
Canadá,CAN,2016,NGDPDPC,42382.499,U.S. dollars per capita,histórico ou estimativa; consultar WEO,World Economic Outlook (April 2026)
Canadá,CAN,2017,NGDPDPC,45192.368,U.S. dollars per capita,histórico ou estimativa; consultar WEO,World Economic Outlook (April 2026)
Canadá,CAN,2018,NGDPDPC,46617.97,U.S. dollars per capita,histórico ou estimativa; consultar WEO,World Economic Outlook (April 2026)
Canadá,CAN,2019,NGDPDPC,46430.975,U.S. dollars per capita,histórico ou estimativa; consultar WEO,World Economic Outlook (April 2026)
Canadá,CAN,2020,NGDPDPC,43573.195,U.S. dollars per capita,histórico ou estimativa; consultar WEO,World Economic Outlook (April 2026)
Canadá,CAN,2021,NGDPDPC,52907.542,U.S. dollars per capita,histórico ou estimativa; consultar WEO,World Economic Outlook (April 2026)
Canadá,CAN,2022,NGDPDPC,56608.779,U.S. dollars per capita,histórico ou estimativa; consultar WEO,World Economic Outlook (April 2026)
Canadá,CAN,2023,NGDPDPC,55002.356,U.S. dollars per capita,histórico ou estimativa; consultar WEO,World Economic Outlook (April 2026)
Canadá,CAN,2024,NGDPDPC,55209.059,U.S. dollars per capita,histórico ou estimativa; consultar WEO,World Economic Outlook (April 2026)
Canadá,CAN,2025,NGDPDPC,55764.707,U.S. dollars per capita,histórico ou estimativa; consultar WEO,World Economic Outlook (April 2026)
Canadá,CAN,2026,NGDPDPC,60304.564,U.S. dollars per capita,projeção,World Economic Outlook (April 2026)
Reino Unido,GBR,2000,NGDPDPC,28440.794,U.S. dollars per capita,histórico ou estimativa; consultar WEO,World Economic Outlook (April 2026)
Reino Unido,GBR,2001,NGDPDPC,28024.249,U.S. dollars per capita,histórico ou estimativa; consultar WEO,World Economic Outlook (April 2026)
Reino Unido,GBR,2002,NGDPDPC,30208.587,U.S. dollars per capita,histórico ou estimativa; consultar WEO,World Economic Outlook (April 2026)
Reino Unido,GBR,2003,NGDPDPC,34594.377,U.S. dollars per capita,histórico ou estimativa; consultar WEO,World Economic Outlook (April 2026)
Reino Unido,GBR,2004,NGDPDPC,40548.325,U.S. dollars per capita,histórico ou estimativa; consultar WEO,World Economic Outlook (April 2026)
Reino Unido,GBR,2005,NGDPDPC,42279.458,U.S. dollars per capita,histórico ou estimativa; consultar WEO,World Economic Outlook (April 2026)
Reino Unido,GBR,2006,NGDPDPC,44772.7,U.S. dollars per capita,histórico ou estimativa; consultar WEO,World Economic Outlook (April 2026)
Reino Unido,GBR,2007,NGDPDPC,50651.344,U.S. dollars per capita,histórico ou estimativa; consultar WEO,World Economic Outlook (April 2026)
Reino Unido,GBR,2008,NGDPDPC,48143.081,U.S. dollars per capita,histórico ou estimativa; consultar WEO,World Economic Outlook (April 2026)
Reino Unido,GBR,2009,NGDPDPC,39158.587,U.S. dollars per capita,histórico ou estimativa; consultar WEO,World Economic Outlook (April 2026)
Reino Unido,GBR,2010,NGDPDPC,39821.429,U.S. dollars per capita,histórico ou estimativa; consultar WEO,World Economic Outlook (April 2026)
Reino Unido,GBR,2011,NGDPDPC,42292.912,U.S. dollars per capita,histórico ou estimativa; consultar WEO,World Economic Outlook (April 2026)
Reino Unido,GBR,2012,NGDPDPC,42695.921,U.S. dollars per capita,histórico ou estimativa; consultar WEO,World Economic Outlook (April 2026)
Reino Unido,GBR,2013,NGDPDPC,43636.03,U.S. dollars per capita,histórico ou estimativa; consultar WEO,World Economic Outlook (April 2026)
Reino Unido,GBR,2014,NGDPDPC,47771.842,U.S. dollars per capita,histórico ou estimativa; consultar WEO,World Economic Outlook (April 2026)
Reino Unido,GBR,2015,NGDPDPC,45266.037,U.S. dollars per capita,histórico ou estimativa; consultar WEO,World Economic Outlook (April 2026)
Reino Unido,GBR,2016,NGDPDPC,41411.645,U.S. dollars per capita,histórico ou estimativa; consultar WEO,World Economic Outlook (April 2026)
Reino Unido,GBR,2017,NGDPDPC,40952.186,U.S. dollars per capita,histórico ou estimativa; consultar WEO,World Economic Outlook (April 2026)
Reino Unido,GBR,2018,NGDPDPC,43760.389,U.S. dollars per capita,histórico ou estimativa; consultar WEO,World Economic Outlook (April 2026)
Reino Unido,GBR,2019,NGDPDPC,43185.922,U.S. dollars per capita,histórico ou estimativa; consultar WEO,World Economic Outlook (April 2026)
Reino Unido,GBR,2020,NGDPDPC,40844.287,U.S. dollars per capita,histórico ou estimativa; consultar WEO,World Economic Outlook (April 2026)
Reino Unido,GBR,2021,NGDPDPC,47707.119,U.S. dollars per capita,histórico ou estimativa; consultar WEO,World Economic Outlook (April 2026)
Reino Unido,GBR,2022,NGDPDPC,47206.385,U.S. dollars per capita,histórico ou estimativa; consultar WEO,World Economic Outlook (April 2026)
Reino Unido,GBR,2023,NGDPDPC,49938.295,U.S. dollars per capita,histórico ou estimativa; consultar WEO,World Economic Outlook (April 2026)
Reino Unido,GBR,2024,NGDPDPC,53338.651,U.S. dollars per capita,histórico ou estimativa; consultar WEO,World Economic Outlook (April 2026)
Reino Unido,GBR,2025,NGDPDPC,57608.214,U.S. dollars per capita,histórico ou estimativa; consultar WEO,World Economic Outlook (April 2026)
Reino Unido,GBR,2026,NGDPDPC,61056.098,U.S. dollars per capita,projeção,World Economic Outlook (April 2026)
Alemanha,DEU,2000,NGDPDPC,24158.215,U.S. dollars per capita,histórico ou estimativa; consultar WEO,World Economic Outlook (April 2026)
Alemanha,DEU,2001,NGDPDPC,24122.365,U.S. dollars per capita,histórico ou estimativa; consultar WEO,World Economic Outlook (April 2026)
Alemanha,DEU,2002,NGDPDPC,25752.683,U.S. dollars per capita,histórico ou estimativa; consultar WEO,World Economic Outlook (April 2026)
Alemanha,DEU,2003,NGDPDPC,31074.429,U.S. dollars per capita,histórico ou estimativa; consultar WEO,World Economic Outlook (April 2026)
Alemanha,DEU,2004,NGDPDPC,35000.452,U.S. dollars per capita,histórico ou estimativa; consultar WEO,World Economic Outlook (April 2026)
Alemanha,DEU,2005,NGDPDPC,35592.346,U.S. dollars per capita,histórico ou estimativa; consultar WEO,World Economic Outlook (April 2026)
Alemanha,DEU,2006,NGDPDPC,37530.238,U.S. dollars per capita,histórico ou estimativa; consultar WEO,World Economic Outlook (April 2026)
Alemanha,DEU,2007,NGDPDPC,43021.701,U.S. dollars per capita,histórico ou estimativa; consultar WEO,World Economic Outlook (April 2026)
Alemanha,DEU,2008,NGDPDPC,47146.711,U.S. dollars per capita,histórico ou estimativa; consultar WEO,World Economic Outlook (April 2026)
Alemanha,DEU,2009,NGDPDPC,43173.674,U.S. dollars per capita,histórico ou estimativa; consultar WEO,World Economic Outlook (April 2026)
Alemanha,DEU,2010,NGDPDPC,43220.097,U.S. dollars per capita,histórico ou estimativa; consultar WEO,World Economic Outlook (April 2026)
Alemanha,DEU,2011,NGDPDPC,47621.991,U.S. dollars per capita,histórico ou estimativa; consultar WEO,World Economic Outlook (April 2026)
Alemanha,DEU,2012,NGDPDPC,44768.64,U.S. dollars per capita,histórico ou estimativa; consultar WEO,World Economic Outlook (April 2026)
Alemanha,DEU,2013,NGDPDPC,47282.485,U.S. dollars per capita,histórico ou estimativa; consultar WEO,World Economic Outlook (April 2026)
Alemanha,DEU,2014,NGDPDPC,49108.051,U.S. dollars per capita,histórico ou estimativa; consultar WEO,World Economic Outlook (April 2026)
Alemanha,DEU,2015,NGDPDPC,42109.327,U.S. dollars per capita,histórico ou estimativa; consultar WEO,World Economic Outlook (April 2026)
Alemanha,DEU,2016,NGDPDPC,43189.577,U.S. dollars per capita,histórico ou estimativa; consultar WEO,World Economic Outlook (April 2026)
Alemanha,DEU,2017,NGDPDPC,45881.456,U.S. dollars per capita,histórico ou estimativa; consultar WEO,World Economic Outlook (April 2026)
Alemanha,DEU,2018,NGDPDPC,49384.527,U.S. dollars per capita,histórico ou estimativa; consultar WEO,World Economic Outlook (April 2026)
Alemanha,DEU,2019,NGDPDPC,48177.607,U.S. dollars per capita,histórico ou estimativa; consultar WEO,World Economic Outlook (April 2026)
Alemanha,DEU,2020,NGDPDPC,47953.683,U.S. dollars per capita,histórico ou estimativa; consultar WEO,World Economic Outlook (April 2026)
Alemanha,DEU,2021,NGDPDPC,53151.541,U.S. dollars per capita,histórico ou estimativa; consultar WEO,World Economic Outlook (April 2026)
Alemanha,DEU,2022,NGDPDPC,50943.628,U.S. dollars per capita,histórico ou estimativa; consultar WEO,World Economic Outlook (April 2026)
Alemanha,DEU,2023,NGDPDPC,54793.074,U.S. dollars per capita,histórico ou estimativa; consultar WEO,World Economic Outlook (April 2026)
Alemanha,DEU,2024,NGDPDPC,56086.903,U.S. dollars per capita,histórico ou estimativa; consultar WEO,World Economic Outlook (April 2026)
Alemanha,DEU,2025,NGDPDPC,60438.79,U.S. dollars per capita,histórico ou estimativa; consultar WEO,World Economic Outlook (April 2026)
Alemanha,DEU,2026,NGDPDPC,65302.893,U.S. dollars per capita,projeção,World Economic Outlook (April 2026)
França,FRA,2000,NGDPDPC,22502.094,U.S. dollars per capita,histórico ou estimativa; consultar WEO,World Economic Outlook (April 2026)
França,FRA,2001,NGDPDPC,22486.945,U.S. dollars per capita,histórico ou estimativa; consultar WEO,World Economic Outlook (April 2026)
França,FRA,2002,NGDPDPC,24295.367,U.S. dollars per capita,histórico ou estimativa; consultar WEO,World Economic Outlook (April 2026)
França,FRA,2003,NGDPDPC,29675.139,U.S. dollars per capita,histórico ou estimativa; consultar WEO,World Economic Outlook (April 2026)
França,FRA,2004,NGDPDPC,33876.29,U.S. dollars per capita,histórico ou estimativa; consultar WEO,World Economic Outlook (April 2026)
França,FRA,2005,NGDPDPC,34964.765,U.S. dollars per capita,histórico ou estimativa; consultar WEO,World Economic Outlook (April 2026)
França,FRA,2006,NGDPDPC,36685.03,U.S. dollars per capita,histórico ou estimativa; consultar WEO,World Economic Outlook (April 2026)
França,FRA,2007,NGDPDPC,41762.59,U.S. dollars per capita,histórico ou estimativa; consultar WEO,World Economic Outlook (April 2026)
França,FRA,2008,NGDPDPC,45753.56,U.S. dollars per capita,histórico ou estimativa; consultar WEO,World Economic Outlook (April 2026)
França,FRA,2009,NGDPDPC,41943.313,U.S. dollars per capita,histórico ou estimativa; consultar WEO,World Economic Outlook (April 2026)
França,FRA,2010,NGDPDPC,40988.558,U.S. dollars per capita,histórico ou estimativa; consultar WEO,World Economic Outlook (April 2026)
França,FRA,2011,NGDPDPC,44197.638,U.S. dollars per capita,histórico ou estimativa; consultar WEO,World Economic Outlook (April 2026)
França,FRA,2012,NGDPDPC,41150.451,U.S. dollars per capita,histórico ou estimativa; consultar WEO,World Economic Outlook (April 2026)
França,FRA,2013,NGDPDPC,42951.716,U.S. dollars per capita,histórico ou estimativa; consultar WEO,World Economic Outlook (April 2026)
França,FRA,2014,NGDPDPC,43277.417,U.S. dollars per capita,histórico ou estimativa; consultar WEO,World Economic Outlook (April 2026)
França,FRA,2015,NGDPDPC,36775.676,U.S. dollars per capita,histórico ou estimativa; consultar WEO,World Economic Outlook (April 2026)
França,FRA,2016,NGDPDPC,37081.496,U.S. dollars per capita,histórico ou estimativa; consultar WEO,World Economic Outlook (April 2026)
França,FRA,2017,NGDPDPC,38756.651,U.S. dollars per capita,histórico ou estimativa; consultar WEO,World Economic Outlook (April 2026)
França,FRA,2018,NGDPDPC,41539.756,U.S. dollars per capita,histórico ou estimativa; consultar WEO,World Economic Outlook (April 2026)
França,FRA,2019,NGDPDPC,40487.302,U.S. dollars per capita,histórico ou estimativa; consultar WEO,World Economic Outlook (April 2026)
França,FRA,2020,NGDPDPC,39230.928,U.S. dollars per capita,histórico ou estimativa; consultar WEO,World Economic Outlook (April 2026)
França,FRA,2021,NGDPDPC,43848.345,U.S. dollars per capita,histórico ou estimativa; consultar WEO,World Economic Outlook (April 2026)
França,FRA,2022,NGDPDPC,41095.77,U.S. dollars per capita,histórico ou estimativa; consultar WEO,World Economic Outlook (April 2026)
França,FRA,2023,NGDPDPC,44749.675,U.S. dollars per capita,histórico ou estimativa; consultar WEO,World Economic Outlook (April 2026)
França,FRA,2024,NGDPDPC,46053.562,U.S. dollars per capita,histórico ou estimativa; consultar WEO,World Economic Outlook (April 2026)
França,FRA,2025,NGDPDPC,48929.949,U.S. dollars per capita,histórico ou estimativa; consultar WEO,World Economic Outlook (April 2026)
França,FRA,2026,NGDPDPC,52083.326,U.S. dollars per capita,projeção,World Economic Outlook (April 2026)
África do Sul,ZAF,2000,NGDPDPC,3382.066,U.S. dollars per capita,histórico ou estimativa; consultar WEO,World Economic Outlook (April 2026)
África do Sul,ZAF,2001,NGDPDPC,2964.029,U.S. dollars per capita,histórico ou estimativa; consultar WEO,World Economic Outlook (April 2026)
África do Sul,ZAF,2002,NGDPDPC,2778.115,U.S. dollars per capita,histórico ou estimativa; consultar WEO,World Economic Outlook (April 2026)
África do Sul,ZAF,2003,NGDPDPC,4191.4,U.S. dollars per capita,histórico ou estimativa; consultar WEO,World Economic Outlook (April 2026)
África do Sul,ZAF,2004,NGDPDPC,5392.861,U.S. dollars per capita,histórico ou estimativa; consultar WEO,World Economic Outlook (April 2026)
África do Sul,ZAF,2005,NGDPDPC,6007.979,U.S. dollars per capita,histórico ou estimativa; consultar WEO,World Economic Outlook (April 2026)
África do Sul,ZAF,2006,NGDPDPC,6250.883,U.S. dollars per capita,histórico ou estimativa; consultar WEO,World Economic Outlook (April 2026)
África do Sul,ZAF,2007,NGDPDPC,6737.429,U.S. dollars per capita,histórico ou estimativa; consultar WEO,World Economic Outlook (April 2026)
África do Sul,ZAF,2008,NGDPDPC,6321.162,U.S. dollars per capita,histórico ou estimativa; consultar WEO,World Economic Outlook (April 2026)
África do Sul,ZAF,2009,NGDPDPC,6521.544,U.S. dollars per capita,histórico ou estimativa; consultar WEO,World Economic Outlook (April 2026)
África do Sul,ZAF,2010,NGDPDPC,8101.967,U.S. dollars per capita,histórico ou estimativa; consultar WEO,World Economic Outlook (April 2026)
África do Sul,ZAF,2011,NGDPDPC,8773.175,U.S. dollars per capita,histórico ou estimativa; consultar WEO,World Economic Outlook (April 2026)
África do Sul,ZAF,2012,NGDPDPC,8176.848,U.S. dollars per capita,histórico ou estimativa; consultar WEO,World Economic Outlook (April 2026)
África do Sul,ZAF,2013,NGDPDPC,7429.047,U.S. dollars per capita,histórico ou estimativa; consultar WEO,World Economic Outlook (April 2026)
África do Sul,ZAF,2014,NGDPDPC,6951.426,U.S. dollars per capita,histórico ou estimativa; consultar WEO,World Economic Outlook (April 2026)
África do Sul,ZAF,2015,NGDPDPC,6227.172,U.S. dollars per capita,histórico ou estimativa; consultar WEO,World Economic Outlook (April 2026)
África do Sul,ZAF,2016,NGDPDPC,5732.033,U.S. dollars per capita,histórico ou estimativa; consultar WEO,World Economic Outlook (April 2026)
África do Sul,ZAF,2017,NGDPDPC,6665.131,U.S. dollars per capita,histórico ou estimativa; consultar WEO,World Economic Outlook (April 2026)
África do Sul,ZAF,2018,NGDPDPC,6979.677,U.S. dollars per capita,histórico ou estimativa; consultar WEO,World Economic Outlook (April 2026)
África do Sul,ZAF,2019,NGDPDPC,6609.723,U.S. dollars per capita,histórico ou estimativa; consultar WEO,World Economic Outlook (April 2026)
África do Sul,ZAF,2020,NGDPDPC,5660.106,U.S. dollars per capita,histórico ou estimativa; consultar WEO,World Economic Outlook (April 2026)
África do Sul,ZAF,2021,NGDPDPC,6970.691,U.S. dollars per capita,histórico ou estimativa; consultar WEO,World Economic Outlook (April 2026)
África do Sul,ZAF,2022,NGDPDPC,6693.779,U.S. dollars per capita,histórico ou estimativa; consultar WEO,World Economic Outlook (April 2026)
África do Sul,ZAF,2023,NGDPDPC,6192.66,U.S. dollars per capita,histórico ou estimativa; consultar WEO,World Economic Outlook (April 2026)
África do Sul,ZAF,2024,NGDPDPC,6434.85,U.S. dollars per capita,histórico ou estimativa; consultar WEO,World Economic Outlook (April 2026)
África do Sul,ZAF,2025,NGDPDPC,6769.156,U.S. dollars per capita,histórico ou estimativa; consultar WEO,World Economic Outlook (April 2026)
África do Sul,ZAF,2026,NGDPDPC,7502.97,U.S. dollars per capita,projeção,World Economic Outlook (April 2026)
Índia,IND,2000,NGDPDPC,442.751,U.S. dollars per capita,histórico ou estimativa; consultar WEO,World Economic Outlook (April 2026)
Índia,IND,2001,NGDPDPC,450.357,U.S. dollars per capita,histórico ou estimativa; consultar WEO,World Economic Outlook (April 2026)
Índia,IND,2002,NGDPDPC,469.149,U.S. dollars per capita,histórico ou estimativa; consultar WEO,World Economic Outlook (April 2026)
Índia,IND,2003,NGDPDPC,544.143,U.S. dollars per capita,histórico ou estimativa; consultar WEO,World Economic Outlook (April 2026)
Índia,IND,2004,NGDPDPC,624.258,U.S. dollars per capita,histórico ou estimativa; consultar WEO,World Economic Outlook (April 2026)
Índia,IND,2005,NGDPDPC,710.489,U.S. dollars per capita,histórico ou estimativa; consultar WEO,World Economic Outlook (April 2026)
Índia,IND,2006,NGDPDPC,801.669,U.S. dollars per capita,histórico ou estimativa; consultar WEO,World Economic Outlook (April 2026)
Índia,IND,2007,NGDPDPC,1021.887,U.S. dollars per capita,histórico ou estimativa; consultar WEO,World Economic Outlook (April 2026)
Índia,IND,2008,NGDPDPC,992.519,U.S. dollars per capita,histórico ou estimativa; consultar WEO,World Economic Outlook (April 2026)
Índia,IND,2009,NGDPDPC,1094.95,U.S. dollars per capita,histórico ou estimativa; consultar WEO,World Economic Outlook (April 2026)
Índia,IND,2010,NGDPDPC,1347.519,U.S. dollars per capita,histórico ou estimativa; consultar WEO,World Economic Outlook (April 2026)
Índia,IND,2011,NGDPDPC,1445.461,U.S. dollars per capita,histórico ou estimativa; consultar WEO,World Economic Outlook (April 2026)
Índia,IND,2012,NGDPDPC,1425.587,U.S. dollars per capita,histórico ou estimativa; consultar WEO,World Economic Outlook (April 2026)
Índia,IND,2013,NGDPDPC,1425.357,U.S. dollars per capita,histórico ou estimativa; consultar WEO,World Economic Outlook (April 2026)
Índia,IND,2014,NGDPDPC,1541.704,U.S. dollars per capita,histórico ou estimativa; consultar WEO,World Economic Outlook (April 2026)
Índia,IND,2015,NGDPDPC,1567.444,U.S. dollars per capita,histórico ou estimativa; consultar WEO,World Economic Outlook (April 2026)
Índia,IND,2016,NGDPDPC,1685.202,U.S. dollars per capita,histórico ou estimativa; consultar WEO,World Economic Outlook (April 2026)
Índia,IND,2017,NGDPDPC,1919.534,U.S. dollars per capita,histórico ou estimativa; consultar WEO,World Economic Outlook (April 2026)
Índia,IND,2018,NGDPDPC,1930.293,U.S. dollars per capita,histórico ou estimativa; consultar WEO,World Economic Outlook (April 2026)
Índia,IND,2019,NGDPDPC,1998.758,U.S. dollars per capita,histórico ou estimativa; consultar WEO,World Economic Outlook (April 2026)
Índia,IND,2020,NGDPDPC,1862.198,U.S. dollars per capita,histórico ou estimativa; consultar WEO,World Economic Outlook (April 2026)
Índia,IND,2021,NGDPDPC,2181.098,U.S. dollars per capita,histórico ou estimativa; consultar WEO,World Economic Outlook (April 2026)
Índia,IND,2022,NGDPDPC,2279.982,U.S. dollars per capita,histórico ou estimativa; consultar WEO,World Economic Outlook (April 2026)
Índia,IND,2023,NGDPDPC,2434.448,U.S. dollars per capita,histórico ou estimativa; consultar WEO,World Economic Outlook (April 2026)
Índia,IND,2024,NGDPDPC,2591.992,U.S. dollars per capita,histórico ou estimativa; consultar WEO,World Economic Outlook (April 2026)
Índia,IND,2025,NGDPDPC,2675.322,U.S. dollars per capita,histórico ou estimativa; consultar WEO,World Economic Outlook (April 2026)
Índia,IND,2026,NGDPDPC,2812.623,U.S. dollars per capita,projeção,World Economic Outlook (April 2026)
Brasil,BRA,2000,PPPGDP,1455.848,Purchasing power parity; billions of international dollars,histórico ou estimativa; consultar WEO,World Economic Outlook (April 2026)
Brasil,BRA,2001,PPPGDP,1509.318,Purchasing power parity; billions of international dollars,histórico ou estimativa; consultar WEO,World Economic Outlook (April 2026)
Brasil,BRA,2002,PPPGDP,1579.574,Purchasing power parity; billions of international dollars,histórico ou estimativa; consultar WEO,World Economic Outlook (April 2026)
Brasil,BRA,2003,PPPGDP,1629.137,Purchasing power parity; billions of international dollars,histórico ou estimativa; consultar WEO,World Economic Outlook (April 2026)
Brasil,BRA,2004,PPPGDP,1769.302,Purchasing power parity; billions of international dollars,histórico ou estimativa; consultar WEO,World Economic Outlook (April 2026)
Brasil,BRA,2005,PPPGDP,1883.216,Purchasing power parity; billions of international dollars,histórico ou estimativa; consultar WEO,World Economic Outlook (April 2026)
Brasil,BRA,2006,PPPGDP,2018.204,Purchasing power parity; billions of international dollars,histórico ou estimativa; consultar WEO,World Economic Outlook (April 2026)
Brasil,BRA,2007,PPPGDP,2198.704,Purchasing power parity; billions of international dollars,histórico ou estimativa; consultar WEO,World Economic Outlook (April 2026)
Brasil,BRA,2008,PPPGDP,2355.228,Purchasing power parity; billions of international dollars,histórico ou estimativa; consultar WEO,World Economic Outlook (April 2026)
Brasil,BRA,2009,PPPGDP,2366.771,Purchasing power parity; billions of international dollars,histórico ou estimativa; consultar WEO,World Economic Outlook (April 2026)
Brasil,BRA,2010,PPPGDP,2575.879,Purchasing power parity; billions of international dollars,histórico ou estimativa; consultar WEO,World Economic Outlook (April 2026)
Brasil,BRA,2011,PPPGDP,2733.512,Purchasing power parity; billions of international dollars,histórico ou estimativa; consultar WEO,World Economic Outlook (April 2026)
Brasil,BRA,2012,PPPGDP,2837.901,Purchasing power parity; billions of international dollars,histórico ou estimativa; consultar WEO,World Economic Outlook (April 2026)
Brasil,BRA,2013,PPPGDP,2972.929,Purchasing power parity; billions of international dollars,histórico ou estimativa; consultar WEO,World Economic Outlook (April 2026)
Brasil,BRA,2014,PPPGDP,3039.952,Purchasing power parity; billions of international dollars,histórico ou estimativa; consultar WEO,World Economic Outlook (April 2026)
Brasil,BRA,2015,PPPGDP,2959.374,Purchasing power parity; billions of international dollars,histórico ou estimativa; consultar WEO,World Economic Outlook (April 2026)
Brasil,BRA,2016,PPPGDP,2889.626,Purchasing power parity; billions of international dollars,histórico ou estimativa; consultar WEO,World Economic Outlook (April 2026)
Brasil,BRA,2017,PPPGDP,2980.287,Purchasing power parity; billions of international dollars,histórico ou estimativa; consultar WEO,World Economic Outlook (April 2026)
Brasil,BRA,2018,PPPGDP,3187.19,Purchasing power parity; billions of international dollars,histórico ou estimativa; consultar WEO,World Economic Outlook (April 2026)
Brasil,BRA,2019,PPPGDP,3333.776,Purchasing power parity; billions of international dollars,histórico ou estimativa; consultar WEO,World Economic Outlook (April 2026)
Brasil,BRA,2020,PPPGDP,3359.777,Purchasing power parity; billions of international dollars,histórico ou estimativa; consultar WEO,World Economic Outlook (April 2026)
Brasil,BRA,2021,PPPGDP,3787.77,Purchasing power parity; billions of international dollars,histórico ou estimativa; consultar WEO,World Economic Outlook (April 2026)
Brasil,BRA,2022,PPPGDP,4179.563,Purchasing power parity; billions of international dollars,histórico ou estimativa; consultar WEO,World Economic Outlook (April 2026)
Brasil,BRA,2023,PPPGDP,4474.703,Purchasing power parity; billions of international dollars,histórico ou estimativa; consultar WEO,World Economic Outlook (April 2026)
Brasil,BRA,2024,PPPGDP,4742.6,Purchasing power parity; billions of international dollars,histórico ou estimativa; consultar WEO,World Economic Outlook (April 2026)
Brasil,BRA,2025,PPPGDP,4988.607,Purchasing power parity; billions of international dollars,histórico ou estimativa; consultar WEO,World Economic Outlook (April 2026)
Brasil,BRA,2026,PPPGDP,5229.586,Purchasing power parity; billions of international dollars,projeção,World Economic Outlook (April 2026)
Estados Unidos,USA,2000,PPPGDP,10250.95,Purchasing power parity; billions of international dollars,histórico ou estimativa; consultar WEO,World Economic Outlook (April 2026)
Estados Unidos,USA,2001,PPPGDP,10581.925,Purchasing power parity; billions of international dollars,histórico ou estimativa; consultar WEO,World Economic Outlook (April 2026)
Estados Unidos,USA,2002,PPPGDP,10929.1,Purchasing power parity; billions of international dollars,histórico ou estimativa; consultar WEO,World Economic Outlook (April 2026)
Estados Unidos,USA,2003,PPPGDP,11456.45,Purchasing power parity; billions of international dollars,histórico ou estimativa; consultar WEO,World Economic Outlook (April 2026)
Estados Unidos,USA,2004,PPPGDP,12217.175,Purchasing power parity; billions of international dollars,histórico ou estimativa; consultar WEO,World Economic Outlook (April 2026)
Estados Unidos,USA,2005,PPPGDP,13039.2,Purchasing power parity; billions of international dollars,histórico ou estimativa; consultar WEO,World Economic Outlook (April 2026)
Estados Unidos,USA,2006,PPPGDP,13815.6,Purchasing power parity; billions of international dollars,histórico ou estimativa; consultar WEO,World Economic Outlook (April 2026)
Estados Unidos,USA,2007,PPPGDP,14474.25,Purchasing power parity; billions of international dollars,histórico ou estimativa; consultar WEO,World Economic Outlook (April 2026)
Estados Unidos,USA,2008,PPPGDP,14769.85,Purchasing power parity; billions of international dollars,histórico ou estimativa; consultar WEO,World Economic Outlook (April 2026)
Estados Unidos,USA,2009,PPPGDP,14478.05,Purchasing power parity; billions of international dollars,histórico ou estimativa; consultar WEO,World Economic Outlook (April 2026)
Estados Unidos,USA,2010,PPPGDP,15048.975,Purchasing power parity; billions of international dollars,histórico ou estimativa; consultar WEO,World Economic Outlook (April 2026)
Estados Unidos,USA,2011,PPPGDP,15599.725,Purchasing power parity; billions of international dollars,histórico ou estimativa; consultar WEO,World Economic Outlook (April 2026)
Estados Unidos,USA,2012,PPPGDP,16253.95,Purchasing power parity; billions of international dollars,histórico ou estimativa; consultar WEO,World Economic Outlook (April 2026)
Estados Unidos,USA,2013,PPPGDP,16880.675,Purchasing power parity; billions of international dollars,histórico ou estimativa; consultar WEO,World Economic Outlook (April 2026)
Estados Unidos,USA,2014,PPPGDP,17608.125,Purchasing power parity; billions of international dollars,histórico ou estimativa; consultar WEO,World Economic Outlook (April 2026)
Estados Unidos,USA,2015,PPPGDP,18295,Purchasing power parity; billions of international dollars,histórico ou estimativa; consultar WEO,World Economic Outlook (April 2026)
Estados Unidos,USA,2016,PPPGDP,18804.9,Purchasing power parity; billions of international dollars,histórico ou estimativa; consultar WEO,World Economic Outlook (April 2026)
Estados Unidos,USA,2017,PPPGDP,19612.1,Purchasing power parity; billions of international dollars,histórico ou estimativa; consultar WEO,World Economic Outlook (April 2026)
Estados Unidos,USA,2018,PPPGDP,20656.525,Purchasing power parity; billions of international dollars,histórico ou estimativa; consultar WEO,World Economic Outlook (April 2026)
Estados Unidos,USA,2019,PPPGDP,21539.975,Purchasing power parity; billions of international dollars,histórico ou estimativa; consultar WEO,World Economic Outlook (April 2026)
Estados Unidos,USA,2020,PPPGDP,21375.275,Purchasing power parity; billions of international dollars,histórico ou estimativa; consultar WEO,World Economic Outlook (April 2026)
Estados Unidos,USA,2021,PPPGDP,23725.65,Purchasing power parity; billions of international dollars,histórico ou estimativa; consultar WEO,World Economic Outlook (April 2026)
Estados Unidos,USA,2022,PPPGDP,26054.6,Purchasing power parity; billions of international dollars,histórico ou estimativa; consultar WEO,World Economic Outlook (April 2026)
Estados Unidos,USA,2023,PPPGDP,27811.5,Purchasing power parity; billions of international dollars,histórico ou estimativa; consultar WEO,World Economic Outlook (April 2026)
Estados Unidos,USA,2024,PPPGDP,29298.025,Purchasing power parity; billions of international dollars,histórico ou estimativa; consultar WEO,World Economic Outlook (April 2026)
Estados Unidos,USA,2025,PPPGDP,30767.075,Purchasing power parity; billions of international dollars,histórico ou estimativa; consultar WEO,World Economic Outlook (April 2026)
Estados Unidos,USA,2026,PPPGDP,32383.92,Purchasing power parity; billions of international dollars,projeção,World Economic Outlook (April 2026)
Colômbia,COL,2000,PPPGDP,261.56,Purchasing power parity; billions of international dollars,histórico ou estimativa; consultar WEO,World Economic Outlook (April 2026)
Colômbia,COL,2001,PPPGDP,271.937,Purchasing power parity; billions of international dollars,histórico ou estimativa; consultar WEO,World Economic Outlook (April 2026)
Colômbia,COL,2002,PPPGDP,283.078,Purchasing power parity; billions of international dollars,histórico ou estimativa; consultar WEO,World Economic Outlook (April 2026)
Colômbia,COL,2003,PPPGDP,299.977,Purchasing power parity; billions of international dollars,histórico ou estimativa; consultar WEO,World Economic Outlook (April 2026)
Colômbia,COL,2004,PPPGDP,324.471,Purchasing power parity; billions of international dollars,histórico ou estimativa; consultar WEO,World Economic Outlook (April 2026)
Colômbia,COL,2005,PPPGDP,349.527,Purchasing power parity; billions of international dollars,histórico ou estimativa; consultar WEO,World Economic Outlook (April 2026)
Colômbia,COL,2006,PPPGDP,384.508,Purchasing power parity; billions of international dollars,histórico ou estimativa; consultar WEO,World Economic Outlook (April 2026)
Colômbia,COL,2007,PPPGDP,421.537,Purchasing power parity; billions of international dollars,histórico ou estimativa; consultar WEO,World Economic Outlook (April 2026)
Colômbia,COL,2008,PPPGDP,443.765,Purchasing power parity; billions of international dollars,histórico ou estimativa; consultar WEO,World Economic Outlook (April 2026)
Colômbia,COL,2009,PPPGDP,451.59,Purchasing power parity; billions of international dollars,histórico ou estimativa; consultar WEO,World Economic Outlook (April 2026)
Colômbia,COL,2010,PPPGDP,477.623,Purchasing power parity; billions of international dollars,histórico ou estimativa; consultar WEO,World Economic Outlook (April 2026)
Colômbia,COL,2011,PPPGDP,521.346,Purchasing power parity; billions of international dollars,histórico ou estimativa; consultar WEO,World Economic Outlook (April 2026)
Colômbia,COL,2012,PPPGDP,551.832,Purchasing power parity; billions of international dollars,histórico ou estimativa; consultar WEO,World Economic Outlook (April 2026)
Colômbia,COL,2013,PPPGDP,590.037,Purchasing power parity; billions of international dollars,histórico ou estimativa; consultar WEO,World Economic Outlook (April 2026)
Colômbia,COL,2014,PPPGDP,627.323,Purchasing power parity; billions of international dollars,histórico ou estimativa; consultar WEO,World Economic Outlook (April 2026)
Colômbia,COL,2015,PPPGDP,651.859,Purchasing power parity; billions of international dollars,histórico ou estimativa; consultar WEO,World Economic Outlook (April 2026)
Colômbia,COL,2016,PPPGDP,671.79,Purchasing power parity; billions of international dollars,histórico ou estimativa; consultar WEO,World Economic Outlook (April 2026)
Colômbia,COL,2017,PPPGDP,693.117,Purchasing power parity; billions of international dollars,histórico ou estimativa; consultar WEO,World Economic Outlook (April 2026)
Colômbia,COL,2018,PPPGDP,747.104,Purchasing power parity; billions of international dollars,histórico ou estimativa; consultar WEO,World Economic Outlook (April 2026)
Colômbia,COL,2019,PPPGDP,807.591,Purchasing power parity; billions of international dollars,histórico ou estimativa; consultar WEO,World Economic Outlook (April 2026)
Colômbia,COL,2020,PPPGDP,785.738,Purchasing power parity; billions of international dollars,histórico ou estimativa; consultar WEO,World Economic Outlook (April 2026)
Colômbia,COL,2021,PPPGDP,906.034,Purchasing power parity; billions of international dollars,histórico ou estimativa; consultar WEO,World Economic Outlook (April 2026)
Colômbia,COL,2022,PPPGDP,1041.594,Purchasing power parity; billions of international dollars,histórico ou estimativa; consultar WEO,World Economic Outlook (April 2026)
Colômbia,COL,2023,PPPGDP,1089.228,Purchasing power parity; billions of international dollars,histórico ou estimativa; consultar WEO,World Economic Outlook (April 2026)
Colômbia,COL,2024,PPPGDP,1132.936,Purchasing power parity; billions of international dollars,histórico ou estimativa; consultar WEO,World Economic Outlook (April 2026)
Colômbia,COL,2025,PPPGDP,1195.855,Purchasing power parity; billions of international dollars,histórico ou estimativa; consultar WEO,World Economic Outlook (April 2026)
Colômbia,COL,2026,PPPGDP,1258.92,Purchasing power parity; billions of international dollars,projeção,World Economic Outlook (April 2026)
Argentina,ARG,2000,PPPGDP,497.66,Purchasing power parity; billions of international dollars,histórico ou estimativa; consultar WEO,World Economic Outlook (April 2026)
Argentina,ARG,2001,PPPGDP,486.43,Purchasing power parity; billions of international dollars,histórico ou estimativa; consultar WEO,World Economic Outlook (April 2026)
Argentina,ARG,2002,PPPGDP,440.172,Purchasing power parity; billions of international dollars,histórico ou estimativa; consultar WEO,World Economic Outlook (April 2026)
Argentina,ARG,2003,PPPGDP,489.059,Purchasing power parity; billions of international dollars,histórico ou estimativa; consultar WEO,World Economic Outlook (April 2026)
Argentina,ARG,2004,PPPGDP,546.962,Purchasing power parity; billions of international dollars,histórico ou estimativa; consultar WEO,World Economic Outlook (April 2026)
Argentina,ARG,2005,PPPGDP,614.047,Purchasing power parity; billions of international dollars,histórico ou estimativa; consultar WEO,World Economic Outlook (April 2026)
Argentina,ARG,2006,PPPGDP,683.921,Purchasing power parity; billions of international dollars,histórico ou estimativa; consultar WEO,World Economic Outlook (April 2026)
Argentina,ARG,2007,PPPGDP,765.725,Purchasing power parity; billions of international dollars,histórico ou estimativa; consultar WEO,World Economic Outlook (April 2026)
Argentina,ARG,2008,PPPGDP,812.141,Purchasing power parity; billions of international dollars,histórico ou estimativa; consultar WEO,World Economic Outlook (April 2026)
Argentina,ARG,2009,PPPGDP,768.787,Purchasing power parity; billions of international dollars,histórico ou estimativa; consultar WEO,World Economic Outlook (April 2026)
Argentina,ARG,2010,PPPGDP,856.919,Purchasing power parity; billions of international dollars,histórico ou estimativa; consultar WEO,World Economic Outlook (April 2026)
Argentina,ARG,2011,PPPGDP,927.11,Purchasing power parity; billions of international dollars,histórico ou estimativa; consultar WEO,World Economic Outlook (April 2026)
Argentina,ARG,2012,PPPGDP,934.679,Purchasing power parity; billions of international dollars,histórico ou estimativa; consultar WEO,World Economic Outlook (April 2026)
Argentina,ARG,2013,PPPGDP,973.452,Purchasing power parity; billions of international dollars,histórico ou estimativa; consultar WEO,World Economic Outlook (April 2026)
Argentina,ARG,2014,PPPGDP,965.522,Purchasing power parity; billions of international dollars,histórico ou estimativa; consultar WEO,World Economic Outlook (April 2026)
Argentina,ARG,2015,PPPGDP,1001.097,Purchasing power parity; billions of international dollars,histórico ou estimativa; consultar WEO,World Economic Outlook (April 2026)
Argentina,ARG,2016,PPPGDP,989.586,Purchasing power parity; billions of international dollars,histórico ou estimativa; consultar WEO,World Economic Outlook (April 2026)
Argentina,ARG,2017,PPPGDP,1035.699,Purchasing power parity; billions of international dollars,histórico ou estimativa; consultar WEO,World Economic Outlook (April 2026)
Argentina,ARG,2018,PPPGDP,1090.043,Purchasing power parity; billions of international dollars,histórico ou estimativa; consultar WEO,World Economic Outlook (April 2026)
Argentina,ARG,2019,PPPGDP,1057.633,Purchasing power parity; billions of international dollars,histórico ou estimativa; consultar WEO,World Economic Outlook (April 2026)
Argentina,ARG,2020,PPPGDP,1011.999,Purchasing power parity; billions of international dollars,histórico ou estimativa; consultar WEO,World Economic Outlook (April 2026)
Argentina,ARG,2021,PPPGDP,1191.725,Purchasing power parity; billions of international dollars,histórico ou estimativa; consultar WEO,World Economic Outlook (April 2026)
Argentina,ARG,2022,PPPGDP,1353.34,Purchasing power parity; billions of international dollars,histórico ou estimativa; consultar WEO,World Economic Outlook (April 2026)
Argentina,ARG,2023,PPPGDP,1377.369,Purchasing power parity; billions of international dollars,histórico ou estimativa; consultar WEO,World Economic Outlook (April 2026)
Argentina,ARG,2024,PPPGDP,1392.607,Purchasing power parity; billions of international dollars,histórico ou estimativa; consultar WEO,World Economic Outlook (April 2026)
Argentina,ARG,2025,PPPGDP,1494.657,Purchasing power parity; billions of international dollars,histórico ou estimativa; consultar WEO,World Economic Outlook (April 2026)
Argentina,ARG,2026,PPPGDP,1591.288,Purchasing power parity; billions of international dollars,projeção,World Economic Outlook (April 2026)
Chile,CHL,2000,PPPGDP,172.104,Purchasing power parity; billions of international dollars,histórico ou estimativa; consultar WEO,World Economic Outlook (April 2026)
Chile,CHL,2001,PPPGDP,181.53,Purchasing power parity; billions of international dollars,histórico ou estimativa; consultar WEO,World Economic Outlook (April 2026)
Chile,CHL,2002,PPPGDP,190.255,Purchasing power parity; billions of international dollars,histórico ou estimativa; consultar WEO,World Economic Outlook (April 2026)
Chile,CHL,2003,PPPGDP,203.175,Purchasing power parity; billions of international dollars,histórico ou estimativa; consultar WEO,World Economic Outlook (April 2026)
Chile,CHL,2004,PPPGDP,222.563,Purchasing power parity; billions of international dollars,histórico ou estimativa; consultar WEO,World Economic Outlook (April 2026)
Chile,CHL,2005,PPPGDP,242.941,Purchasing power parity; billions of international dollars,histórico ou estimativa; consultar WEO,World Economic Outlook (April 2026)
Chile,CHL,2006,PPPGDP,265.584,Purchasing power parity; billions of international dollars,histórico ou estimativa; consultar WEO,World Economic Outlook (April 2026)
Chile,CHL,2007,PPPGDP,286.877,Purchasing power parity; billions of international dollars,histórico ou estimativa; consultar WEO,World Economic Outlook (April 2026)
Chile,CHL,2008,PPPGDP,303.484,Purchasing power parity; billions of international dollars,histórico ou estimativa; consultar WEO,World Economic Outlook (April 2026)
Chile,CHL,2009,PPPGDP,301.942,Purchasing power parity; billions of international dollars,histórico ou estimativa; consultar WEO,World Economic Outlook (April 2026)
Chile,CHL,2010,PPPGDP,323.495,Purchasing power parity; billions of international dollars,histórico ou estimativa; consultar WEO,World Economic Outlook (April 2026)
Chile,CHL,2011,PPPGDP,350.719,Purchasing power parity; billions of international dollars,histórico ou estimativa; consultar WEO,World Economic Outlook (April 2026)
Chile,CHL,2012,PPPGDP,379.239,Purchasing power parity; billions of international dollars,histórico ou estimativa; consultar WEO,World Economic Outlook (April 2026)
Chile,CHL,2013,PPPGDP,398.454,Purchasing power parity; billions of international dollars,histórico ou estimativa; consultar WEO,World Economic Outlook (April 2026)
Chile,CHL,2014,PPPGDP,412.661,Purchasing power parity; billions of international dollars,histórico ou estimativa; consultar WEO,World Economic Outlook (April 2026)
Chile,CHL,2015,PPPGDP,425.453,Purchasing power parity; billions of international dollars,histórico ou estimativa; consultar WEO,World Economic Outlook (April 2026)
Chile,CHL,2016,PPPGDP,437.025,Purchasing power parity; billions of international dollars,histórico ou estimativa; consultar WEO,World Economic Outlook (April 2026)
Chile,CHL,2017,PPPGDP,450.892,Purchasing power parity; billions of international dollars,histórico ou estimativa; consultar WEO,World Economic Outlook (April 2026)
Chile,CHL,2018,PPPGDP,478.094,Purchasing power parity; billions of international dollars,histórico ou estimativa; consultar WEO,World Economic Outlook (April 2026)
Chile,CHL,2019,PPPGDP,491.688,Purchasing power parity; billions of international dollars,histórico ou estimativa; consultar WEO,World Economic Outlook (April 2026)
Chile,CHL,2020,PPPGDP,491.062,Purchasing power parity; billions of international dollars,histórico ou estimativa; consultar WEO,World Economic Outlook (April 2026)
Chile,CHL,2021,PPPGDP,565.938,Purchasing power parity; billions of international dollars,histórico ou estimativa; consultar WEO,World Economic Outlook (April 2026)
Chile,CHL,2022,PPPGDP,619.248,Purchasing power parity; billions of international dollars,histórico ou estimativa; consultar WEO,World Economic Outlook (April 2026)
Chile,CHL,2023,PPPGDP,645.508,Purchasing power parity; billions of international dollars,histórico ou estimativa; consultar WEO,World Economic Outlook (April 2026)
Chile,CHL,2024,PPPGDP,679.026,Purchasing power parity; billions of international dollars,histórico ou estimativa; consultar WEO,World Economic Outlook (April 2026)
Chile,CHL,2025,PPPGDP,714.291,Purchasing power parity; billions of international dollars,histórico ou estimativa; consultar WEO,World Economic Outlook (April 2026)
Chile,CHL,2026,PPPGDP,752.358,Purchasing power parity; billions of international dollars,projeção,World Economic Outlook (April 2026)
México,MEX,2000,PPPGDP,1381.311,Purchasing power parity; billions of international dollars,histórico ou estimativa; consultar WEO,World Economic Outlook (April 2026)
México,MEX,2001,PPPGDP,1406.045,Purchasing power parity; billions of international dollars,histórico ou estimativa; consultar WEO,World Economic Outlook (April 2026)
México,MEX,2002,PPPGDP,1424.517,Purchasing power parity; billions of international dollars,histórico ou estimativa; consultar WEO,World Economic Outlook (April 2026)
México,MEX,2003,PPPGDP,1469.862,Purchasing power parity; billions of international dollars,histórico ou estimativa; consultar WEO,World Economic Outlook (April 2026)
México,MEX,2004,PPPGDP,1563.201,Purchasing power parity; billions of international dollars,histórico ou estimativa; consultar WEO,World Economic Outlook (April 2026)
México,MEX,2005,PPPGDP,1646.29,Purchasing power parity; billions of international dollars,histórico ou estimativa; consultar WEO,World Economic Outlook (April 2026)
México,MEX,2006,PPPGDP,1778.604,Purchasing power parity; billions of international dollars,histórico ou estimativa; consultar WEO,World Economic Outlook (April 2026)
México,MEX,2007,PPPGDP,1864.749,Purchasing power parity; billions of international dollars,histórico ou estimativa; consultar WEO,World Economic Outlook (April 2026)
México,MEX,2008,PPPGDP,1918.602,Purchasing power parity; billions of international dollars,histórico ou estimativa; consultar WEO,World Economic Outlook (April 2026)
México,MEX,2009,PPPGDP,1808.909,Purchasing power parity; billions of international dollars,histórico ou estimativa; consultar WEO,World Economic Outlook (April 2026)
México,MEX,2010,PPPGDP,1921.914,Purchasing power parity; billions of international dollars,histórico ou estimativa; consultar WEO,World Economic Outlook (April 2026)
México,MEX,2011,PPPGDP,2029.125,Purchasing power parity; billions of international dollars,histórico ou estimativa; consultar WEO,World Economic Outlook (April 2026)
México,MEX,2012,PPPGDP,2140.347,Purchasing power parity; billions of international dollars,histórico ou estimativa; consultar WEO,World Economic Outlook (April 2026)
México,MEX,2013,PPPGDP,2195.324,Purchasing power parity; billions of international dollars,histórico ou estimativa; consultar WEO,World Economic Outlook (April 2026)
México,MEX,2014,PPPGDP,2289.484,Purchasing power parity; billions of international dollars,histórico ou estimativa; consultar WEO,World Economic Outlook (April 2026)
México,MEX,2015,PPPGDP,2373.175,Purchasing power parity; billions of international dollars,histórico ou estimativa; consultar WEO,World Economic Outlook (April 2026)
México,MEX,2016,PPPGDP,2438.189,Purchasing power parity; billions of international dollars,histórico ou estimativa; consultar WEO,World Economic Outlook (April 2026)
México,MEX,2017,PPPGDP,2528.308,Purchasing power parity; billions of international dollars,histórico ou estimativa; consultar WEO,World Economic Outlook (April 2026)
México,MEX,2018,PPPGDP,2606.266,Purchasing power parity; billions of international dollars,histórico ou estimativa; consultar WEO,World Economic Outlook (April 2026)
México,MEX,2019,PPPGDP,2636.53,Purchasing power parity; billions of international dollars,histórico ou estimativa; consultar WEO,World Economic Outlook (April 2026)
México,MEX,2020,PPPGDP,2454.085,Purchasing power parity; billions of international dollars,histórico ou estimativa; consultar WEO,World Economic Outlook (April 2026)
México,MEX,2021,PPPGDP,2684.659,Purchasing power parity; billions of international dollars,histórico ou estimativa; consultar WEO,World Economic Outlook (April 2026)
México,MEX,2022,PPPGDP,2982.281,Purchasing power parity; billions of international dollars,histórico ou estimativa; consultar WEO,World Economic Outlook (April 2026)
México,MEX,2023,PPPGDP,3188.708,Purchasing power parity; billions of international dollars,histórico ou estimativa; consultar WEO,World Economic Outlook (April 2026)
México,MEX,2024,PPPGDP,3312.004,Purchasing power parity; billions of international dollars,histórico ou estimativa; consultar WEO,World Economic Outlook (April 2026)
México,MEX,2025,PPPGDP,3425.088,Purchasing power parity; billions of international dollars,histórico ou estimativa; consultar WEO,World Economic Outlook (April 2026)
México,MEX,2026,PPPGDP,3580.952,Purchasing power parity; billions of international dollars,projeção,World Economic Outlook (April 2026)
Peru,PER,2000,PPPGDP,128.974,Purchasing power parity; billions of international dollars,histórico ou estimativa; consultar WEO,World Economic Outlook (April 2026)
Peru,PER,2001,PPPGDP,132.692,Purchasing power parity; billions of international dollars,histórico ou estimativa; consultar WEO,World Economic Outlook (April 2026)
Peru,PER,2002,PPPGDP,142.103,Purchasing power parity; billions of international dollars,histórico ou estimativa; consultar WEO,World Economic Outlook (April 2026)
Peru,PER,2003,PPPGDP,150.944,Purchasing power parity; billions of international dollars,histórico ou estimativa; consultar WEO,World Economic Outlook (April 2026)
Peru,PER,2004,PPPGDP,162.689,Purchasing power parity; billions of international dollars,histórico ou estimativa; consultar WEO,World Economic Outlook (April 2026)
Peru,PER,2005,PPPGDP,178.336,Purchasing power parity; billions of international dollars,histórico ou estimativa; consultar WEO,World Economic Outlook (April 2026)
Peru,PER,2006,PPPGDP,197.676,Purchasing power parity; billions of international dollars,histórico ou estimativa; consultar WEO,World Economic Outlook (April 2026)
Peru,PER,2007,PPPGDP,220.327,Purchasing power parity; billions of international dollars,histórico ou estimativa; consultar WEO,World Economic Outlook (April 2026)
Peru,PER,2008,PPPGDP,245.067,Purchasing power parity; billions of international dollars,histórico ou estimativa; consultar WEO,World Economic Outlook (April 2026)
Peru,PER,2009,PPPGDP,249.28,Purchasing power parity; billions of international dollars,histórico ou estimativa; consultar WEO,World Economic Outlook (April 2026)
Peru,PER,2010,PPPGDP,273.326,Purchasing power parity; billions of international dollars,histórico ou estimativa; consultar WEO,World Economic Outlook (April 2026)
Peru,PER,2011,PPPGDP,296.618,Purchasing power parity; billions of international dollars,histórico ou estimativa; consultar WEO,World Economic Outlook (April 2026)
Peru,PER,2012,PPPGDP,320.692,Purchasing power parity; billions of international dollars,histórico ou estimativa; consultar WEO,World Economic Outlook (April 2026)
Peru,PER,2013,PPPGDP,345.236,Purchasing power parity; billions of international dollars,histórico ou estimativa; consultar WEO,World Economic Outlook (April 2026)
Peru,PER,2014,PPPGDP,359.621,Purchasing power parity; billions of international dollars,histórico ou estimativa; consultar WEO,World Economic Outlook (April 2026)
Peru,PER,2015,PPPGDP,374.759,Purchasing power parity; billions of international dollars,histórico ou estimativa; consultar WEO,World Economic Outlook (April 2026)
Peru,PER,2016,PPPGDP,393.278,Purchasing power parity; billions of international dollars,histórico ou estimativa; consultar WEO,World Economic Outlook (April 2026)
Peru,PER,2017,PPPGDP,410.405,Purchasing power parity; billions of international dollars,histórico ou estimativa; consultar WEO,World Economic Outlook (April 2026)
Peru,PER,2018,PPPGDP,430.776,Purchasing power parity; billions of international dollars,histórico ou estimativa; consultar WEO,World Economic Outlook (April 2026)
Peru,PER,2019,PPPGDP,455.675,Purchasing power parity; billions of international dollars,histórico ou estimativa; consultar WEO,World Economic Outlook (April 2026)
Peru,PER,2020,PPPGDP,430.198,Purchasing power parity; billions of international dollars,histórico ou estimativa; consultar WEO,World Economic Outlook (April 2026)
Peru,PER,2021,PPPGDP,514.677,Purchasing power parity; billions of international dollars,histórico ou estimativa; consultar WEO,World Economic Outlook (April 2026)
Peru,PER,2022,PPPGDP,566.824,Purchasing power parity; billions of international dollars,histórico ou estimativa; consultar WEO,World Economic Outlook (April 2026)
Peru,PER,2023,PPPGDP,585.737,Purchasing power parity; billions of international dollars,histórico ou estimativa; consultar WEO,World Economic Outlook (April 2026)
Peru,PER,2024,PPPGDP,621.37,Purchasing power parity; billions of international dollars,histórico ou estimativa; consultar WEO,World Economic Outlook (April 2026)
Peru,PER,2025,PPPGDP,660.974,Purchasing power parity; billions of international dollars,histórico ou estimativa; consultar WEO,World Economic Outlook (April 2026)
Peru,PER,2026,PPPGDP,699.083,Purchasing power parity; billions of international dollars,projeção,World Economic Outlook (April 2026)
Uruguai,URY,2000,PPPGDP,35.329,Purchasing power parity; billions of international dollars,histórico ou estimativa; consultar WEO,World Economic Outlook (April 2026)
Uruguai,URY,2001,PPPGDP,34.735,Purchasing power parity; billions of international dollars,histórico ou estimativa; consultar WEO,World Economic Outlook (April 2026)
Uruguai,URY,2002,PPPGDP,32.548,Purchasing power parity; billions of international dollars,histórico ou estimativa; consultar WEO,World Economic Outlook (April 2026)
Uruguai,URY,2003,PPPGDP,33.458,Purchasing power parity; billions of international dollars,histórico ou estimativa; consultar WEO,World Economic Outlook (April 2026)
Uruguai,URY,2004,PPPGDP,36.076,Purchasing power parity; billions of international dollars,histórico ou estimativa; consultar WEO,World Economic Outlook (April 2026)
Uruguai,URY,2005,PPPGDP,39.983,Purchasing power parity; billions of international dollars,histórico ou estimativa; consultar WEO,World Economic Outlook (April 2026)
Uruguai,URY,2006,PPPGDP,42.906,Purchasing power parity; billions of international dollars,histórico ou estimativa; consultar WEO,World Economic Outlook (April 2026)
Uruguai,URY,2007,PPPGDP,46.951,Purchasing power parity; billions of international dollars,histórico ou estimativa; consultar WEO,World Economic Outlook (April 2026)
Uruguai,URY,2008,PPPGDP,51.29,Purchasing power parity; billions of international dollars,histórico ou estimativa; consultar WEO,World Economic Outlook (April 2026)
Uruguai,URY,2009,PPPGDP,53.796,Purchasing power parity; billions of international dollars,histórico ou estimativa; consultar WEO,World Economic Outlook (April 2026)
Uruguai,URY,2010,PPPGDP,58.699,Purchasing power parity; billions of international dollars,histórico ou estimativa; consultar WEO,World Economic Outlook (April 2026)
Uruguai,URY,2011,PPPGDP,63.002,Purchasing power parity; billions of international dollars,histórico ou estimativa; consultar WEO,World Economic Outlook (April 2026)
Uruguai,URY,2012,PPPGDP,66.446,Purchasing power parity; billions of international dollars,histórico ou estimativa; consultar WEO,World Economic Outlook (April 2026)
Uruguai,URY,2013,PPPGDP,70.711,Purchasing power parity; billions of international dollars,histórico ou estimativa; consultar WEO,World Economic Outlook (April 2026)
Uruguai,URY,2014,PPPGDP,74.272,Purchasing power parity; billions of international dollars,histórico ou estimativa; consultar WEO,World Economic Outlook (April 2026)
Uruguai,URY,2015,PPPGDP,75.24,Purchasing power parity; billions of international dollars,histórico ou estimativa; consultar WEO,World Economic Outlook (April 2026)
Uruguai,URY,2016,PPPGDP,77.238,Purchasing power parity; billions of international dollars,histórico ou estimativa; consultar WEO,World Economic Outlook (April 2026)
Uruguai,URY,2017,PPPGDP,79.99,Purchasing power parity; billions of international dollars,histórico ou estimativa; consultar WEO,World Economic Outlook (April 2026)
Uruguai,URY,2018,PPPGDP,82.781,Purchasing power parity; billions of international dollars,histórico ou estimativa; consultar WEO,World Economic Outlook (April 2026)
Uruguai,URY,2019,PPPGDP,87.589,Purchasing power parity; billions of international dollars,histórico ou estimativa; consultar WEO,World Economic Outlook (April 2026)
Uruguai,URY,2020,PPPGDP,87.439,Purchasing power parity; billions of international dollars,histórico ou estimativa; consultar WEO,World Economic Outlook (April 2026)
Uruguai,URY,2021,PPPGDP,99.971,Purchasing power parity; billions of international dollars,histórico ou estimativa; consultar WEO,World Economic Outlook (April 2026)
Uruguai,URY,2022,PPPGDP,112.014,Purchasing power parity; billions of international dollars,histórico ou estimativa; consultar WEO,World Economic Outlook (April 2026)
Uruguai,URY,2023,PPPGDP,117.043,Purchasing power parity; billions of international dollars,histórico ou estimativa; consultar WEO,World Economic Outlook (April 2026)
Uruguai,URY,2024,PPPGDP,123.938,Purchasing power parity; billions of international dollars,histórico ou estimativa; consultar WEO,World Economic Outlook (April 2026)
Uruguai,URY,2025,PPPGDP,129.729,Purchasing power parity; billions of international dollars,histórico ou estimativa; consultar WEO,World Economic Outlook (April 2026)
Uruguai,URY,2026,PPPGDP,135.847,Purchasing power parity; billions of international dollars,projeção,World Economic Outlook (April 2026)
Canadá,CAN,2000,PPPGDP,921.798,Purchasing power parity; billions of international dollars,histórico ou estimativa; consultar WEO,World Economic Outlook (April 2026)
Canadá,CAN,2001,PPPGDP,960.227,Purchasing power parity; billions of international dollars,histórico ou estimativa; consultar WEO,World Economic Outlook (April 2026)
Canadá,CAN,2002,PPPGDP,1004.396,Purchasing power parity; billions of international dollars,histórico ou estimativa; consultar WEO,World Economic Outlook (April 2026)
Canadá,CAN,2003,PPPGDP,1042.727,Purchasing power parity; billions of international dollars,histórico ou estimativa; consultar WEO,World Economic Outlook (April 2026)
Canadá,CAN,2004,PPPGDP,1103.876,Purchasing power parity; billions of international dollars,histórico ou estimativa; consultar WEO,World Economic Outlook (April 2026)
Canadá,CAN,2005,PPPGDP,1175.043,Purchasing power parity; billions of international dollars,histórico ou estimativa; consultar WEO,World Economic Outlook (April 2026)
Canadá,CAN,2006,PPPGDP,1243.233,Purchasing power parity; billions of international dollars,histórico ou estimativa; consultar WEO,World Economic Outlook (April 2026)
Canadá,CAN,2007,PPPGDP,1303.091,Purchasing power parity; billions of international dollars,histórico ou estimativa; consultar WEO,World Economic Outlook (April 2026)
Canadá,CAN,2008,PPPGDP,1341.414,Purchasing power parity; billions of international dollars,histórico ou estimativa; consultar WEO,World Economic Outlook (April 2026)
Canadá,CAN,2009,PPPGDP,1310.343,Purchasing power parity; billions of international dollars,histórico ou estimativa; consultar WEO,World Economic Outlook (April 2026)
Canadá,CAN,2010,PPPGDP,1367.261,Purchasing power parity; billions of international dollars,histórico ou estimativa; consultar WEO,World Economic Outlook (April 2026)
Canadá,CAN,2011,PPPGDP,1439.25,Purchasing power parity; billions of international dollars,histórico ou estimativa; consultar WEO,World Economic Outlook (April 2026)
Canadá,CAN,2012,PPPGDP,1491.786,Purchasing power parity; billions of international dollars,histórico ou estimativa; consultar WEO,World Economic Outlook (April 2026)
Canadá,CAN,2013,PPPGDP,1552.463,Purchasing power parity; billions of international dollars,histórico ou estimativa; consultar WEO,World Economic Outlook (April 2026)
Canadá,CAN,2014,PPPGDP,1624.889,Purchasing power parity; billions of international dollars,histórico ou estimativa; consultar WEO,World Economic Outlook (April 2026)
Canadá,CAN,2015,PPPGDP,1650.628,Purchasing power parity; billions of international dollars,histórico ou estimativa; consultar WEO,World Economic Outlook (April 2026)
Canadá,CAN,2016,PPPGDP,1683.619,Purchasing power parity; billions of international dollars,histórico ou estimativa; consultar WEO,World Economic Outlook (April 2026)
Canadá,CAN,2017,PPPGDP,1765.763,Purchasing power parity; billions of international dollars,histórico ou estimativa; consultar WEO,World Economic Outlook (April 2026)
Canadá,CAN,2018,PPPGDP,1852.988,Purchasing power parity; billions of international dollars,histórico ou estimativa; consultar WEO,World Economic Outlook (April 2026)
Canadá,CAN,2019,PPPGDP,1899.695,Purchasing power parity; billions of international dollars,histórico ou estimativa; consultar WEO,World Economic Outlook (April 2026)
Canadá,CAN,2020,PPPGDP,1847.839,Purchasing power parity; billions of international dollars,histórico ou estimativa; consultar WEO,World Economic Outlook (April 2026)
Canadá,CAN,2021,PPPGDP,2148.927,Purchasing power parity; billions of international dollars,histórico ou estimativa; consultar WEO,World Economic Outlook (April 2026)
Canadá,CAN,2022,PPPGDP,2409.845,Purchasing power parity; billions of international dollars,histórico ou estimativa; consultar WEO,World Economic Outlook (April 2026)
Canadá,CAN,2023,PPPGDP,2547.818,Purchasing power parity; billions of international dollars,histórico ou estimativa; consultar WEO,World Economic Outlook (April 2026)
Canadá,CAN,2024,PPPGDP,2664.499,Purchasing power parity; billions of international dollars,histórico ou estimativa; consultar WEO,World Economic Outlook (April 2026)
Canadá,CAN,2025,PPPGDP,2787.835,Purchasing power parity; billions of international dollars,histórico ou estimativa; consultar WEO,World Economic Outlook (April 2026)
Canadá,CAN,2026,PPPGDP,2910.718,Purchasing power parity; billions of international dollars,projeção,World Economic Outlook (April 2026)
Reino Unido,GBR,2000,PPPGDP,1662.305,Purchasing power parity; billions of international dollars,histórico ou estimativa; consultar WEO,World Economic Outlook (April 2026)
Reino Unido,GBR,2001,PPPGDP,1740.375,Purchasing power parity; billions of international dollars,histórico ou estimativa; consultar WEO,World Economic Outlook (April 2026)
Reino Unido,GBR,2002,PPPGDP,1797.627,Purchasing power parity; billions of international dollars,histórico ou estimativa; consultar WEO,World Economic Outlook (April 2026)
Reino Unido,GBR,2003,PPPGDP,1892.115,Purchasing power parity; billions of international dollars,histórico ou estimativa; consultar WEO,World Economic Outlook (April 2026)
Reino Unido,GBR,2004,PPPGDP,1988.186,Purchasing power parity; billions of international dollars,histórico ou estimativa; consultar WEO,World Economic Outlook (April 2026)
Reino Unido,GBR,2005,PPPGDP,2107.755,Purchasing power parity; billions of international dollars,histórico ou estimativa; consultar WEO,World Economic Outlook (April 2026)
Reino Unido,GBR,2006,PPPGDP,2220.336,Purchasing power parity; billions of international dollars,histórico ou estimativa; consultar WEO,World Economic Outlook (April 2026)
Reino Unido,GBR,2007,PPPGDP,2347.33,Purchasing power parity; billions of international dollars,histórico ou estimativa; consultar WEO,World Economic Outlook (April 2026)
Reino Unido,GBR,2008,PPPGDP,2391.367,Purchasing power parity; billions of international dollars,histórico ou estimativa; consultar WEO,World Economic Outlook (April 2026)
Reino Unido,GBR,2009,PPPGDP,2295.737,Purchasing power parity; billions of international dollars,histórico ou estimativa; consultar WEO,World Economic Outlook (April 2026)
Reino Unido,GBR,2010,PPPGDP,2376.165,Purchasing power parity; billions of international dollars,histórico ou estimativa; consultar WEO,World Economic Outlook (April 2026)
Reino Unido,GBR,2011,PPPGDP,2445.841,Purchasing power parity; billions of international dollars,histórico ou estimativa; consultar WEO,World Economic Outlook (April 2026)
Reino Unido,GBR,2012,PPPGDP,2529.455,Purchasing power parity; billions of international dollars,histórico ou estimativa; consultar WEO,World Economic Outlook (April 2026)
Reino Unido,GBR,2013,PPPGDP,2616.715,Purchasing power parity; billions of international dollars,histórico ou estimativa; consultar WEO,World Economic Outlook (April 2026)
Reino Unido,GBR,2014,PPPGDP,2746.423,Purchasing power parity; billions of international dollars,histórico ou estimativa; consultar WEO,World Economic Outlook (April 2026)
Reino Unido,GBR,2015,PPPGDP,2831.242,Purchasing power parity; billions of international dollars,histórico ou estimativa; consultar WEO,World Economic Outlook (April 2026)
Reino Unido,GBR,2016,PPPGDP,2921.21,Purchasing power parity; billions of international dollars,histórico ou estimativa; consultar WEO,World Economic Outlook (April 2026)
Reino Unido,GBR,2017,PPPGDP,3063.422,Purchasing power parity; billions of international dollars,histórico ou estimativa; consultar WEO,World Economic Outlook (April 2026)
Reino Unido,GBR,2018,PPPGDP,3157.647,Purchasing power parity; billions of international dollars,histórico ou estimativa; consultar WEO,World Economic Outlook (April 2026)
Reino Unido,GBR,2019,PPPGDP,3364.31,Purchasing power parity; billions of international dollars,histórico ou estimativa; consultar WEO,World Economic Outlook (April 2026)
Reino Unido,GBR,2020,PPPGDP,3251.564,Purchasing power parity; billions of international dollars,histórico ou estimativa; consultar WEO,World Economic Outlook (April 2026)
Reino Unido,GBR,2021,PPPGDP,3601.593,Purchasing power parity; billions of international dollars,histórico ou estimativa; consultar WEO,World Economic Outlook (April 2026)
Reino Unido,GBR,2022,PPPGDP,4056.416,Purchasing power parity; billions of international dollars,histórico ou estimativa; consultar WEO,World Economic Outlook (April 2026)
Reino Unido,GBR,2023,PPPGDP,4217.932,Purchasing power parity; billions of international dollars,histórico ou estimativa; consultar WEO,World Economic Outlook (April 2026)
Reino Unido,GBR,2024,PPPGDP,4369.68,Purchasing power parity; billions of international dollars,histórico ou estimativa; consultar WEO,World Economic Outlook (April 2026)
Reino Unido,GBR,2025,PPPGDP,4553.105,Purchasing power parity; billions of international dollars,histórico ou estimativa; consultar WEO,World Economic Outlook (April 2026)
Reino Unido,GBR,2026,PPPGDP,4720.863,Purchasing power parity; billions of international dollars,projeção,World Economic Outlook (April 2026)
Alemanha,DEU,2000,PPPGDP,2609.614,Purchasing power parity; billions of international dollars,histórico ou estimativa; consultar WEO,World Economic Outlook (April 2026)
Alemanha,DEU,2001,PPPGDP,2712.124,Purchasing power parity; billions of international dollars,histórico ou estimativa; consultar WEO,World Economic Outlook (April 2026)
Alemanha,DEU,2002,PPPGDP,2747.819,Purchasing power parity; billions of international dollars,histórico ou estimativa; consultar WEO,World Economic Outlook (April 2026)
Alemanha,DEU,2003,PPPGDP,2787.215,Purchasing power parity; billions of international dollars,histórico ou estimativa; consultar WEO,World Economic Outlook (April 2026)
Alemanha,DEU,2004,PPPGDP,2895.514,Purchasing power parity; billions of international dollars,histórico ou estimativa; consultar WEO,World Economic Outlook (April 2026)
Alemanha,DEU,2005,PPPGDP,3012.853,Purchasing power parity; billions of international dollars,histórico ou estimativa; consultar WEO,World Economic Outlook (April 2026)
Alemanha,DEU,2006,PPPGDP,3225.545,Purchasing power parity; billions of international dollars,histórico ou estimativa; consultar WEO,World Economic Outlook (April 2026)
Alemanha,DEU,2007,PPPGDP,3408.747,Purchasing power parity; billions of international dollars,histórico ou estimativa; consultar WEO,World Economic Outlook (April 2026)
Alemanha,DEU,2008,PPPGDP,3505.278,Purchasing power parity; billions of international dollars,histórico ou estimativa; consultar WEO,World Economic Outlook (April 2026)
Alemanha,DEU,2009,PPPGDP,3331.14,Purchasing power parity; billions of international dollars,histórico ou estimativa; consultar WEO,World Economic Outlook (April 2026)
Alemanha,DEU,2010,PPPGDP,3511.345,Purchasing power parity; billions of international dollars,histórico ou estimativa; consultar WEO,World Economic Outlook (April 2026)
Alemanha,DEU,2011,PPPGDP,3718.462,Purchasing power parity; billions of international dollars,histórico ou estimativa; consultar WEO,World Economic Outlook (April 2026)
Alemanha,DEU,2012,PPPGDP,3805.35,Purchasing power parity; billions of international dollars,histórico ou estimativa; consultar WEO,World Economic Outlook (April 2026)
Alemanha,DEU,2013,PPPGDP,3885.387,Purchasing power parity; billions of international dollars,histórico ou estimativa; consultar WEO,World Economic Outlook (April 2026)
Alemanha,DEU,2014,PPPGDP,4039.125,Purchasing power parity; billions of international dollars,histórico ou estimativa; consultar WEO,World Economic Outlook (April 2026)
Alemanha,DEU,2015,PPPGDP,4144.409,Purchasing power parity; billions of international dollars,histórico ou estimativa; consultar WEO,World Economic Outlook (April 2026)
Alemanha,DEU,2016,PPPGDP,4276.557,Purchasing power parity; billions of international dollars,histórico ou estimativa; consultar WEO,World Economic Outlook (April 2026)
Alemanha,DEU,2017,PPPGDP,4475.279,Purchasing power parity; billions of international dollars,histórico ou estimativa; consultar WEO,World Economic Outlook (April 2026)
Alemanha,DEU,2018,PPPGDP,4669.306,Purchasing power parity; billions of international dollars,histórico ou estimativa; consultar WEO,World Economic Outlook (April 2026)
Alemanha,DEU,2019,PPPGDP,4928.323,Purchasing power parity; billions of international dollars,histórico ou estimativa; consultar WEO,World Economic Outlook (April 2026)
Alemanha,DEU,2020,PPPGDP,4881.924,Purchasing power parity; billions of international dollars,histórico ou estimativa; consultar WEO,World Economic Outlook (April 2026)
Alemanha,DEU,2021,PPPGDP,5245.574,Purchasing power parity; billions of international dollars,histórico ou estimativa; consultar WEO,World Economic Outlook (April 2026)
Alemanha,DEU,2022,PPPGDP,5720.184,Purchasing power parity; billions of international dollars,histórico ou estimativa; consultar WEO,World Economic Outlook (April 2026)
Alemanha,DEU,2023,PPPGDP,5880.111,Purchasing power parity; billions of international dollars,histórico ou estimativa; consultar WEO,World Economic Outlook (April 2026)
Alemanha,DEU,2024,PPPGDP,5996.196,Purchasing power parity; billions of international dollars,histórico ou estimativa; consultar WEO,World Economic Outlook (April 2026)
Alemanha,DEU,2025,PPPGDP,6181.073,Purchasing power parity; billions of international dollars,histórico ou estimativa; consultar WEO,World Economic Outlook (April 2026)
Alemanha,DEU,2026,PPPGDP,6408.42,Purchasing power parity; billions of international dollars,projeção,World Economic Outlook (April 2026)
França,FRA,2000,PPPGDP,1743.459,Purchasing power parity; billions of international dollars,histórico ou estimativa; consultar WEO,World Economic Outlook (April 2026)
França,FRA,2001,PPPGDP,1815.553,Purchasing power parity; billions of international dollars,histórico ou estimativa; consultar WEO,World Economic Outlook (April 2026)
França,FRA,2002,PPPGDP,1864.48,Purchasing power parity; billions of international dollars,histórico ou estimativa; consultar WEO,World Economic Outlook (April 2026)
França,FRA,2003,PPPGDP,1920.114,Purchasing power parity; billions of international dollars,histórico ou estimativa; consultar WEO,World Economic Outlook (April 2026)
França,FRA,2004,PPPGDP,2021.521,Purchasing power parity; billions of international dollars,histórico ou estimativa; consultar WEO,World Economic Outlook (April 2026)
França,FRA,2005,PPPGDP,2126.282,Purchasing power parity; billions of international dollars,histórico ou estimativa; consultar WEO,World Economic Outlook (April 2026)
França,FRA,2006,PPPGDP,2256.091,Purchasing power parity; billions of international dollars,histórico ou estimativa; consultar WEO,World Economic Outlook (April 2026)
França,FRA,2007,PPPGDP,2374.773,Purchasing power parity; billions of international dollars,histórico ou estimativa; consultar WEO,World Economic Outlook (April 2026)
França,FRA,2008,PPPGDP,2426.877,Purchasing power parity; billions of international dollars,histórico ou estimativa; consultar WEO,World Economic Outlook (April 2026)
França,FRA,2009,PPPGDP,2375.172,Purchasing power parity; billions of international dollars,histórico ou estimativa; consultar WEO,World Economic Outlook (April 2026)
França,FRA,2010,PPPGDP,2448.236,Purchasing power parity; billions of international dollars,histórico ou estimativa; consultar WEO,World Economic Outlook (April 2026)
França,FRA,2011,PPPGDP,2560.809,Purchasing power parity; billions of international dollars,histórico ou estimativa; consultar WEO,World Economic Outlook (April 2026)
França,FRA,2012,PPPGDP,2614.465,Purchasing power parity; billions of international dollars,histórico ou estimativa; consultar WEO,World Economic Outlook (April 2026)
França,FRA,2013,PPPGDP,2683.596,Purchasing power parity; billions of international dollars,histórico ou estimativa; consultar WEO,World Economic Outlook (April 2026)
França,FRA,2014,PPPGDP,2757.618,Purchasing power parity; billions of international dollars,histórico ou estimativa; consultar WEO,World Economic Outlook (April 2026)
França,FRA,2015,PPPGDP,2810.992,Purchasing power parity; billions of international dollars,histórico ou estimativa; consultar WEO,World Economic Outlook (April 2026)
França,FRA,2016,PPPGDP,2858.554,Purchasing power parity; billions of international dollars,histórico ou estimativa; consultar WEO,World Economic Outlook (April 2026)
França,FRA,2017,PPPGDP,2975.79,Purchasing power parity; billions of international dollars,histórico ou estimativa; consultar WEO,World Economic Outlook (April 2026)
França,FRA,2018,PPPGDP,3114.876,Purchasing power parity; billions of international dollars,histórico ou estimativa; consultar WEO,World Economic Outlook (April 2026)
França,FRA,2019,PPPGDP,3445.275,Purchasing power parity; billions of international dollars,histórico ou estimativa; consultar WEO,World Economic Outlook (April 2026)
França,FRA,2020,PPPGDP,3345.026,Purchasing power parity; billions of international dollars,histórico ou estimativa; consultar WEO,World Economic Outlook (April 2026)
França,FRA,2021,PPPGDP,3656.802,Purchasing power parity; billions of international dollars,histórico ou estimativa; consultar WEO,World Economic Outlook (April 2026)
França,FRA,2022,PPPGDP,4026.451,Purchasing power parity; billions of international dollars,histórico ou estimativa; consultar WEO,World Economic Outlook (April 2026)
França,FRA,2023,PPPGDP,4243.08,Purchasing power parity; billions of international dollars,histórico ou estimativa; consultar WEO,World Economic Outlook (April 2026)
França,FRA,2024,PPPGDP,4396.548,Purchasing power parity; billions of international dollars,histórico ou estimativa; consultar WEO,World Economic Outlook (April 2026)
França,FRA,2025,PPPGDP,4563.23,Purchasing power parity; billions of international dollars,histórico ou estimativa; consultar WEO,World Economic Outlook (April 2026)
França,FRA,2026,PPPGDP,4734.241,Purchasing power parity; billions of international dollars,projeção,World Economic Outlook (April 2026)
África do Sul,ZAF,2000,PPPGDP,361.576,Purchasing power parity; billions of international dollars,histórico ou estimativa; consultar WEO,World Economic Outlook (April 2026)
África do Sul,ZAF,2001,PPPGDP,379.7,Purchasing power parity; billions of international dollars,histórico ou estimativa; consultar WEO,World Economic Outlook (April 2026)
África do Sul,ZAF,2002,PPPGDP,399.869,Purchasing power parity; billions of international dollars,histórico ou estimativa; consultar WEO,World Economic Outlook (April 2026)
África do Sul,ZAF,2003,PPPGDP,419.789,Purchasing power parity; billions of international dollars,histórico ou estimativa; consultar WEO,World Economic Outlook (April 2026)
África do Sul,ZAF,2004,PPPGDP,450.71,Purchasing power parity; billions of international dollars,histórico ou estimativa; consultar WEO,World Economic Outlook (April 2026)
África do Sul,ZAF,2005,PPPGDP,489.373,Purchasing power parity; billions of international dollars,histórico ou estimativa; consultar WEO,World Economic Outlook (April 2026)
África do Sul,ZAF,2006,PPPGDP,532.734,Purchasing power parity; billions of international dollars,histórico ou estimativa; consultar WEO,World Economic Outlook (April 2026)
África do Sul,ZAF,2007,PPPGDP,576.498,Purchasing power parity; billions of international dollars,histórico ou estimativa; consultar WEO,World Economic Outlook (April 2026)
África do Sul,ZAF,2008,PPPGDP,606.355,Purchasing power parity; billions of international dollars,histórico ou estimativa; consultar WEO,World Economic Outlook (April 2026)
África do Sul,ZAF,2009,PPPGDP,600.711,Purchasing power parity; billions of international dollars,histórico ou estimativa; consultar WEO,World Economic Outlook (April 2026)
África do Sul,ZAF,2010,PPPGDP,626.493,Purchasing power parity; billions of international dollars,histórico ou estimativa; consultar WEO,World Economic Outlook (April 2026)
África do Sul,ZAF,2011,PPPGDP,659.68,Purchasing power parity; billions of international dollars,histórico ou estimativa; consultar WEO,World Economic Outlook (April 2026)
África do Sul,ZAF,2012,PPPGDP,688.064,Purchasing power parity; billions of international dollars,histórico ou estimativa; consultar WEO,World Economic Outlook (April 2026)
África do Sul,ZAF,2013,PPPGDP,717.168,Purchasing power parity; billions of international dollars,histórico ou estimativa; consultar WEO,World Economic Outlook (April 2026)
África do Sul,ZAF,2014,PPPGDP,739.975,Purchasing power parity; billions of international dollars,histórico ou estimativa; consultar WEO,World Economic Outlook (April 2026)
África do Sul,ZAF,2015,PPPGDP,756.715,Purchasing power parity; billions of international dollars,histórico ou estimativa; consultar WEO,World Economic Outlook (April 2026)
África do Sul,ZAF,2016,PPPGDP,768.982,Purchasing power parity; billions of international dollars,histórico ou estimativa; consultar WEO,World Economic Outlook (April 2026)
África do Sul,ZAF,2017,PPPGDP,791.817,Purchasing power parity; billions of international dollars,histórico ou estimativa; consultar WEO,World Economic Outlook (April 2026)
África do Sul,ZAF,2018,PPPGDP,782.329,Purchasing power parity; billions of international dollars,histórico ou estimativa; consultar WEO,World Economic Outlook (April 2026)
África do Sul,ZAF,2019,PPPGDP,796.183,Purchasing power parity; billions of international dollars,histórico ou estimativa; consultar WEO,World Economic Outlook (April 2026)
África do Sul,ZAF,2020,PPPGDP,767.391,Purchasing power parity; billions of international dollars,histórico ou estimativa; consultar WEO,World Economic Outlook (April 2026)
África do Sul,ZAF,2021,PPPGDP,841.476,Purchasing power parity; billions of international dollars,histórico ou estimativa; consultar WEO,World Economic Outlook (April 2026)
África do Sul,ZAF,2022,PPPGDP,919.876,Purchasing power parity; billions of international dollars,histórico ou estimativa; consultar WEO,World Economic Outlook (April 2026)
África do Sul,ZAF,2023,PPPGDP,961.601,Purchasing power parity; billions of international dollars,histórico ou estimativa; consultar WEO,World Economic Outlook (April 2026)
África do Sul,ZAF,2024,PPPGDP,990.744,Purchasing power parity; billions of international dollars,histórico ou estimativa; consultar WEO,World Economic Outlook (April 2026)
África do Sul,ZAF,2025,PPPGDP,1030.205,Purchasing power parity; billions of international dollars,histórico ou estimativa; consultar WEO,World Economic Outlook (April 2026)
África do Sul,ZAF,2026,PPPGDP,1070.835,Purchasing power parity; billions of international dollars,projeção,World Economic Outlook (April 2026)
Índia,IND,2000,PPPGDP,1968.569,Purchasing power parity; billions of international dollars,histórico ou estimativa; consultar WEO,World Economic Outlook (April 2026)
Índia,IND,2001,PPPGDP,2109.995,Purchasing power parity; billions of international dollars,histórico ou estimativa; consultar WEO,World Economic Outlook (April 2026)
Índia,IND,2002,PPPGDP,2224.292,Purchasing power parity; billions of international dollars,histórico ou estimativa; consultar WEO,World Economic Outlook (April 2026)
Índia,IND,2003,PPPGDP,2446.496,Purchasing power parity; billions of international dollars,histórico ou estimativa; consultar WEO,World Economic Outlook (April 2026)
Índia,IND,2004,PPPGDP,2711.326,Purchasing power parity; billions of international dollars,histórico ou estimativa; consultar WEO,World Economic Outlook (April 2026)
Índia,IND,2005,PPPGDP,3017.913,Purchasing power parity; billions of international dollars,histórico ou estimativa; consultar WEO,World Economic Outlook (April 2026)
Índia,IND,2006,PPPGDP,3361.754,Purchasing power parity; billions of international dollars,histórico ou estimativa; consultar WEO,World Economic Outlook (April 2026)
Índia,IND,2007,PPPGDP,3717.347,Purchasing power parity; billions of international dollars,histórico ou estimativa; consultar WEO,World Economic Outlook (April 2026)
Índia,IND,2008,PPPGDP,3905.909,Purchasing power parity; billions of international dollars,histórico ou estimativa; consultar WEO,World Economic Outlook (April 2026)
Índia,IND,2009,PPPGDP,4238.973,Purchasing power parity; billions of international dollars,histórico ou estimativa; consultar WEO,World Economic Outlook (April 2026)
Índia,IND,2010,PPPGDP,4655.083,Purchasing power parity; billions of international dollars,histórico ou estimativa; consultar WEO,World Economic Outlook (April 2026)
Índia,IND,2011,PPPGDP,5000.148,Purchasing power parity; billions of international dollars,histórico ou estimativa; consultar WEO,World Economic Outlook (April 2026)
Índia,IND,2012,PPPGDP,5371.155,Purchasing power parity; billions of international dollars,histórico ou estimativa; consultar WEO,World Economic Outlook (April 2026)
Índia,IND,2013,PPPGDP,5811.417,Purchasing power parity; billions of international dollars,histórico ou estimativa; consultar WEO,World Economic Outlook (April 2026)
Índia,IND,2014,PPPGDP,6350.774,Purchasing power parity; billions of international dollars,histórico ou estimativa; consultar WEO,World Economic Outlook (April 2026)
Índia,IND,2015,PPPGDP,6922.249,Purchasing power parity; billions of international dollars,histórico ou estimativa; consultar WEO,World Economic Outlook (April 2026)
Índia,IND,2016,PPPGDP,7564.98,Purchasing power parity; billions of international dollars,histórico ou estimativa; consultar WEO,World Economic Outlook (April 2026)
Índia,IND,2017,PPPGDP,8223.736,Purchasing power parity; billions of international dollars,histórico ou estimativa; consultar WEO,World Economic Outlook (April 2026)
Índia,IND,2018,PPPGDP,9061.964,Purchasing power parity; billions of international dollars,histórico ou estimativa; consultar WEO,World Economic Outlook (April 2026)
Índia,IND,2019,PPPGDP,9725.232,Purchasing power parity; billions of international dollars,histórico ou estimativa; consultar WEO,World Economic Outlook (April 2026)
Índia,IND,2020,PPPGDP,9541.256,Purchasing power parity; billions of international dollars,histórico ou estimativa; consultar WEO,World Economic Outlook (April 2026)
Índia,IND,2021,PPPGDP,11086.92,Purchasing power parity; billions of international dollars,histórico ou estimativa; consultar WEO,World Economic Outlook (April 2026)
Índia,IND,2022,PPPGDP,12779.117,Purchasing power parity; billions of international dollars,histórico ou estimativa; consultar WEO,World Economic Outlook (April 2026)
Índia,IND,2023,PPPGDP,14207.444,Purchasing power parity; billions of international dollars,histórico ou estimativa; consultar WEO,World Economic Outlook (April 2026)
Índia,IND,2024,PPPGDP,15593.814,Purchasing power parity; billions of international dollars,histórico ou estimativa; consultar WEO,World Economic Outlook (April 2026)
Índia,IND,2025,PPPGDP,17257.883,Purchasing power parity; billions of international dollars,histórico ou estimativa; consultar WEO,World Economic Outlook (April 2026)
Índia,IND,2026,PPPGDP,18902.32,Purchasing power parity; billions of international dollars,projeção,World Economic Outlook (April 2026)
